{
  "meta": {
    "track": "alpha-D",
    "phase": "4B",
    "max_n": 3,
    "targets": {
      "K_alpha_137.036": 137.035999084,
      "K/pi_43.6199": 43.619913271510086,
      "B_42": 42.0,
      "F_pi2/6": 1.6449340668482264,
      "Delta_1/40": 0.025,
      "B+F_43.6449": 43.64493406684823,
      "B+F-Delta_43.6199": 43.61993406684823,
      "pi*(B+F-Delta)_137.0357": 137.03606441448156
    },
    "mpmath_dps": 50
  },
  "s3_graph": {
    "nodes": [
      [
        1,
        0,
        0
      ],
      [
        2,
        0,
        0
      ],
      [
        2,
        1,
        -1
      ],
      [
        2,
        1,
        0
      ],
      [
        2,
        1,
        1
      ],
      [
        3,
        0,
        0
      ],
      [
        3,
        1,
        -1
      ],
      [
        3,
        1,
        0
      ],
      [
        3,
        1,
        1
      ],
      [
        3,
        2,
        -2
      ],
      [
        3,
        2,
        -1
      ],
      [
        3,
        2,
        0
      ],
      [
        3,
        2,
        1
      ],
      [
        3,
        2,
        2
      ]
    ],
    "n_nodes": 14,
    "edges": [
      [
        0,
        1
      ],
      [
        1,
        5
      ],
      [
        2,
        3
      ],
      [
        2,
        6
      ],
      [
        3,
        4
      ],
      [
        3,
        7
      ],
      [
        4,
        8
      ],
      [
        6,
        7
      ],
      [
        7,
        8
      ],
      [
        9,
        10
      ],
      [
        10,
        11
      ],
      [
        11,
        12
      ],
      [
        12,
        13
      ]
    ],
    "n_edges": 13,
    "degree_sequence": [
      1,
      2,
      2,
      3,
      2,
      1,
      2,
      3,
      2,
      1,
      2,
      2,
      2,
      1
    ]
  },
  "s3_invariants": {
    "name": "S3 (n_max=3)",
    "n_nodes": 14,
    "zero_modes": 3,
    "n_nonzero_eigs": 11,
    "eigenvalues": [
      0.0,
      0.0,
      0.0,
      0.3819660112501052,
      0.9999999999999998,
      1.0000000000000007,
      1.3819660112501049,
      1.999999999999999,
      2.6180339887498953,
      3.0,
      3.0,
      3.0000000000000004,
      3.6180339887498945,
      4.999999999999999
    ],
    "trace": 26.0,
    "zeta_1": 7.699999999999999,
    "zeta_2": 10.223333333333331,
    "zeta_3": 20.644111111111105,
    "zeta_1_str": "7.6999999999999995077",
    "logdet_prime": 7.2078598714324755,
    "logdet_prime_str": "7.2078598714324750865",
    "det_prime": 1350.0,
    "alg_connectivity": 0.3819660112501052,
    "largest_eig": 4.999999999999999,
    "spectral_entropy": 2.2360712934207645
  },
  "s2_quotient": {
    "sectors": [
      [
        1,
        0
      ],
      [
        2,
        0
      ],
      [
        2,
        1
      ],
      [
        3,
        0
      ],
      [
        3,
        1
      ],
      [
        3,
        2
      ]
    ],
    "sector_weights": {
      "[1, 0]": 1,
      "[2, 0]": 1,
      "[2, 1]": 3,
      "[3, 0]": 1,
      "[3, 1]": 3,
      "[3, 2]": 5
    },
    "A_S2": [
      [
        0.0,
        1.0,
        0.0,
        0.0,
        0.0,
        0.0
      ],
      [
        1.0,
        0.0,
        0.0,
        1.0,
        0.0,
        0.0
      ],
      [
        0.0,
        0.0,
        0.0,
        0.0,
        3.0,
        0.0
      ],
      [
        0.0,
        1.0,
        0.0,
        0.0,
        0.0,
        0.0
      ],
      [
        0.0,
        0.0,
        3.0,
        0.0,
        0.0,
        0.0
      ],
      [
        0.0,
        0.0,
        0.0,
        0.0,
        0.0,
        0.0
      ]
    ],
    "intra_sector_edge_counts": [
      0.0,
      0.0,
      2.0,
      0.0,
      2.0,
      4.0
    ],
    "description": "Nodes are (n,l). Off-diagonal entries = # of S^3 edges crossing sectors. Intra_sector_edge_counts records the # of angular L+/- edges inside each sector (which become the S^1 fiber)."
  },
  "s2_invariants": {
    "name": "S2 quotient (n_max=3)",
    "n_nodes": 6,
    "zero_modes": 3,
    "n_nonzero_eigs": 3,
    "eigenvalues": [
      0.0,
      0.0,
      0.0,
      0.9999999999999998,
      3.0,
      6.0
    ],
    "trace": 10.0,
    "zeta_1": 1.5000000000000002,
    "zeta_2": 1.1388888888888893,
    "zeta_3": 1.0416666666666672,
    "zeta_1_str": "1.5000000000000002",
    "logdet_prime": 2.8903717578961645,
    "logdet_prime_str": "2.8903717578961644922",
    "det_prime": 17.999999999999996,
    "alg_connectivity": 0.9999999999999998,
    "largest_eig": 6.0,
    "spectral_entropy": 0.8979457248567797
  },
  "fibers_path": {
    "[2, 1]": {
      "name": "fiber_path_(2, 1)",
      "n_nodes": 3,
      "zero_modes": 1,
      "n_nonzero_eigs": 2,
      "eigenvalues": [
        0.0,
        0.9999999999999998,
        3.0
      ],
      "trace": 4.0,
      "zeta_1": 1.3333333333333335,
      "zeta_2": 1.1111111111111116,
      "zeta_3": 1.0370370370370376,
      "zeta_1_str": "1.3333333333333335333",
      "logdet_prime": 1.0986122886681096,
      "logdet_prime_str": "1.0986122886681094914",
      "det_prime": 2.9999999999999996,
      "alg_connectivity": 0.9999999999999998,
      "largest_eig": 3.0,
      "spectral_entropy": 0.5623351446188083
    },
    "[3, 1]": {
      "name": "fiber_path_(3, 1)",
      "n_nodes": 3,
      "zero_modes": 1,
      "n_nonzero_eigs": 2,
      "eigenvalues": [
        0.0,
        0.9999999999999998,
        3.0
      ],
      "trace": 4.0,
      "zeta_1": 1.3333333333333335,
      "zeta_2": 1.1111111111111116,
      "zeta_3": 1.0370370370370376,
      "zeta_1_str": "1.3333333333333335333",
      "logdet_prime": 1.0986122886681096,
      "logdet_prime_str": "1.0986122886681094914",
      "det_prime": 2.9999999999999996,
      "alg_connectivity": 0.9999999999999998,
      "largest_eig": 3.0,
      "spectral_entropy": 0.5623351446188083
    },
    "[3, 2]": {
      "name": "fiber_path_(3, 2)",
      "n_nodes": 5,
      "zero_modes": 1,
      "n_nonzero_eigs": 4,
      "eigenvalues": [
        0.0,
        0.3819660112501052,
        1.3819660112501049,
        2.6180339887498953,
        3.6180339887498945
      ],
      "trace": 8.0,
      "zeta_1": 3.9999999999999996,
      "zeta_2": 7.599999999999999,
      "zeta_3": 18.399999999999995,
      "zeta_1_str": "3.9999999999999997621",
      "logdet_prime": 1.6094379124341005,
      "logdet_prime_str": "1.6094379124341003949",
      "det_prime": 5.0,
      "alg_connectivity": 0.3819660112501052,
      "largest_eig": 3.6180339887498945,
      "spectral_entropy": 1.1729838118904259
    }
  },
  "fibers_cycle": {
    "[2, 1]": {
      "name": "fiber_cycle_(2, 1)",
      "n_nodes": 3,
      "zero_modes": 1,
      "n_nonzero_eigs": 2,
      "eigenvalues": [
        0.0,
        3.0,
        3.0
      ],
      "trace": 6.0,
      "zeta_1": 0.6666666666666666,
      "zeta_2": 0.2222222222222222,
      "zeta_3": 0.07407407407407407,
      "zeta_1_str": "0.66666666666666666667",
      "logdet_prime": 2.1972245773362196,
      "logdet_prime_str": "2.1972245773362193828",
      "det_prime": 9.0,
      "alg_connectivity": 3.0,
      "largest_eig": 3.0,
      "spectral_entropy": 0.6931471805599453
    },
    "[3, 1]": {
      "name": "fiber_cycle_(3, 1)",
      "n_nodes": 3,
      "zero_modes": 1,
      "n_nonzero_eigs": 2,
      "eigenvalues": [
        0.0,
        3.0,
        3.0
      ],
      "trace": 6.0,
      "zeta_1": 0.6666666666666666,
      "zeta_2": 0.2222222222222222,
      "zeta_3": 0.07407407407407407,
      "zeta_1_str": "0.66666666666666666667",
      "logdet_prime": 2.1972245773362196,
      "logdet_prime_str": "2.1972245773362193828",
      "det_prime": 9.0,
      "alg_connectivity": 3.0,
      "largest_eig": 3.0,
      "spectral_entropy": 0.6931471805599453
    },
    "[3, 2]": {
      "name": "fiber_cycle_(3, 2)",
      "n_nodes": 5,
      "zero_modes": 1,
      "n_nonzero_eigs": 4,