{"ecore":-7883.065841631104,"generator":"geovac.viz_export","geovac_version":"0.4.0","has_pk":false,"kind":"qc_system","measurement":{"max_group_size":111,"mean_group_size":10.619047619047619,"min_group_size":2,"n_qwc_groups":21},"metadata":{"M":10,"N_pauli":222,"Q":20,"R_bohr":null,"max_n":2,"propinquity_bound":2.0745510936998897,"propinquity_bound_C3":1.0,"propinquity_bound_asymptotic":1.2732395447351628,"propinquity_bound_source":"Paper 38 Thm 1; gamma_n via L2 closed-form sum rule","system":"BaH"},"n_electrons":2,"n_orbitals":10,"n_qubits":20,"n_terms":223,"one_norm":7897.8828290308375,"one_norm_full":7897.8828290308375,"pauli_terms":[["I",-7881.285335729758,0.0],["Z4",-0.6072514789094648,0.0],["Z5",-0.6072514789094648,0.0],["Z8",-0.6072514789094648,0.0],["Z9",-0.6072514789094648,0.0],["Z6",-0.5787943196540162,0.0],["Z7",-0.5787943196540162,0.0],["Z2",-0.4957776063100137,0.0],["Z3",-0.4957776063100137,0.0],["Z14",-0.3661257394547325,0.0],["Z15",-0.3661257394547325,0.0],["Z18",-0.3661257394547325,0.0],["Z19",-0.3661257394547325,0.0],["Z10",-0.3656311918914799,0.0],["Z11",-0.3656311918914799,0.0],["Z16",-0.35189715982700814,0.0],["Z17",-0.35189715982700814,0.0],["Z0 Z1",0.3125,0.0],["Z12",-0.31038880315500683,0.0],["Z13",-0.31038880315500683,0.0],["Z0",-0.23126238378295982,0.0],["Z1",-0.23126238378295982,0.0],["Z10 Z11",0.15625,0.0],["Z0 Z4",0.1213991769547325,0.0],["Z0 Z5",0.1213991769547325,0.0],["Z0 Z7",0.1213991769547325,0.0],["Z0 Z8",0.1213991769547325,0.0],["Z0 Z9",0.1213991769547325,0.0],["Z1 Z4",0.1213991769547325,0.0],["Z1 Z5",0.1213991769547325,0.0],["Z1 Z6",0.1213991769547325,0.0],["Z1 Z8",0.1213991769547325,0.0],["Z1 Z9",0.1213991769547325,0.0],["Z0 Z6",0.11286389269928364,0.0],["Z1 Z7",0.11286389269928364,0.0],["Z0 Z3",0.10493827160493827,0.0],["Z1 Z2",0.10493827160493827,0.0],["Z6 Z7",0.09785156249999999,0.0],["Z0 Z2",0.09396433470507544,0.0],["Z1 Z3",0.09396433470507544,0.0],["Z4 Z5",0.09257812499999998,0.0],["Z4 Z8",0.09257812499999998,0.0],["Z4 Z9",0.09257812499999998,0.0],["Z5 Z8",0.09257812499999998,0.0],["Z5 Z9",0.09257812499999998,0.0],["Z8 Z9",0.09257812499999998,0.0],["Z4 Z6",0.08730468749999999,0.0],["Z4 Z7",0.08730468749999999,0.0],["Z5 Z6",0.08730468749999999,0.0],["Z5 Z7",0.08730468749999999,0.0],["Z6 Z8",0.08730468749999999,0.0],["Z6 Z9",0.08730468749999999,0.0],["Z7 Z8",0.08730468749999999,0.0],["Z7 Z9",0.08730468749999999,0.0],["X0 Z1 X2",0.08114956070050698,0.0],["X1 Z2 X3",0.08114956070050698,0.0],["Y0 Z1 Y2",0.08114956070050698,0.0],["Y1 Z2 Y3",0.08114956070050698,0.0],["Z2 Z4",0.08105468749999999,0.0],["Z2 Z5",0.08105468749999999,0.0],["Z2 Z7",0.08105468749999999,0.0],["Z2 Z8",0.08105468749999999,0.0],["Z2 Z9",0.08105468749999999,0.0],["Z3 Z4",0.08105468749999999,0.0],["Z3 Z5",0.08105468749999999,0.0],["Z3 Z6",0.08105468749999999,0.0],["Z3 Z8",0.08105468749999999,0.0],["Z3 Z9",0.08105468749999999,0.0],["Z2 Z3",0.0751953125,0.0],["Z2 Z6",0.06640625,0.0],["Z3 Z7",0.06640625,0.0],["Z10 Z14",0.06069958847736625,0.0],["Z10 Z15",0.06069958847736625,0.0],["Z10 Z17",0.06069958847736625,0.0],["Z10 Z18",0.06069958847736625,0.0],["Z10 Z19",0.06069958847736625,0.0],["Z11 Z14",0.06069958847736625,0.0],["Z11 Z15",0.06069958847736625,0.0],["Z11 Z16",0.06069958847736625,0.0],["Z11 Z18",0.06069958847736625,0.0],["Z11 Z19",0.06069958847736625,0.0],["Z10 Z16",0.05643194634964182,0.0],["Z11 Z17",0.05643194634964182,0.0],["Z10 Z13",0.05246913580246913,0.0],["Z11 Z12",0.05246913580246913,0.0],["Z16 Z17",0.048925781249999994,0.0],["Z10 Z12",0.04698216735253772,0.0],["Z11 Z13",0.04698216735253772,0.0],["Z14 Z15",0.04628906249999999,0.0],["Z14 Z18",0.04628906249999999,0.0],["Z14 Z19",0.04628906249999999,0.0],["Z15 Z18",0.04628906249999999,0.0],["Z15 Z19",0.04628906249999999,0.0],["Z18 Z19",0.04628906249999999,0.0],["X0 X2",-0.044677516709705864,0.0],["Y0 Y2",-0.044677516709705864,0.0],["Z0 X1 Z2 X3",-0.044677516709705864,0.0],["Z0 Y1 Z2 Y3",-0.044677516709705864,0.0],["Z14 Z16",0.043652343749999996,0.0],["Z14 Z17",0.043652343749999996,0.0],["Z15 Z16",0.043652343749999996,0.0],["Z15 Z17",0.043652343749999996,0.0],["Z16 Z18",0.043652343749999996,0.0],["Z16 Z19",0.043652343749999996,0.0],["Z17 Z18",0.043652343749999996,0.0],["Z17 Z19",0.043652343749999996,0.0],["X10 Z11 X12",0.04057478035025349,0.0],["X11 Z12 X13",0.04057478035025349,0.0],["Y10 Z11 Y12",0.04057478035025349,0.0],["Y11 Z12 Y13",0.04057478035025349,0.0],["Z12 Z14",0.04052734374999999,0.0],["Z12 Z15",0.04052734374999999,0.0],["Z12 Z17",0.04052734374999999,0.0],["Z12 Z18",0.04052734374999999,0.0],["Z12 Z19",0.04052734374999999,0.0],["Z13 Z14",0.04052734374999999,0.0],["Z13 Z15",0.04052734374999999,0.0],["Z13 Z16",0.04052734374999999,0.0],["Z13 Z18",0.04052734374999999,0.0],["Z13 Z19",0.04052734374999999,0.0],["Z12 Z13",0.03759765625,0.0],["Z12 Z16",0.033203125,0.0],["Z13 Z17",0.033203125,0.0],["X10 X12",-0.022338758354852932,0.0],["Y10 Y12",-0.022338758354852932,0.0],["Z10 X11 Z12 X13",-0.022338758354852932,0.0],["Z10 Y11 Z12 Y13",-0.022338758354852932,0.0],["X2 X3 Y6 Y7",-0.01464843749999999,0.0],["X2 Y3 Y6 X7",0.01464843749999999,0.0],["Y2 X3 X6 Y7",0.01464843749999999,0.0],["Y2 Y3 X6 X7",-0.01464843749999999,0.0],["X0 X1 Y2 Y3",-0.010973936899862825,0.0],["X0 Y1 Y2 X3",0.010973936899862825,0.0],["Y0 X1 X2 Y3",0.010973936899862825,0.0],["Y0 Y1 X2 X3",-0.010973936899862825,0.0],["X0 Z1 X2 Z6",-0.01072707176200038,0.0],["X1 Z2 X3 Z7",-0.01072707176200038,0.0],["Y0 Z1 Y2 Z6",-0.01072707176200038,0.0],["Y1 Z2 Y3 Z7",-0.01072707176200038,0.0],["X0 X1 Y6 Y7",-0.008535284255448859,0.0],["X0 Y1 Y6 X7",0.008535284255448859,0.0],["Y0 X1 X6 Y7",0.008535284255448859,0.0],["Y0 Y1 X6 X7",-0.008535284255448859,0.0],["X12 X13 Y16 Y17",-0.007324218749999995,0.0],["X12 Y13 Y16 X17",0.007324218749999995,0.0],["Y12 X13 X16 Y17",0.007324218749999995,0.0],["Y12 Y13 X16 X17",-0.007324218749999995,0.0],["X0 Z1 Z2 X3 Y6 Y7",0.006436243057200254,0.0],["X0 Z1 Z2 Y3 Y6 X7",-0.006436243057200254,0.0],["X1 X2 X6 X7",0.006436243057200254,0.0],["X1 Y2 Y6 X7",0.006436243057200254,0.0],["Y0 Z1 Z2 X3 X6 Y7",-0.006436243057200254,0.0],["Y0 Z1 Z2 Y3 X6 X7",0.006436243057200254,0.0],["Y1 X2 X6 Y7",0.006436243057200254,0.0],["Y1 Y2 Y6 Y7",0.006436243057200254,0.0],["X10 X11 Y12 Y13",-0.0054869684499314125,0.0],["X10 Y11 Y12 X13",0.0054869684499314125,0.0],["Y10 X11 X12 Y13",0.0054869684499314125,0.0],["Y10 Y11 X12 X13",-0.0054869684499314125,0.0],["X10 Z11 X12 Z16",-0.00536353588100019,0.0],["X11 Z12 X13 Z17",-0.00536353588100019,0.0],["Y10 Z11 Y12 Z16",-0.00536353588100019,0.0],["Y11 Z12 Y13 Z17",-0.00536353588100019,0.0],["X0 Z1 X2 Z4",-0.0042908287048001245,0.0],["X0 Z1 X2 Z5",-0.0042908287048001245,0.0],["X0 Z1 X2 Z7",-0.0042908287048001245,0.0],["X0 Z1 X2 Z8",-0.0042908287048001245,0.0],["X0 Z1 X2 Z9",-0.0042908287048001245,0.0],["X1 Z2 X3 Z4",-0.0042908287048001245,0.0],["X1 Z2 X3 Z5",-0.0042908287048001245,0.0],["X1 Z2 X3 Z6",-0.0042908287048001245,0.0],["X1 Z2 X3 Z8",-0.0042908287048001245,0.0],["X1 Z2 X3 Z9",-0.0042908287048001245,0.0],["Y0 Z1 Y2 Z4",-0.0042908287048001245,0.0],["Y0 Z1 Y2 Z5",-0.0042908287048001245,0.0],["Y0 Z1 Y2 Z7",-0.0042908287048001245,0.0],["Y0 Z1 Y2 Z8",-0.0042908287048001245,0.0],["Y0 Z1 Y2 Z9",-0.0042908287048001245,0.0],["Y1 Z2 Y3 Z4",-0.0042908287048001245,0.0],["Y1 Z2 Y3 Z5",-0.0042908287048001245,0.0],["Y1 Z2 Y3 Z6",-0.0042908287048001245,0.0],["Y1 Z2 Y3 Z8",-0.0042908287048001245,0.0],["Y1 Z2 Y3 Z9",-0.0042908287048001245,0.0],["X0 Z1 X2 Z3",-0.004290828704800073,0.0],["X1 X3",-0.004290828704800073,0.0],["Y0 Z1 Y2 Z3",-0.004290828704800073,0.0],["Y1 Y3",-0.004290828704800073,0.0],["X10 X11 Y16 Y17",-0.004267642127724429,0.0],["X10 Y11 Y16 X17",0.004267642127724429,0.0],["Y10 X11 X16 Y17",0.004267642127724429,0.0],["Y10 Y11 X16 X17",-0.004267642127724429,0.0],["X10 Z11 Z12 X13 Y16 Y17",0.003218121528600127,0.0],["X10 Z11 Z12 Y13 Y16 X17",-0.003218121528600127,0.0],["X11 X12 X16 X17",0.003218121528600127,0.0],["X11 Y12 Y16 X17",0.003218121528600127,0.0],["Y10 Z11 Z12 X13 X16 