{"ecore":-674.9993039138428,"generator":"geovac.viz_export","geovac_version":"0.4.0","has_pk":false,"kind":"qc_system","measurement":{"max_group_size":221,"mean_group_size":21.19047619047619,"min_group_size":4,"n_qwc_groups":21},"metadata":{"M":20,"N_pauli":444,"Q":40,"R_bohr":null,"max_n":2,"propinquity_bound":2.0745510936998897,"propinquity_bound_C3":1.0,"propinquity_bound_asymptotic":1.2732395447351628,"propinquity_bound_source":"Paper 38 Thm 1; gamma_n via L2 closed-form sum rule","system":"CaH2"},"n_electrons":4,"n_orbitals":20,"n_qubits":40,"n_terms":445,"one_norm":704.6332787132915,"one_norm_full":704.6332787132915,"pauli_terms":[["I",-671.438292111148,0.0],["Z24",-0.6072514789094648,0.0],["Z25",-0.6072514789094648,0.0],["Z28",-0.6072514789094648,0.0],["Z29",-0.6072514789094648,0.0],["Z4",-0.6072514789094648,0.0],["Z5",-0.6072514789094648,0.0],["Z8",-0.6072514789094648,0.0],["Z9",-0.6072514789094648,0.0],["Z26",-0.5787943196540162,0.0],["Z27",-0.5787943196540162,0.0],["Z6",-0.5787943196540162,0.0],["Z7",-0.5787943196540162,0.0],["Z2",-0.4957776063100137,0.0],["Z22",-0.4957776063100137,0.0],["Z23",-0.4957776063100137,0.0],["Z3",-0.4957776063100137,0.0],["Z14",-0.3661257394547325,0.0],["Z15",-0.3661257394547325,0.0],["Z18",-0.3661257394547325,0.0],["Z19",-0.3661257394547325,0.0],["Z34",-0.3661257394547325,0.0],["Z35",-0.3661257394547325,0.0],["Z38",-0.3661257394547325,0.0],["Z39",-0.3661257394547325,0.0],["Z10",-0.3656311918914799,0.0],["Z11",-0.3656311918914799,0.0],["Z30",-0.3656311918914799,0.0],["Z31",-0.3656311918914799,0.0],["Z16",-0.35189715982700814,0.0],["Z17",-0.35189715982700814,0.0],["Z36",-0.35189715982700814,0.0],["Z37",-0.35189715982700814,0.0],["Z0 Z1",0.3125,0.0],["Z20 Z21",0.3125,0.0],["Z12",-0.31038880315500683,0.0],["Z13",-0.31038880315500683,0.0],["Z32",-0.31038880315500683,0.0],["Z33",-0.31038880315500683,0.0],["Z0",-0.23126238378295982,0.0],["Z1",-0.23126238378295982,0.0],["Z20",-0.23126238378295982,0.0],["Z21",-0.23126238378295982,0.0],["Z10 Z11",0.15625,0.0],["Z30 Z31",0.15625,0.0],["Z0 Z4",0.1213991769547325,0.0],["Z0 Z5",0.1213991769547325,0.0],["Z0 Z7",0.1213991769547325,0.0],["Z0 Z8",0.1213991769547325,0.0],["Z0 Z9",0.1213991769547325,0.0],["Z1 Z4",0.1213991769547325,0.0],["Z1 Z5",0.1213991769547325,0.0],["Z1 Z6",0.1213991769547325,0.0],["Z1 Z8",0.1213991769547325,0.0],["Z1 Z9",0.1213991769547325,0.0],["Z20 Z24",0.1213991769547325,0.0],["Z20 Z25",0.1213991769547325,0.0],["Z20 Z27",0.1213991769547325,0.0],["Z20 Z28",0.1213991769547325,0.0],["Z20 Z29",0.1213991769547325,0.0],["Z21 Z24",0.1213991769547325,0.0],["Z21 Z25",0.1213991769547325,0.0],["Z21 Z26",0.1213991769547325,0.0],["Z21 Z28",0.1213991769547325,0.0],["Z21 Z29",0.1213991769547325,0.0],["Z0 Z6",0.11286389269928364,0.0],["Z1 Z7",0.11286389269928364,0.0],["Z20 Z26",0.11286389269928364,0.0],["Z21 Z27",0.11286389269928364,0.0],["Z0 Z3",0.10493827160493827,0.0],["Z1 Z2",0.10493827160493827,0.0],["Z20 Z23",0.10493827160493827,0.0],["Z21 Z22",0.10493827160493827,0.0],["Z26 Z27",0.09785156249999999,0.0],["Z6 Z7",0.09785156249999999,0.0],["Z0 Z2",0.09396433470507544,0.0],["Z1 Z3",0.09396433470507544,0.0],["Z20 Z22",0.09396433470507544,0.0],["Z21 Z23",0.09396433470507544,0.0],["Z24 Z25",0.09257812499999998,0.0],["Z24 Z28",0.09257812499999998,0.0],["Z24 Z29",0.09257812499999998,0.0],["Z25 Z28",0.09257812499999998,0.0],["Z25 Z29",0.09257812499999998,0.0],["Z28 Z29",0.09257812499999998,0.0],["Z4 Z5",0.09257812499999998,0.0],["Z4 Z8",0.09257812499999998,0.0],["Z4 Z9",0.09257812499999998,0.0],["Z5 Z8",0.09257812499999998,0.0],["Z5 Z9",0.09257812499999998,0.0],["Z8 Z9",0.09257812499999998,0.0],["Z24 Z26",0.08730468749999999,0.0],["Z24 Z27",0.08730468749999999,0.0],["Z25 Z26",0.08730468749999999,0.0],["Z25 Z27",0.08730468749999999,0.0],["Z26 Z28",0.08730468749999999,0.0],["Z26 Z29",0.08730468749999999,0.0],["Z27 Z28",0.08730468749999999,0.0],["Z27 Z29",0.08730468749999999,0.0],["Z4 Z6",0.08730468749999999,0.0],["Z4 Z7",0.08730468749999999,0.0],["Z5 Z6",0.08730468749999999,0.0],["Z5 Z7",0.08730468749999999,0.0],["Z6 Z8",0.08730468749999999,0.0],["Z6 Z9",0.08730468749999999,0.0],["Z7 Z8",0.08730468749999999,0.0],["Z7 Z9",0.08730468749999999,0.0],["X0 Z1 X2",0.08114956070050698,0.0],["X1 Z2 X3",0.08114956070050698,0.0],["X20 Z21 X22",0.08114956070050698,0.0],["X21 Z22 X23",0.08114956070050698,0.0],["Y0 Z1 Y2",0.08114956070050698,0.0],["Y1 Z2 Y3",0.08114956070050698,0.0],["Y20 Z21 Y22",0.08114956070050698,0.0],["Y21 Z22 Y23",0.08114956070050698,0.0],["Z2 Z4",0.08105468749999999,0.0],["Z2 Z5",0.08105468749999999,0.0],["Z2 Z7",0.08105468749999999,0.0],["Z2 Z8",0.08105468749999999,0.0],["Z2 Z9",0.08105468749999999,0.0],["Z22 Z24",0.08105468749999999,0.0],["Z22 Z25",0.08105468749999999,0.0],["Z22 Z27",0.08105468749999999,0.0],["Z22 Z28",0.08105468749999999,0.0],["Z22 Z29",0.08105468749999999,0.0],["Z23 Z24",0.08105468749999999,0.0],["Z23 Z25",0.08105468749999999,0.0],["Z23 Z26",0.08105468749999999,0.0],["Z23 Z28",0.08105468749999999,0.0],["Z23 Z29",0.08105468749999999,0.0],["Z3 Z4",0.08105468749999999,0.0],["Z3 Z5",0.08105468749999999,0.0],["Z3 Z6",0.08105468749999999,0.0],["Z3 Z8",0.08105468749999999,0.0],["Z3 Z9",0.08105468749999999,0.0],["Z2 Z3",0.0751953125,0.0],["Z22 Z23",0.0751953125,0.0],["Z2 Z6",0.06640625,0.0],["Z22 Z26",0.06640625,0.0],["Z23 Z27",0.06640625,0.0],["Z3 Z7",0.06640625,0.0],["Z10 Z14",0.06069958847736625,0.0],["Z10 Z15",0.06069958847736625,0.0],["Z10 Z17",0.06069958847736625,0.0],["Z10 Z18",0.06069958847736625,0.0],["Z10 Z19",0.06069958847736625,0.0],["Z11 Z14",0.06069958847736625,0.0],["Z11 Z15",0.06069958847736625,0.0],["Z11 Z16",0.06069958847736625,0.0],["Z11 Z18",0.06069958847736625,0.0],["Z11 Z19",0.06069958847736625,0.0],["Z30 Z34",0.06069958847736625,0.0],["Z30 Z35",0.06069958847736625,0.0],["Z30 Z37",0.06069958847736625,0.0],["Z30 Z38",0.06069958847736625,0.0],["Z30 Z39",0.06069958847736625,0.0],["Z31 Z34",0.06069958847736625,0.0],["Z31 Z35",0.06069958847736625,0.0],["Z31 Z36",0.06069958847736625,0.0],["Z31 Z38",0.06069958847736625,0.0],["Z31 Z39",0.06069958847736625,0.0],["Z10 Z16",0.05643194634964182,0.0],["Z11 Z17",0.05643194634964182,0.0],["Z30 Z36",0.05643194634964182,0.0],["Z31 Z37",0.05643194634964182,0.0],["Z10 Z13",0.05246913580246913,0.0],["Z11 Z12",0.05246913580246913,0.0],["Z30 Z33",0.05246913580246913,0.0],["Z31 Z32",0.05246913580246913,0.0],["Z16 Z17",0.048925781249999994,0.0],["Z36 Z37",0.048925781249999994,0.0],["Z10 Z12",0.04698216735253772,0.0],["Z11 Z13",0.04698216735253772,0.0],["Z30 Z32",0.04698216735253772,0.0],["Z31 Z33",0.04698216735253772,0.0],["Z14 Z15",0.04628906249999999,0.0],["Z14 Z18",0.04628906249999999,0.0],["Z14 Z19",0.04628906249999999,0.0],["Z15 Z18",0.04628906249999999,0.0],["Z15 Z19",0.04628906249999999,0.0],["Z18 Z19",0.04628906249999999,0.0],["Z34 Z35",0.04628906249999999,0.0],["Z34 Z38",0.04628906249999999,0.0],["Z34 Z39",0.04628906249999999,0.0],["Z35 Z38",0.04628906249999999,0.0],["Z35 Z39",0.04628906249999999,0.0],["Z38 Z39",0.04628906249999999,0.0],["X0 X2",-0.044677516709705864,0.0],["X20 X22",-0.044677516709705864,0.0],["Y0 Y2",-0.044677516709705864,0.0],["Y20 Y22",-0.044677516709705864,0.0],["Z0 X1 Z2 X3",-0.044677516709705864,0.0],["Z0 Y1 Z2 Y3",-0.044677516709705864,0.0],["Z20 X21 Z22 X23",-0.044677516709705864,0.0],["Z20 Y21 Z22 Y23",-0.044677516709705864,0.0],["Z14 Z16",0.043652343749999996,0.0],["Z14 Z17",0.043652343749999996,0.0],["Z15 Z16",0.043652343749999996,0.0],["Z15 Z17",0.043652343749999996,0.0],["Z16 Z18",0.043652343749999996,0.0],["Z16 Z19",0.043652343749999996,0.0],["Z17 Z18",0.043652343749999996,0.0],["Z17 Z19",0.043652343749999996,0.0],["Z34 Z36",0.043652343749999996,0.0],["Z34 Z37",0.043652343749999996,0.0],["Z35 Z36",0.043652343749999996,0.0],["Z35 Z37",0.043652343749999996,0.0],["Z36 Z38",0.043652343749999996,0.0],["Z36 Z39",0.043652343749999996,0.0],["Z37 Z38",0.043652343749999996,0.0],["Z37 Z39",0.043652343749999996,0.0],["X10 Z11 X12",0.04057478035025349,0.0],["X11 Z12 X13",