{"ecore":-1378.4298675496689,"generator":"geovac.viz_export","geovac_version":"0.4.0","has_pk":false,"kind":"qc_system","measurement":{"max_group_size":166,"mean_group_size":13.238095238095237,"min_group_size":2,"n_qwc_groups":21},"metadata":{"M":15,"N_pauli":277,"Q":30,"R_bohr":null,"max_n":2,"propinquity_bound":2.0745510936998897,"propinquity_bound_C3":1.0,"propinquity_bound_asymptotic":1.2732395447351628,"propinquity_bound_source":"Paper 38 Thm 1; gamma_n via L2 closed-form sum rule","system":"CoH"},"n_electrons":9,"n_orbitals":15,"n_qubits":30,"n_terms":278,"one_norm":1536.108995617982,"one_norm_full":1536.108995617982,"pauli_terms":[["I",-1451.655801654556,0.0],["Z0",14.709319272976671,0.0],["Z1",14.709319272976671,0.0],["Z2",1.70650077160494,0.0],["Z3",1.70650077160494,0.0],["Z0 Z1",1.40625,0.0],["Z6",1.3329255615569293,0.0],["Z7",1.3329255615569293,0.0],["Z4",1.2048683449074078,0.0],["Z5",1.2048683449074078,0.0],["Z8",1.2048683449074078,0.0],["Z9",1.2048683449074078,0.0],["Z0 Z4",0.5462962962962962,0.0],["Z0 Z5",0.5462962962962962,0.0],["Z0 Z7",0.5462962962962962,0.0],["Z0 Z8",0.5462962962962962,0.0],["Z0 Z9",0.5462962962962962,0.0],["Z1 Z4",0.5462962962962962,0.0],["Z1 Z5",0.5462962962962962,0.0],["Z1 Z6",0.5462962962962962,0.0],["Z1 Z8",0.5462962962962962,0.0],["Z1 Z9",0.5462962962962962,0.0],["Z24",0.5213518415178573,0.0],["Z25",0.5213518415178573,0.0],["Z20",0.5160621279761902,0.0],["Z21",0.5160621279761902,0.0],["Z28",0.5160621279761902,0.0],["Z29",0.5160621279761902,0.0],["Z26",0.5120721726190476,0.0],["Z27",0.5120721726190476,0.0],["Z22",0.5120721726190474,0.0],["Z23",0.5120721726190474,0.0],["Z0 Z6",0.5078875171467763,0.0],["Z1 Z7",0.5078875171467763,0.0],["Z0 Z3",0.4722222222222222,0.0],["Z1 Z2",0.4722222222222222,0.0],["Z6 Z7",0.44033203124999987,0.0],["Z0 Z2",0.4228395061728395,0.0],["Z1 Z3",0.4228395061728395,0.0],["Z4 Z5",0.4166015624999999,0.0],["Z4 Z8",0.4166015624999999,0.0],["Z4 Z9",0.4166015624999999,0.0],["Z5 Z8",0.4166015624999999,0.0],["Z5 Z9",0.4166015624999999,0.0],["Z8 Z9",0.4166015624999999,0.0],["Z4 Z6",0.3928710937499999,0.0],["Z4 Z7",0.3928710937499999,0.0],["Z5 Z6",0.3928710937499999,0.0],["Z5 Z7",0.3928710937499999,0.0],["Z6 Z8",0.3928710937499999,0.0],["Z6 Z9",0.3928710937499999,0.0],["Z7 Z8",0.3928710937499999,0.0],["Z7 Z9",0.3928710937499999,0.0],["Z14",-0.3661257394547325,0.0],["Z15",-0.3661257394547325,0.0],["Z18",-0.3661257394547325,0.0],["Z19",-0.3661257394547325,0.0],["Z10",-0.3656311918914799,0.0],["Z11",-0.3656311918914799,0.0],["X0 Z1 X2",0.3651730231522812,0.0],["X1 Z2 X3",0.3651730231522812,0.0],["Y0 Z1 Y2",0.3651730231522812,0.0],["Y1 Z2 Y3",0.3651730231522812,0.0],["Z2 Z4",0.36474609374999994,0.0],["Z2 Z5",0.36474609374999994,0.0],["Z2 Z7",0.36474609374999994,0.0],["Z2 Z8",0.36474609374999994,0.0],["Z2 Z9",0.36474609374999994,0.0],["Z3 Z4",0.36474609374999994,0.0],["Z3 Z5",0.36474609374999994,0.0],["Z3 Z6",0.36474609374999994,0.0],["Z3 Z8",0.36474609374999994,0.0],["Z3 Z9",0.36474609374999994,0.0],["Z16",-0.35189715982700814,0.0],["Z17",-0.35189715982700814,0.0],["Z2 Z3",0.33837890625,0.0],["Z12",-0.31038880315500683,0.0],["Z13",-0.31038880315500683,0.0],["Z2 Z6",0.298828125,0.0],["Z3 Z7",0.298828125,0.0],["Z24 Z25",0.207386997767857,0.0],["Z20 Z21",0.20209728422619047,0.0],["Z20 Z28",0.20209728422619047,0.0],["Z20 Z29",0.20209728422619047,0.0],["Z21 Z28",0.20209728422619047,0.0],["Z21 Z29",0.20209728422619047,0.0],["Z28 Z29",0.20209728422619047,0.0],["X0 X2",-0.2010488251936764,0.0],["Y0 Y2",-0.2010488251936764,0.0],["Z0 X1 Z2 X3",-0.2010488251936764,0.0],["Z0 Y1 Z2 Y3",-0.2010488251936764,0.0],["Z22 Z23",0.19810732886904753,0.0],["Z22 Z26",0.19810732886904753,0.0],["Z22 Z27",0.19810732886904753,0.0],["Z23 Z26",0.19810732886904753,0.0],["Z23 Z27",0.19810732886904753,0.0],["Z26 Z27",0.19810732886904753,0.0],["Z22 Z24",0.19414760044642868,0.0],["Z22 Z25",0.19414760044642868,0.0],["Z23 Z24",0.19414760044642868,0.0],["Z23 Z25",0.19414760044642868,0.0],["Z24 Z26",0.19414760044642868,0.0],["Z24 Z27",0.19414760044642868,0.0],["Z25 Z26",0.19414760044642868,0.0],["Z25 Z27",0.19414760044642868,0.0],["Z20 Z22",0.18882765997023812,0.0],["Z20 Z23",0.18882765997023812,0.0],["Z20 Z26",0.18882765997023812,0.0],["Z20 Z27",0.18882765997023812,0.0],["Z21 Z22",0.18882765997023812,0.0],["Z21 Z23",0.18882765997023812,0.0],["Z21 Z26",0.18882765997023812,0.0],["Z21 Z27",0.18882765997023812,0.0],["Z22 Z28",0.18882765997023812,0.0],["Z22 Z29",0.18882765997023812,0.0],["Z23 Z28",0.18882765997023812,0.0],["Z23 Z29",0.18882765997023812,0.0],["Z26 Z28",0.18882765997023812,0.0],["Z26 Z29",0.18882765997023812,0.0],["Z27 Z28",0.18882765997023812,0.0],["Z27 Z29",0.18882765997023812,0.0],["Z20 Z24",0.18616768973214284,0.0],["Z20 Z25",0.18616768973214284,0.0],["Z21 Z24",0.18616768973214284,0.0],["Z21 Z25",0.18616768973214284,0.0],["Z24 Z28",0.18616768973214284,0.0],["Z24 Z29",0.18616768973214284,0.0],["Z25 Z28",0.18616768973214284,0.0],["Z25 Z29",0.18616768973214284,0.0],["Z10 Z11",0.15625,0.0],["X2 X3 Y6 Y7",-0.06591796874999996,0.0],["X2 Y3 Y6 X7",0.06591796874999996,0.0],["Y2 X3 X6 Y7",0.06591796874999996,0.0],["Y2 Y3 X6 X7",-0.06591796874999996,0.0],["Z10 Z14",0.06069958847736625,0.0],["Z10 Z15",0.06069958847736625,0.0],["Z10 Z17",0.06069958847736625,0.0],["Z10 Z18",0.06069958847736625,0.0],["Z10 Z19",0.06069958847736625,0.0],["Z11 Z14",0.06069958847736625,0.0],["Z11 Z15",0.06069958847736625,0.0],["Z11 Z16",0.06069958847736625,0.0],["Z11 Z18",0.06069958847736625,0.0],["Z11 Z19",0.06069958847736625,0.0],["Z10 Z16",0.05643194634964182,0.0],["Z11 Z17",0.05643194634964182,0.0],["Z10 Z13",0.05246913580246913,0.0],["Z11 Z12",0.05246913580246913,0.0],["X0 X1 Y2 Y3",-0.04938271604938271,0.0],["X0 Y1 Y2 X3",0.04938271604938271,0.0],["Y0 X1 X2 Y3",0.04938271604938271,0.0],["Y0 Y1 X2 X3",-0.04938271604938271,0.0],["Z16 Z17",0.048925781249999994,0.0],["X0 Z1 X2 Z6",-0.04827182292900172,0.0],["X1 Z2 X3 Z7",-0.04827182292900172,0.0],["Y0 Z1 Y2 Z6",-0.04827182292900172,0.0],["Y1 Z2 Y3 Z7",-0.04827182292900172,0.0],["Z10 Z12",0.04698216735253772,0.0],["Z11 Z13",0.04698216735253772,0.0],["Z14 Z15",0.04628906249999999,0.0],["Z14 Z18",0.04628906249999999,0.0],["Z14 Z19",0.04628906249999999,0.0],["Z15 Z18",0.04628906249999999,0.0],["Z15 Z19",0.04628906249999999,0.0],["Z18 Z19",0.04628906249999999,0.0],["Z14 Z16",0.043652343749999996,0.0],["Z14 Z17",0.043652343749999996,0.0],["Z15 Z16",0.043652343749999996,0.0],["Z15 Z17",0.043652343749999996,0.0],["Z16 Z18",0.043652343749999996,0.0],["Z16 Z19",0.043652343749999996,0.0],["Z17 Z18",0.043652343749999996,0.0],["Z17 Z19",0.043652343749999996,0.0],["X10 Z11 X12",0.04057478035025349,0.0],["X11 Z12 X13",0.04057478035025349,0.0],["Y10 Z11 Y12",0.04057478035025349,0.0],["Y11 Z12 Y13",0.04057478035025349,0.0],["Z12 Z14",0.04052734374999999,0.0],["Z12 Z15",0.04052734374999999,0.0],["Z12 Z17",0.04052734374999999,0.0],["Z12 Z18",0.04052734374999999,0.0],["Z12 Z19",0.04052734374999999,0.0],["Z13 Z14",0.04052734374999999,0.0],["Z13 Z15",0.04052734374999999,0.0],["Z13 Z16",0.04052734374999999,0.0],["Z13 Z18",0.04052734374999999,0.0],["Z13 Z19",0.04052734374999999,0.0],["X0 X1 Y6 Y7",-0.038408779149519866,0.0],["X0 Y1 Y6 X7",0.038408779149519866,0.0],["Y0 X1 X6 Y7",0.038408779149519866,0.0],["Y0 Y1 X6 X7",-0.038408779149519866,0.0],["Z12 Z13",0.03759765625,0.0],["Z12 Z16",0.033203125,0.0],["Z13 Z17",0.033203125,0.0],["X0 Z1 Z2 X3 Y6 Y7",0.028963093757401158,0.0],["X0 Z1 Z2 Y3 Y6 X7",-0.028963093757401158,0.0],["X1 X2 X6 X7",0.028963093757401158,0.0],["X1 Y2 Y6 X7",0.028963093757401158,0.0],["Y0 Z1 Z2 X3 X6 Y7",-0.028963093757401158,0.0],["Y0 Z1 Z2 Y3 X6 X7",0.028963093757401158,0.0],["Y1 X2 X6 Y7",0.028963093757401158,0.0],["Y1 Y2 Y6 Y7",0.028963093757401158,0.0],["X10 X12",-0.022338758354852932,0.0],["Y10 Y12",-0.022338758354852932,0.0],["Z10 X11 Z12 X13",-0.022338758354852932,0.0],["Z10 Y11 Z12 Y13",-0.022338758354852932,0.0],["X0 Z1 X2 Z4",-0.01930872917160056,0.0],["X0 Z1 X2 Z5",-0.01930872917160056,0.0],["X0 