{"ecore":0.7142857142857143,"generator":"geovac.viz_export","geovac_version":"0.4.0","has_pk":false,"kind":"qc_system","measurement":{"max_group_size":56,"mean_group_size":5.333333333333333,"min_group_size":1,"n_qwc_groups":21},"metadata":{"M":5,"N_pauli":111,"Q":10,"R_bohr":1.4,"encoding":"bond-pair","max_n":2,"propinquity_bound":2.0745510936998897,"propinquity_bound_C3":1.0,"propinquity_bound_asymptotic":1.2732395447351628,"propinquity_bound_source":"Paper 38 Thm 1; gamma_n via L2 closed-form sum rule","system":"H2"},"n_electrons":2,"n_orbitals":5,"n_qubits":10,"n_terms":112,"one_norm":8.173618781759,"one_norm_full":8.173618781759,"pauli_terms":[["I",1.974454348068674,0.0],["Z4",-0.3661257394547325,0.0],["Z5",-0.3661257394547325,0.0],["Z8",-0.3661257394547325,0.0],["Z9",-0.3661257394547325,0.0],["Z0",-0.3656311918914799,0.0],["Z1",-0.3656311918914799,0.0],["Z6",-0.35189715982700814,0.0],["Z7",-0.35189715982700814,0.0],["Z2",-0.31038880315500683,0.0],["Z3",-0.31038880315500683,0.0],["Z0 Z1",0.15625,0.0],["Z0 Z4",0.06069958847736625,0.0],["Z0 Z5",0.06069958847736625,0.0],["Z0 Z7",0.06069958847736625,0.0],["Z0 Z8",0.06069958847736625,0.0],["Z0 Z9",0.06069958847736625,0.0],["Z1 Z4",0.06069958847736625,0.0],["Z1 Z5",0.06069958847736625,0.0],["Z1 Z6",0.06069958847736625,0.0],["Z1 Z8",0.06069958847736625,0.0],["Z1 Z9",0.06069958847736625,0.0],["Z0 Z6",0.05643194634964182,0.0],["Z1 Z7",0.05643194634964182,0.0],["Z0 Z3",0.05246913580246913,0.0],["Z1 Z2",0.05246913580246913,0.0],["Z6 Z7",0.048925781249999994,0.0],["Z0 Z2",0.04698216735253772,0.0],["Z1 Z3",0.04698216735253772,0.0],["Z4 Z5",0.04628906249999999,0.0],["Z4 Z8",0.04628906249999999,0.0],["Z4 Z9",0.04628906249999999,0.0],["Z5 Z8",0.04628906249999999,0.0],["Z5 Z9",0.04628906249999999,0.0],["Z8 Z9",0.04628906249999999,0.0],["Z4 Z6",0.043652343749999996,0.0],["Z4 Z7",0.043652343749999996,0.0],["Z5 Z6",0.043652343749999996,0.0],["Z5 Z7",0.043652343749999996,0.0],["Z6 Z8",0.043652343749999996,0.0],["Z6 Z9",0.043652343749999996,0.0],["Z7 Z8",0.043652343749999996,0.0],["Z7 Z9",0.043652343749999996,0.0],["X0 Z1 X2",0.04057478035025349,0.0],["X1 Z2 X3",0.04057478035025349,0.0],["Y0 Z1 Y2",0.04057478035025349,0.0],["Y1 Z2 Y3",0.04057478035025349,0.0],["Z2 Z4",0.04052734374999999,0.0],["Z2 Z5",0.04052734374999999,0.0],["Z2 Z7",0.04052734374999999,0.0],["Z2 Z8",0.04052734374999999,0.0],["Z2 Z9",0.04052734374999999,0.0],["Z3 Z4",0.04052734374999999,0.0],["Z3 Z5",0.04052734374999999,0.0],["Z3 Z6",0.04052734374999999,0.0],["Z3 Z8",0.04052734374999999,0.0],["Z3 Z9",0.04052734374999999,0.0],["Z2 Z3",0.03759765625,0.0],["Z2 Z6",0.033203125,0.0],["Z3 Z7",0.033203125,0.0],["X0 X2",-0.022338758354852932,0.0],["Y0 Y2",-0.022338758354852932,0.0],["Z0 X1 Z2 X3",-0.022338758354852932,0.0],["Z0 Y1 Z2 Y3",-0.022338758354852932,0.0],["X2 X3 Y6 Y7",-0.007324218749999995,0.0],["X2 Y3 Y6 X7",0.007324218749999995,0.0],["Y2 X3 X6 Y7",0.007324218749999995,0.0],["Y2 Y3 X6 X7",-0.007324218749999995,0.0],["X0 X1 Y2 Y3",-0.0054869684499314125,0.0],["X0 Y1 Y2 X3",0.0054869684499314125,0.0],["Y0 X1 X2 Y3",0.0054869684499314125,0.0],["Y0 Y1 X2 X3",-0.0054869684499314125,0.0],["X0 Z1 X2 Z6",-0.00536353588100019,0.0],["X1 Z2 X3 Z7",-0.00536353588100019,0.0],["Y0 Z1 Y2 Z6",-0.00536353588100019,0.0],["Y1 Z2 Y3 Z7",-0.00536353588100019,0.0],["X0 X1 Y6 Y7",-0.004267642127724429,0.0],["X0 Y1 Y6 X7",0.004267642127724429,0.0],["Y0 X1 X6 Y7",0.004267642127724429,0.0],["Y0 Y1 X6 X7",-0.004267642127724429,0.0],["X0 Z1 Z2 X3 Y6 Y7",0.003218121528600127,0.0],["X0 Z1 Z2 Y3 Y6 X7",-0.003218121528600127,0.0],["X1 X2 X6 X7",0.003218121528600127,0.0],["X1 Y2 Y6 X7",0.003218121528600127,0.0],["Y0 Z1 Z2 X3 X6 Y7",-0.003218121528600127,0.0],["Y0 Z1 Z2 Y3 X6 X7",0.003218121528600127,0.0],["Y1 X2 X6 Y7",0.003218121528600127,0.0],["Y1 Y2 Y6 Y7",0.003218121528600127,0.0],["X0 Z1 X2 Z4",-0.0021454143524000623,0.0],["X0 Z1 X2 Z5",-0.0021454143524000623,0.0],["X0 Z1 X2 Z7",-0.0021454143524000623,0.0],["X0 Z1 X2 Z8",-0.0021454143524000623,0.0],["X0 Z1 X2 Z9",-0.0021454143524000623,0.0],["X1 Z2 X3 Z4",-0.0021454143524000623,0.0],["X1 Z2 X3 Z5",-0.0021454143524000623,0.0],["X1 Z2 X3 Z6",-0.0021454143524000623,0.0],["X1 Z2 X3 Z8",-0.0021454143524000623,0.0],["X1 Z2 X3 Z9",-0.0021454143524000623,0.0],["Y0 Z1 Y2 Z4",-0.0021454143524000623,0.0],["Y0 Z1 Y2 Z5",-0.0021454143524000623,0.0],["Y0 Z1 Y2 Z7",-0.0021454143524000623,0.0],["Y0 Z1 Y2 Z8",-0.0021454143524000623,0.0],["Y0 Z1 Y2 Z9",-0.0021454143524000623,0.0],["Y1 Z2 Y3 Z4",-0.0021454143524000623,0.0],["Y1 Z2 Y3 Z5",-0.0021454143524000623,0.0],["Y1 Z2 Y3 Z6",-0.0021454143524000623,0.0],["Y1 Z2 Y3 Z8",-0.0021454143524000623,0.0],["Y1 Z2 Y3 Z9",-0.0021454143524000623,0.0],["X0 Z1 X2 Z3",-0.0021454143524000367,0.0],["X1 X3",-0.0021454143524000367,0.0],["Y0 Z1 Y2 Z3",-0.0021454143524000367,0.0],["Y1 Y3",-0.0021454143524000367,0.0]],"schema_version":1,"system":"H2","tapering":[{"metadata":{"Q_tapered":7,"delta_Q":3,"dropped_P_indices":[],"n_sub_blocks":1,"n_sub_blocks_with_antisym":1,"tapered_mode":"global"},"mode":"global","n_qubits":7,"n_terms":98,"one_norm":8.173618781759004},{"metadata":{"Q_tapered":7,"delta_Q":3,"dropped_P_indices":[],"n_sub_blocks":1,"n_sub_blocks_with_antisym":1,"tapered_mode":"per_block"},"mode":"per_block","n_qubits":7,"n_terms":98,"one_norm":8.173618781759004},{"metadata":{"Q_tapered":6,"delta_Q":4,"dropped":[],"kinds_kept":["alpha","beta","hopf:(0, 'H2_bond', 'center')","ell_parity:(0, 'H2_bond', 'center')"],"n_stabs_kept":4,"tapered_mode":"extended"},"mode":"extended","n_qubits":6,"n_terms":86,"one_norm":8.156455466939802},{"metadata":{"Q_tapered":6,"Q_tapered_extended_only":6,"delta_Q":4,"delta_Q_hidden":0,"kinds_kept":["alpha","beta","hopf:(0, 'H2_bond', 'center')","ell_parity:(0, 'H2_bond', 'center')"],"n_stabs_kept":4,"tapered_mode":"full"},"mode":"full","n_qubits":6,"n_terms":86,"one_norm":8.156455466939802}]}
