{"ecore":null,"generator":"geovac.viz_export","geovac_version":"0.4.0","has_pk":false,"kind":"qc_system","measurement":{"max_group_size":56,"mean_group_size":4.8,"min_group_size":1,"n_qwc_groups":25},"metadata":{"Q":10,"max_n":2,"propinquity_bound":2.0745510936998897,"propinquity_bound_C3":1.0,"propinquity_bound_asymptotic":1.2732395447351628,"propinquity_bound_source":"Paper 38 Thm 1; gamma_n via L2 closed-form sum rule","system":"He"},"n_electrons":null,"n_orbitals":null,"n_qubits":10,"n_terms":120,"one_norm":11.294294780514731,"one_norm_full":11.294294780514731,"pauli_terms":[["Z4",-0.6072720455513437,0.0],["Z5",-0.6072720455513437,0.0],["Z8",-0.6072720455513437,0.0],["Z9",-0.6072720455513437,0.0],["Z6",-0.5788117813309157,0.0],["Z7",-0.5788117813309157,0.0],["I",0.5205184793104626,0.0],["Z2",-0.49579395318248315,0.0],["Z3",-0.49579395318248315,0.0],["Z0 Z1",0.3125480882335215,0.0],["Z0",-0.2313686536943811,0.0],["Z1",-0.2313686536943811,0.0],["Z0 Z4",0.1214072337981292,0.0],["Z0 Z5",0.1214072337981292,0.0],["Z0 Z7",0.1214072337981292,0.0],["Z0 Z8",0.1214072337981292,0.0],["Z0 Z9",0.1214072337981292,0.0],["Z1 Z4",0.1214072337981292,0.0],["Z1 Z5",0.1214072337981292,0.0],["Z1 Z6",0.1214072337981292,0.0],["Z1 Z8",0.1214072337981292,0.0],["Z1 Z9",0.1214072337981292,0.0],["Z0 Z6",0.11286984247905746,0.0],["Z1 Z7",0.11286984247905746,0.0],["X0 Z1 X2",0.1123855646957924,0.0],["X1 Z2 X3",0.1123855646957924,0.0],["Y0 Z1 Y2",0.1123855646957924,0.0],["Y1 Z2 Y3",0.1123855646957924,0.0],["Z0 Z3",0.1049444305941812,0.0],["Z1 Z2",0.1049444305941812,0.0],["Z6 Z7",0.09785273452758891,0.0],["Z0 Z2",0.09397012339697519,0.0],["Z1 Z3",0.09397012339697519,0.0],["Z4 Z5",0.09257890638306847,0.0],["Z4 Z8",0.09257890638306847,0.0],["Z4 Z9",0.09257890638306847,0.0],["Z5 Z8",0.09257890638306847,0.0],["Z5 Z9",0.09257890638306847,0.0],["Z8 Z9",0.09257890638306847,0.0],["Z4 Z6",0.08730507823854802,0.0],["Z4 Z7",0.08730507823854802,0.0],["Z5 Z6",0.08730507823854802,0.0],["Z5 Z7",0.08730507823854802,0.0],["Z6 Z8",0.08730507823854802,0.0],["Z6 Z9",0.08730507823854802,0.0],["Z7 Z8",0.08730507823854802,0.0],["Z7 Z9",0.08730507823854802,0.0],["Z2 Z4",0.08105535116439194,0.0],["Z2 Z5",0.08105535116439194,0.0],["Z2 Z7",0.08105535116439194,0.0],["Z2 Z8",0.08105535116439194,0.0],["Z2 Z9",0.08105535116439194,0.0],["Z3 Z4",0.08105535116439194,0.0],["Z3 Z5",0.08105535116439194,0.0],["Z3 Z6",0.08105535116439194,0.0],["Z3 Z8",0.08105535116439194,0.0],["Z3 Z9",0.08105535116439194,0.0],["Z2 Z3",0.07519633696181084,0.0],["Z2 Z6",0.06640630640755597,0.0],["Z3 Z7",0.06640630640755597,0.0],["X0 X2",-0.04467916560669383,0.0],["Y0 Y2",-0.04467916560669383,0.0],["Z0 X1 Z2 X3",-0.04467916560669383,0.0],["Z0 Y1 Z2 Y3",-0.04467916560669383,0.0],["X4 Z5 X6",0.03125,0.0],["X5 Z6 X7",0.03125,0.0],["X6 Z7 X8",0.03125,0.0],["X7 Z8 X9",0.03125,0.0],["Y4 Z5 Y6",0.03125,0.0],["Y5 Z6 Y7",0.03125,0.0],["Y6 Z7 Y8",0.03125,0.0],["Y7 Z8 Y9",0.03125,0.0],["X2 X3 Y6 Y7",-0.014649044756835972,0.0],["X2 Y3 Y6 X7",0.014649044756835972,0.0],["Y2 X3 X6 Y7",0.014649044756835972,0.0],["Y2 Y3 X6 X7",-0.014649044756835972,0.0],["X0 X1 Y2 Y3",-0.010974307197206004,0.0],["X0 Y1 Y2 X3",0.010974307197206004,0.0],["Y0 X1 X2 Y3",0.010974307197206004,0.0],["Y0 Y1 X2 X3",-0.010974307197206004,0.0],["X0 Z1 X2 Z6",-0.010725167603785888,0.0],["X1 Z2 X3 Z7",-0.010725167603785888,0.0],["Y0 Z1 Y2 Z6",-0.010725167603785888,0.0],["Y1 Z2 Y3 Z7",-0.010725167603785888,0.0],["X0 X1 Y6 Y7",-0.00853739131907174,0.0],["X0 Y1 Y6 X7",0.00853739131907174,0.0],["Y0 X1 X6 Y7",0.00853739131907174,0.0],["Y0 Y1 X6 X7",-0.00853739131907174,0.0],["X0 Z1 Z2 X3 Y6 Y7",0.00643667157675791,0.0],["X0 Z1 Z2 Y3 Y6 X7",-0.00643667157675791,0.0],["X1 X2 X6 X7",0.00643667157675791,0.0],["X1 Y2 Y6 X7",0.00643667157675791,0.0],["Y0 Z1 Z2 X3 X6 Y7",-0.00643667157675791,0.0],["Y0 Z1 Z2 Y3 X6 X7",0.00643667157675791,0.0],["Y1 X2 X6 Y7",0.00643667157675791,0.0],["Y1 Y2 Y6 Y7",0.00643667157675791,0.0],["X0 Z1 X2 Z3",-0.004288751350172756,0.0],["X1 X3",-0.004288751350172756,0.0],["Y0 Z1 Y2 Z3",-0.004288751350172756,0.0],["Y1 Y3",-0.004288751350172756,0.0],["X0 Z1 X2 Z4",-0.004288496027027978,0.0],["X0 Z1 X2 Z5",-0.004288496027027978,0.0],["X0 Z1 X2 Z7",-0.004288496027027978,0.0],["X0 Z1 X2 Z8",-0.004288496027027978,0.0],["X0 Z1 X2 Z9",-0.004288496027027978,0.0],["X1 Z2 X3 Z4",-0.004288496027027978,0.0],["X1 Z2 X3 Z5",-0.004288496027027978,0.0],["X1 Z2 X3 Z6",-0.004288496027027978,0.0],["X1 Z2 X3 Z8",-0.004288496027027978,0.0],["X1 Z2 X3 Z9",-0.004288496027027978,0.0],["Y0 Z1 Y2 Z4",-0.004288496027027978,0.0],["Y0 Z1 Y2 Z5",-0.004288496027027978,0.0],["Y0 Z1 Y2 Z7",-0.004288496027027978,0.0],["Y0 Z1 Y2 Z8",-0.004288496027027978,0.0],["Y0 Z1 Y2 Z9",-0.004288496027027978,0.0],["Y1 Z2 Y3 Z4",-0.004288496027027978,0.0],["Y1 Z2 Y3 Z5",-0.004288496027027978,0.0],["Y1 Z2 Y3 Z6",-0.004288496027027978,0.0],["Y1 Z2 Y3 Z8",-0.004288496027027978,0.0],["Y1 Z2 Y3 Z9",-0.004288496027027978,0.0]],"schema_version":1,"system":"He","tapering":[{"metadata":{"Q_tapered":7,"delta_Q":3,"dropped_P_indices":[],"n_sub_blocks":1,"n_sub_blocks_with_antisym":1,"tapered_mode":"global"},"mode":"global","n_qubits":7,"n_terms":98,"one_norm":10.918666134946582},{"metadata":{"Q_tapered":7,"delta_Q":3,"dropped_P_indices":[],"n_sub_blocks":1,"n_sub_blocks_with_antisym":1,"tapered_mode":"per_block"},"mode":"per_block","n_qubits":7,"n_terms":98,"one_norm":10.918666134946582},{"metadata":{"Q_tapered":6,"delta_Q":4,"dropped":[],"kinds_kept":["alpha","beta","hopf:(0, 'He_core', 'center')","ell_parity:(0, 'He_core', 'center')"],"n_stabs_kept":4,"tapered_mode":"extended"},"mode":"extended","n_qubits":6,"n_terms":86,"one_norm":10.88433950530818},{"metadata":{"Q_tapered":6,"Q_tapered_extended_only":6,"delta_Q":4,"delta_Q_hidden":0,"kinds_kept":["alpha","beta","hopf:(0, 'He_core', 'center')","ell_parity:(0, 'He_core', 'center')"],"n_stabs_kept":4,"tapered_mode":"full"},"mode":"full","n_qubits":6,"n_terms":86,"one_norm":10.88433950530818}]}
