{"ecore":-6.284875124378109,"generator":"geovac.viz_export","geovac_version":"0.4.0","has_pk":true,"kind":"qc_system","measurement":{"max_group_size":166,"mean_group_size":15.904761904761905,"min_group_size":3,"n_qwc_groups":21},"metadata":{"M":15,"N_pauli":333,"Q":30,"R_bohr":null,"max_n":2,"propinquity_bound":2.0745510936998897,"propinquity_bound_C3":1.0,"propinquity_bound_asymptotic":1.2732395447351628,"propinquity_bound_source":"Paper 38 Thm 1; gamma_n via L2 closed-form sum rule","system":"LiH"},"n_electrons":4,"n_orbitals":15,"n_qubits":30,"n_terms":334,"one_norm":32.59227982121736,"one_norm_full":32.59227982121736,"pauli_terms":[["I",-5.984031955463326,0.0],["Z4",-0.7233772183641972,0.0],["Z5",-0.7233772183641972,0.0],["Z8",-0.7233772183641972,0.0],["Z9",-0.7233772183641972,0.0],["Z6",-0.6806914794810239,0.0],["Z7",-0.6806914794810239,0.0],["Z2",-0.5561664094650205,0.0],["Z3",-0.5561664094650205,0.0],["Z0 Z1",0.46875,0.0],["Z0",0.4031064243255599,0.0],["Z1",0.4031064243255599,0.0],["Z14",-0.3661257394547325,0.0],["Z15",-0.3661257394547325,0.0],["Z18",-0.3661257394547325,0.0],["Z19",-0.3661257394547325,0.0],["Z24",-0.3661257394547325,0.0],["Z25",-0.3661257394547325,0.0],["Z28",-0.3661257394547325,0.0],["Z29",-0.3661257394547325,0.0],["Z10",-0.3656311918914799,0.0],["Z11",-0.3656311918914799,0.0],["Z20",-0.3656311918914799,0.0],["Z21",-0.3656311918914799,0.0],["Z16",-0.35189715982700814,0.0],["Z17",-0.35189715982700814,0.0],["Z26",-0.35189715982700814,0.0],["Z27",-0.35189715982700814,0.0],["Z12",-0.31038880315500683,0.0],["Z13",-0.31038880315500683,0.0],["Z22",-0.31038880315500683,0.0],["Z23",-0.31038880315500683,0.0],["Z0 Z4",0.18209876543209874,0.0],["Z0 Z5",0.18209876543209874,0.0],["Z0 Z7",0.18209876543209874,0.0],["Z0 Z8",0.18209876543209874,0.0],["Z0 Z9",0.18209876543209874,0.0],["Z1 Z4",0.18209876543209874,0.0],["Z1 Z5",0.18209876543209874,0.0],["Z1 Z6",0.18209876543209874,0.0],["Z1 Z8",0.18209876543209874,0.0],["Z1 Z9",0.18209876543209874,0.0],["Z0 Z6",0.16929583904892545,0.0],["Z1 Z7",0.16929583904892545,0.0],["Z0 Z3",0.15740740740740738,0.0],["Z1 Z2",0.15740740740740738,0.0],["Z10 Z11",0.15625,0.0],["Z20 Z21",0.15625,0.0],["Z6 Z7",0.14677734374999998,0.0],["Z0 Z2",0.14094650205761314,0.0],["Z1 Z3",0.14094650205761314,0.0],["Z4 Z5",0.13886718749999996,0.0],["Z4 Z8",0.13886718749999996,0.0],["Z4 Z9",0.13886718749999996,0.0],["Z5 Z8",0.13886718749999996,0.0],["Z5 Z9",0.13886718749999996,0.0],["Z8 Z9",0.13886718749999996,0.0],["Z4 Z6",0.13095703124999997,0.0],["Z4 Z7",0.13095703124999997,0.0],["Z5 Z6",0.13095703124999997,0.0],["Z5 Z7",0.13095703124999997,0.0],["Z6 Z8",0.13095703124999997,0.0],["Z6 Z9",0.13095703124999997,0.0],["Z7 Z8",0.13095703124999997,0.0],["Z7 Z9",0.13095703124999997,0.0],["X0 Z1 X2",0.12172434105076045,0.0],["X1 Z2 X3",0.12172434105076045,0.0],["Y0 Z1 Y2",0.12172434105076045,0.0],["Y1 Z2 Y3",0.12172434105076045,0.0],["Z2 Z4",0.12158203124999999,0.0],["Z2 Z5",0.12158203124999999,0.0],["Z2 Z7",0.12158203124999999,0.0],["Z2 Z8",0.12158203124999999,0.0],["Z2 Z9",0.12158203124999999,0.0],["Z3 Z4",0.12158203124999999,0.0],["Z3 Z5",0.12158203124999999,0.0],["Z3 Z6",0.12158203124999999,0.0],["Z3 Z8",0.12158203124999999,0.0],["Z3 Z9",0.12158203124999999,0.0],["Z2 Z3",0.11279296875,0.0],["Z2 Z6",0.099609375,0.0],["Z3 Z7",0.099609375,0.0],["X0 X2",-0.06701627506455879,0.0],["Y0 Y2",-0.06701627506455879,0.0],["Z0 X1 Z2 X3",-0.06701627506455879,0.0],["Z0 Y1 Z2 Y3",-0.06701627506455879,0.0],["Z10 Z14",0.06069958847736625,0.0],["Z10 Z15",0.06069958847736625,0.0],["Z10 Z17",0.06069958847736625,0.0],["Z10 Z18",0.06069958847736625,0.0],["Z10 Z19",0.06069958847736625,0.0],["Z11 Z14",0.06069958847736625,0.0],["Z11 Z15",0.06069958847736625,0.0],["Z11 Z16",0.06069958847736625,0.0],["Z11 Z18",0.06069958847736625,0.0],["Z11 Z19",0.06069958847736625,0.0],["Z20 Z24",0.06069958847736625,0.0],["Z20 Z25",0.06069958847736625,0.0],["Z20 Z27",0.06069958847736625,0.0],["Z20 Z28",0.06069958847736625,0.0],["Z20 Z29",0.06069958847736625,0.0],["Z21 Z24",0.06069958847736625,0.0],["Z21 Z25",0.06069958847736625,0.0],["Z21 Z26",0.06069958847736625,0.0],["Z21 Z28",0.06069958847736625,0.0],["Z21 Z29",0.06069958847736625,0.0],["Z10 Z16",0.05643194634964182,0.0],["Z11 Z17",0.05643194634964182,0.0],["Z20 Z26",0.05643194634964182,0.0],["Z21 Z27",0.05643194634964182,0.0],["Z10 Z13",0.05246913580246913,0.0],["Z11 Z12",0.05246913580246913,0.0],["Z20 Z23",0.05246913580246913,0.0],["Z21 Z22",0.05246913580246913,0.0],["Z16 Z17",0.048925781249999994,0.0],["Z26 Z27",0.048925781249999994,0.0],["Z10 Z12",0.04698216735253772,0.0],["Z11 Z13",0.04698216735253772,0.0],["Z20 Z22",0.04698216735253772,0.0],["Z21 Z23",0.04698216735253772,0.0],["Z14 Z15",0.04628906249999999,0.0],["Z14 Z18",0.04628906249999999,0.0],["Z14 Z19",0.04628906249999999,0.0],["Z15 Z18",0.04628906249999999,0.0],["Z15 Z19",0.04628906249999999,0.0],["Z18 Z19",0.04628906249999999,0.0],["Z24 Z25",0.04628906249999999,0.0],["Z24 Z28",0.04628906249999999,0.0],["Z24 Z29",0.04628906249999999,0.0],["Z25 Z28",0.04628906249999999,0.0],["Z25 Z29",0.04628906249999999,0.0],["Z28 Z29",0.04628906249999999,0.0],["Z14 Z16",0.043652343749999996,0.0],["Z14 Z17",0.043652343749999996,0.0],["Z15 Z16",0.043652343749999996,0.0],["Z15 Z17",0.043652343749999996,0.0],["Z16 Z18",0.043652343749999996,0.0],["Z16 Z19",0.043652343749999996,0.0],["Z17 Z18",0.043652343749999996,0.0],["Z17 Z19",0.043652343749999996,0.0],["Z24 Z26",0.043652343749999996,0.0],["Z24 Z27",0.043652343749999996,0.0],["Z25 Z26",0.043652343749999996,0.0],["Z25 Z27",0.043652343749999996,0.0],["Z26 Z28",0.043652343749999996,0.0],["Z26 Z29",0.043652343749999996,0.0],["Z27 Z28",0.043652343749999996,0.0],["Z27 Z29",0.043652343749999996,0.0],["X10 Z11 X12",0.04057478035025349,0.0],["X11 Z12 X13",0.04057478035025349,0.0],["X20 Z21 X22",0.04057478035025349,0.0],["X21 Z22 X23",0.04057478035025349,0.0],["Y10 Z11 Y12",0.04057478035025349,0.0],["Y11 Z12 Y13",0.04057478035025349,0.0],["Y20 Z21 Y22",0.04057478035025349,0.0],["Y21 Z22 Y23",0.04057478035025349,0.0],["Z12 Z14",0.04052734374999999,0.0],["Z12 Z15",0.04052734374999999,0.0],["Z12 Z17",0.04052734374999999,0.0],["Z12 Z18",0.04052734374999999,0.0],["Z12 Z19",0.04052734374999999,0.0],["Z13 Z14",0.04052734374999999,0.0],["Z13 Z15",0.04052734374999999,0.0],["Z13 Z16",0.04052734374999999,0.0],["Z13 Z18",0.04052734374999999,0.0],["Z13 Z19",0.04052734374999999,0.0],["Z22 Z24",0.04052734374999999,0.0],["Z22 Z25",0.04052734374999999,0.0],["Z22 Z27",0.04052734374999999,0.0],["Z22 Z28",0.04052734374999999,0.0],["Z22 Z29",0.04052734374999999,0.0],["Z23 Z24",0.04052734374999999,0.0],["Z23 Z25",0.04052734374999999,0.0],["Z23 Z26",0.04052734374999999,0.0],["Z23 Z28",0.04052734374999999,0.0],["Z23 Z29",0.04052734374999999,0.0],["Z12 Z13",0.03759765625,0.0],["Z22 Z23",0.03759765625,0.0],["Z12 Z16",0.033203125,0.0],["Z13 Z17",0.033203125,0.0],["Z22 Z26",0.033203125,0.0],["Z23 Z27",0.033203125,0.0],["X10 X12",-0.022338758354852932,0.0],["X20 X22",-0.022338758354852932,0.0],["Y10 Y12",-0.022338758354852932,0.0],["Y20 Y22",-0.022338758354852932,0.0],["Z10 X11 Z12 X13",-0.022338758354852932,0.0],["Z10 Y11 Z12 Y13",-0.022338758354852932,0.0],["Z20 X21 Z22 X23",-0.022338758354852932,0.0],["Z20 Y21 Z22 Y23",-0.022338758354852932,0.0],["X2 X3 Y6 Y7",-0.021972656249999986,0.0],["X2 Y3 Y6 X7",0.021972656249999986,0.0],["Y2 X3 X6 Y7",0.021972656249999986,0.0],["Y2 Y3 X6 X7",-0.021972656249999986,0.0],["X0 X1 Y2 Y3",-0.016460905349794237,0.0],["X0 Y1 Y2 X3",0.016460905349794237,0.0],["Y0 X1 X2 Y3",0.016460905349794237,0.0],["Y0 Y1 X2 X3",-0.016460905349794237,0.0],["X0 Z1 X2 Z6",-0.016090607643000573,0.0],["X1 Z2 X3 Z7",-0.016090607643000573,0.0],["Y0 Z1 Y2 Z6",-0.016090607643000573,0.0],["Y1 Z2 Y3 Z7",-0.016090607643000573,0.0],["X0 X1 Y6 Y7",-0.01280292638317329,0.0],["X0 Y1 Y6 X7",0.01280292638317329,0.0],["Y0 X1 X6 Y7",0.01280292638317329,0.0],["Y0 Y1 X6 X7",-0.01280292638317329,0.0],["X0 Z1 Z2 X3 Y6 Y7",0.009654364585800384,0.0],["X0 Z1 Z2 Y3 Y6 