{"ecore":-1147.7028173374613,"generator":"geovac.viz_export","geovac_version":"0.4.0","has_pk":false,"kind":"qc_system","measurement":{"max_group_size":166,"mean_group_size":13.238095238095237,"min_group_size":2,"n_qwc_groups":21},"metadata":{"M":15,"N_pauli":277,"Q":30,"R_bohr":null,"max_n":2,"propinquity_bound":2.0745510936998897,"propinquity_bound_C3":1.0,"propinquity_bound_asymptotic":1.2732395447351628,"propinquity_bound_source":"Paper 38 Thm 1; gamma_n via L2 closed-form sum rule","system":"MnH"},"n_electrons":7,"n_orbitals":15,"n_qubits":30,"n_terms":278,"one_norm":1235.6619160127907,"one_norm_full":1235.6619160127907,"pauli_terms":[["I",-1186.4873952782002,0.0],["Z0",7.94058165675965,0.0],["Z1",7.94058165675965,0.0],["Z0 Z1",1.09375,0.0],["Z2",0.4522783779149515,0.0],["Z3",0.4522783779149515,0.0],["Z0 Z4",0.42489711934156377,0.0],["Z0 Z5",0.42489711934156377,0.0],["Z0 Z7",0.42489711934156377,0.0],["Z0 Z8",0.42489711934156377,0.0],["Z0 Z9",0.42489711934156377,0.0],["Z1 Z4",0.42489711934156377,0.0],["Z1 Z5",0.42489711934156377,0.0],["Z1 Z6",0.42489711934156377,0.0],["Z1 Z8",0.42489711934156377,0.0],["Z1 Z9",0.42489711934156377,0.0],["Z0 Z6",0.3950236244474928,0.0],["Z1 Z7",0.3950236244474928,0.0],["Z0 Z3",0.3672839506172839,0.0],["Z1 Z2",0.3672839506172839,0.0],["Z14",-0.3661257394547325,0.0],["Z15",-0.3661257394547325,0.0],["Z18",-0.3661257394547325,0.0],["Z19",-0.3661257394547325,0.0],["Z10",-0.3656311918914799,0.0],["Z11",-0.3656311918914799,0.0],["Z16",-0.35189715982700814,0.0],["Z17",-0.35189715982700814,0.0],["Z6 Z7",0.34248046874999993,0.0],["Z0 Z2",0.328875171467764,0.0],["Z1 Z3",0.328875171467764,0.0],["Z4 Z5",0.32402343749999996,0.0],["Z4 Z8",0.32402343749999996,0.0],["Z4 Z9",0.32402343749999996,0.0],["Z5 Z8",0.32402343749999996,0.0],["Z5 Z9",0.32402343749999996,0.0],["Z8 Z9",0.32402343749999996,0.0],["Z12",-0.31038880315500683,0.0],["Z13",-0.31038880315500683,0.0],["Z4 Z6",0.3055664062499999,0.0],["Z4 Z7",0.3055664062499999,0.0],["Z5 Z6",0.3055664062499999,0.0],["Z5 Z7",0.3055664062499999,0.0],["Z6 Z8",0.3055664062499999,0.0],["Z6 Z9",0.3055664062499999,0.0],["Z7 Z8",0.3055664062499999,0.0],["Z7 Z9",0.3055664062499999,0.0],["X0 Z1 X2",0.28402346245177434,0.0],["X1 Z2 X3",0.28402346245177434,0.0],["Y0 Z1 Y2",0.28402346245177434,0.0],["Y1 Z2 Y3",0.28402346245177434,0.0],["Z2 Z4",0.28369140624999994,0.0],["Z2 Z5",0.28369140624999994,0.0],["Z2 Z7",0.28369140624999994,0.0],["Z2 Z8",0.28369140624999994,0.0],["Z2 Z9",0.28369140624999994,0.0],["Z3 Z4",0.28369140624999994,0.0],["Z3 Z5",0.28369140624999994,0.0],["Z3 Z6",0.28369140624999994,0.0],["Z3 Z8",0.28369140624999994,0.0],["Z3 Z9",0.28369140624999994,0.0],["Z2 Z3",0.26318359375,0.0],["Z2 Z6",0.23242187499999997,0.0],["Z3 Z7",0.23242187499999997,0.0],["Z6",0.1617198812109439,0.0],["Z7",0.1617198812109439,0.0],["Z24 Z25",0.16130099826388877,0.0],["Z20 Z21",0.1571867766203704,0.0],["Z20 Z28",0.1571867766203704,0.0],["Z20 Z29",0.1571867766203704,0.0],["Z21 Z28",0.1571867766203704,0.0],["Z21 Z29",0.1571867766203704,0.0],["Z28 Z29",0.1571867766203704,0.0],["X0 X2",-0.15637130848397052,0.0],["Y0 Y2",-0.15637130848397052,0.0],["Z0 X1 Z2 X3",-0.15637130848397052,0.0],["Z0 Y1 Z2 Y3",-0.15637130848397052,0.0],["Z10 Z11",0.15625,0.0],["Z22 Z23",0.1540834780092592,0.0],["Z22 Z26",0.1540834780092592,0.0],["Z22 Z27",0.1540834780092592,0.0],["Z23 Z26",0.1540834780092592,0.0],["Z23 Z27",0.1540834780092592,0.0],["Z26 Z27",0.1540834780092592,0.0],["Z22 Z24",0.1510036892361112,0.0],["Z22 Z25",0.1510036892361112,0.0],["Z23 Z24",0.1510036892361112,0.0],["Z23 Z25",0.1510036892361112,0.0],["Z24 Z26",0.1510036892361112,0.0],["Z24 Z27",0.1510036892361112,0.0],["Z25 Z26",0.1510036892361112,0.0],["Z25 Z27",0.1510036892361112,0.0],["Z20 Z22",0.14686595775462966,0.0],["Z20 Z23",0.14686595775462966,0.0],["Z20 Z26",0.14686595775462966,0.0],["Z20 Z27",0.14686595775462966,0.0],["Z21 Z22",0.14686595775462966,0.0],["Z21 Z23",0.14686595775462966,0.0],["Z21 Z26",0.14686595775462966,0.0],["Z21 Z27",0.14686595775462966,0.0],["Z22 Z28",0.14686595775462966,0.0],["Z22 Z29",0.14686595775462966,0.0],["Z23 Z28",0.14686595775462966,0.0],["Z23 Z29",0.14686595775462966,0.0],["Z26 Z28",0.14686595775462966,0.0],["Z26 Z29",0.14686595775462966,0.0],["Z27 Z28",0.14686595775462966,0.0],["Z27 Z29",0.14686595775462966,0.0],["Z20 Z24",0.14479709201388888,0.0],["Z20 Z25",0.14479709201388888,0.0],["Z21 Z24",0.14479709201388888,0.0],["Z21 Z25",0.14479709201388888,0.0],["Z24 Z28",0.14479709201388888,0.0],["Z24 Z29",0.14479709201388888,0.0],["Z25 Z28",0.14479709201388888,0.0],["Z25 Z29",0.14479709201388888,0.0],["Z4",0.06211982381687231,0.0],["Z5",0.06211982381687231,0.0],["Z8",0.06211982381687231,0.0],["Z9",0.06211982381687231,0.0],["Z10 Z14",0.06069958847736625,0.0],["Z10 Z15",0.06069958847736625,0.0],["Z10 Z17",0.06069958847736625,0.0],["Z10 Z18",0.06069958847736625,0.0],["Z10 Z19",0.06069958847736625,0.0],["Z11 Z14",0.06069958847736625,0.0],["Z11 Z15",0.06069958847736625,0.0],["Z11 Z16",0.06069958847736625,0.0],["Z11 Z18",0.06069958847736625,0.0],["Z11 Z19",0.06069958847736625,0.0],["Z10 Z16",0.05643194634964182,0.0],["Z11 Z17",0.05643194634964182,0.0],["Z10 Z13",0.05246913580246913,0.0],["Z11 Z12",0.05246913580246913,0.0],["X2 X3 Y6 Y7",-0.051269531249999986,0.0],["X2 Y3 Y6 X7",0.051269531249999986,0.0],["Y2 X3 X6 Y7",0.051269531249999986,0.0],["Y2 Y3 X6 X7",-0.051269531249999986,0.0],["Z16 Z17",0.048925781249999994,0.0],["Z10 Z12",0.04698216735253772,0.0],["Z11 Z13",0.04698216735253772,0.0],["Z14 Z15",0.04628906249999999,0.0],["Z14 Z18",0.04628906249999999,0.0],["Z14 Z19",0.04628906249999999,0.0],["Z15 Z18",0.04628906249999999,0.0],["Z15 Z19",0.04628906249999999,0.0],["Z18 Z19",0.04628906249999999,0.0],["Z14 Z16",0.043652343749999996,0.0],["Z14 Z17",0.043652343749999996,0.0],["Z15 Z16",0.043652343749999996,0.0],["Z15 Z17",0.043652343749999996,0.0],["Z16 Z18",0.043652343749999996,0.0],["Z16 Z19",0.043652343749999996,0.0],["Z17 Z18",0.043652343749999996,0.0],["Z17 Z19",0.043652343749999996,0.0],["X10 Z11 X12",0.04057478035025349,0.0],["X11 Z12 X13",0.04057478035025349,0.0],["Y10 Z11 Y12",0.04057478035025349,0.0],["Y11 Z12 Y13",0.04057478035025349,0.0],["Z12 Z14",0.04052734374999999,0.0],["Z12 Z15",0.04052734374999999,0.0],["Z12 Z17",0.04052734374999999,0.0],["Z12 Z18",0.04052734374999999,0.0],["Z12 Z19",0.04052734374999999,0.0],["Z13 Z14",0.04052734374999999,0.0],["Z13 Z15",0.04052734374999999,0.0],["Z13 Z16",0.04052734374999999,0.0],["Z13 Z18",0.04052734374999999,0.0],["Z13 Z19",0.04052734374999999,0.0],["X0 X1 Y2 Y3",-0.038408779149519894,0.0],["X0 Y1 Y2 X3",0.038408779149519894,0.0],["Y0 X1 X2 Y3",0.038408779149519894,0.0],["Y0 Y1 X2 X3",-0.038408779149519894,0.0],["Z12 Z13",0.03759765625,0.0],["X0 Z1 X2 Z6",-0.03754475116700133,0.0],["X1 Z2 X3 Z7",-0.03754475116700133,0.0],["Y0 Z1 Y2 Z6",-0.03754475116700133,0.0],["Y1 Z2 Y3 Z7",-0.03754475116700133,0.0],["Z12 Z16",0.033203125,0.0],["Z13 Z17",0.033203125,0.0],["X0 X1 Y6 Y7",-0.02987349489407101,0.0],["X0 Y1 Y6 X7",0.02987349489407101,0.0],["Y0 X1 X6 Y7",0.02987349489407101,0.0],["Y0 Y1 X6 X7",-0.02987349489407101,0.0],["X0 Z1 Z2 X3 Y6 Y7",0.02252685070020089,0.0],["X0 Z1 Z2 Y3 Y6 X7",-0.02252685070020089,0.0],["X1 X2 X6 X7",0.02252685070020089,0.0],["X1 Y2 Y6 X7",0.02252685070020089,0.0],["Y0 Z1 Z2 X3 X6 Y7",-0.02252685070020089,0.0],["Y0 Z1 Z2 Y3 X6 X7",0.02252685070020089,0.0],["Y1 X2 X6 Y7",0.02252685070020089,0.0],["Y1 Y2 Y6 Y7",0.02252685070020089,0.0],["X10 X12",-0.022338758354852932,0.0],["Y10 Y12",-0.022338758354852932,0.0],["Z10 X11 Z12 X13",-0.022338758354852932,0.0],["Z10 Y11 Z12 Y13",-0.022338758354852932,0.0],["Z24",0.016606987847222116,0.0],["Z25",0.016606987847222116,0.0],["X0 Z1 X2 Z4",-0.015017900466800438,0.0],["X0 Z1 X2 Z5",-0.015017900466800438,0.0],["X0 Z1 X2 Z7",-0.015017900466800438,0.0],["X0 Z1 X2 Z8",-0.015017900466800438,0.0],["X0 Z1 X2 Z9",-0.015017900466800438,0.0],["X1 Z2 X3 Z4",-0.015017900466800438,0.0],["X1 Z2 X3 Z5",-0.015017900466800438,0.0],["X1 Z2 X3 Z6",