{"ecore":-1503.3977777777777,"generator":"geovac.viz_export","geovac_version":"0.4.0","has_pk":false,"kind":"qc_system","measurement":{"max_group_size":166,"mean_group_size":13.238095238095237,"min_group_size":2,"n_qwc_groups":21},"metadata":{"M":15,"N_pauli":277,"Q":30,"R_bohr":null,"max_n":2,"propinquity_bound":2.0745510936998897,"propinquity_bound_C3":1.0,"propinquity_bound_asymptotic":1.2732395447351628,"propinquity_bound_source":"Paper 38 Thm 1; gamma_n via L2 closed-form sum rule","system":"NiH"},"n_electrons":10,"n_orbitals":15,"n_qubits":30,"n_terms":278,"one_norm":1703.603587209232,"one_norm_full":1703.603587209232,"pauli_terms":[["I",-1597.6777232980644,0.0],["Z0",18.84368808108522,0.0],["Z1",18.84368808108522,0.0],["Z2",2.5211119684499312,0.0],["Z3",2.5211119684499312,0.0],["Z6",2.1060284017299207,0.0],["Z7",2.1060284017299207,0.0],["Z4",1.9637426054526763,0.0],["Z5",1.9637426054526763,0.0],["Z8",1.9637426054526759,0.0],["Z9",1.9637426054526759,0.0],["Z0 Z1",1.5625,0.0],["Z24",0.8570576016865086,0.0],["Z25",0.8570576016865086,0.0],["Z20",0.8511801421957668,0.0],["Z21",0.8511801421957668,0.0],["Z28",0.8511801421957668,0.0],["Z29",0.8511801421957668,0.0],["Z26",0.8467468584656082,0.0],["Z27",0.8467468584656082,0.0],["Z22",0.8467468584656077,0.0],["Z23",0.8467468584656077,0.0],["Z0 Z4",0.6069958847736624,0.0],["Z0 Z5",0.6069958847736624,0.0],["Z0 Z7",0.6069958847736624,0.0],["Z0 Z8",0.6069958847736624,0.0],["Z0 Z9",0.6069958847736624,0.0],["Z1 Z4",0.6069958847736624,0.0],["Z1 Z5",0.6069958847736624,0.0],["Z1 Z6",0.6069958847736624,0.0],["Z1 Z8",0.6069958847736624,0.0],["Z1 Z9",0.6069958847736624,0.0],["Z0 Z6",0.5643194634964181,0.0],["Z1 Z7",0.5643194634964181,0.0],["Z0 Z3",0.5246913580246914,0.0],["Z1 Z2",0.5246913580246914,0.0],["Z6 Z7",0.4892578124999999,0.0],["Z0 Z2",0.46982167352537724,0.0],["Z1 Z3",0.46982167352537724,0.0],["Z4 Z5",0.4628906249999999,0.0],["Z4 Z8",0.4628906249999999,0.0],["Z4 Z9",0.4628906249999999,0.0],["Z5 Z8",0.4628906249999999,0.0],["Z5 Z9",0.4628906249999999,0.0],["Z8 Z9",0.4628906249999999,0.0],["Z4 Z6",0.4365234374999999,0.0],["Z4 Z7",0.4365234374999999,0.0],["Z5 Z6",0.4365234374999999,0.0],["Z5 Z7",0.4365234374999999,0.0],["Z6 Z8",0.4365234374999999,0.0],["Z6 Z9",0.4365234374999999,0.0],["Z7 Z8",0.4365234374999999,0.0],["Z7 Z9",0.4365234374999999,0.0],["X0 Z1 X2",0.40574780350253437,0.0],["X1 Z2 X3",0.40574780350253437,0.0],["Y0 Z1 Y2",0.40574780350253437,0.0],["Y1 Z2 Y3",0.40574780350253437,0.0],["Z2 Z4",0.40527343749999994,0.0],["Z2 Z5",0.40527343749999994,0.0],["Z2 Z7",0.40527343749999994,0.0],["Z2 Z8",0.40527343749999994,0.0],["Z2 Z9",0.40527343749999994,0.0],["Z3 Z4",0.40527343749999994,0.0],["Z3 Z5",0.40527343749999994,0.0],["Z3 Z6",0.40527343749999994,0.0],["Z3 Z8",0.40527343749999994,0.0],["Z3 Z9",0.40527343749999994,0.0],["Z2 Z3",0.3759765625,0.0],["Z14",-0.3661257394547325,0.0],["Z15",-0.3661257394547325,0.0],["Z18",-0.3661257394547325,0.0],["Z19",-0.3661257394547325,0.0],["Z10",-0.3656311918914799,0.0],["Z11",-0.3656311918914799,0.0],["Z16",-0.35189715982700814,0.0],["Z17",-0.35189715982700814,0.0],["Z2 Z6",0.33203125,0.0],["Z3 Z7",0.33203125,0.0],["Z12",-0.31038880315500683,0.0],["Z13",-0.31038880315500683,0.0],["Z24 Z25",0.23042999751984108,0.0],["Z20 Z21",0.22455253802910052,0.0],["Z20 Z28",0.22455253802910052,0.0],["Z20 Z29",0.22455253802910052,0.0],["Z21 Z28",0.22455253802910052,0.0],["Z21 Z29",0.22455253802910052,0.0],["Z28 Z29",0.22455253802910052,0.0],["X0 X2",-0.22338758354852933,0.0],["Y0 Y2",-0.22338758354852933,0.0],["Z0 X1 Z2 X3",-0.22338758354852933,0.0],["Z0 Y1 Z2 Y3",-0.22338758354852933,0.0],["Z22 Z23",0.22011925429894172,0.0],["Z22 Z26",0.22011925429894172,0.0],["Z22 Z27",0.22011925429894172,0.0],["Z23 Z26",0.22011925429894172,0.0],["Z23 Z27",0.22011925429894172,0.0],["Z26 Z27",0.22011925429894172,0.0],["Z22 Z24",0.2157195560515874,0.0],["Z22 Z25",0.2157195560515874,0.0],["Z23 Z24",0.2157195560515874,0.0],["Z23 Z25",0.2157195560515874,0.0],["Z24 Z26",0.2157195560515874,0.0],["Z24 Z27",0.2157195560515874,0.0],["Z25 Z26",0.2157195560515874,0.0],["Z25 Z27",0.2157195560515874,0.0],["Z20 Z22",0.20980851107804235,0.0],["Z20 Z23",0.20980851107804235,0.0],["Z20 Z26",0.20980851107804235,0.0],["Z20 Z27",0.20980851107804235,0.0],["Z21 Z22",0.20980851107804235,0.0],["Z21 Z23",0.20980851107804235,0.0],["Z21 Z26",0.20980851107804235,0.0],["Z21 Z27",0.20980851107804235,0.0],["Z22 Z28",0.20980851107804235,0.0],["Z22 Z29",0.20980851107804235,0.0],["Z23 Z28",0.20980851107804235,0.0],["Z23 Z29",0.20980851107804235,0.0],["Z26 Z28",0.20980851107804235,0.0],["Z26 Z29",0.20980851107804235,0.0],["Z27 Z28",0.20980851107804235,0.0],["Z27 Z29",0.20980851107804235,0.0],["Z20 Z24",0.2068529885912698,0.0],["Z20 Z25",0.2068529885912698,0.0],["Z21 Z24",0.2068529885912698,0.0],["Z21 Z25",0.2068529885912698,0.0],["Z24 Z28",0.2068529885912698,0.0],["Z24 Z29",0.2068529885912698,0.0],["Z25 Z28",0.2068529885912698,0.0],["Z25 Z29",0.2068529885912698,0.0],["Z10 Z11",0.15625,0.0],["X2 X3 Y6 Y7",-0.07324218749999996,0.0],["X2 Y3 Y6 X7",0.07324218749999996,0.0],["Y2 X3 X6 Y7",0.07324218749999996,0.0],["Y2 Y3 X6 X7",-0.07324218749999996,0.0],["Z10 Z14",0.06069958847736625,0.0],["Z10 Z15",0.06069958847736625,0.0],["Z10 Z17",0.06069958847736625,0.0],["Z10 Z18",0.06069958847736625,0.0],["Z10 Z19",0.06069958847736625,0.0],["Z11 Z14",0.06069958847736625,0.0],["Z11 Z15",0.06069958847736625,0.0],["Z11 Z16",0.06069958847736625,0.0],["Z11 Z18",0.06069958847736625,0.0],["Z11 Z19",0.06069958847736625,0.0],["Z10 Z16",0.05643194634964182,0.0],["Z11 Z17",0.05643194634964182,0.0],["X0 X1 Y2 Y3",-0.05486968449931413,0.0],["X0 Y1 Y2 X3",0.05486968449931413,0.0],["Y0 X1 X2 Y3",0.05486968449931413,0.0],["Y0 Y1 X2 X3",-0.05486968449931413,0.0],["X0 Z1 X2 Z6",-0.053635358810001914,0.0],["X1 Z2 X3 Z7",-0.053635358810001914,0.0],["Y0 Z1 Y2 Z6",-0.053635358810001914,0.0],["Y1 Z2 Y3 Z7",-0.053635358810001914,0.0],["Z10 Z13",0.05246913580246913,0.0],["Z11 Z12",0.05246913580246913,0.0],["Z16 Z17",0.048925781249999994,0.0],["Z10 Z12",0.04698216735253772,0.0],["Z11 Z13",0.04698216735253772,0.0],["Z14 Z15",0.04628906249999999,0.0],["Z14 Z18",0.04628906249999999,0.0],["Z14 Z19",0.04628906249999999,0.0],["Z15 Z18",0.04628906249999999,0.0],["Z15 Z19",0.04628906249999999,0.0],["Z18 Z19",0.04628906249999999,0.0],["Z14 Z16",0.043652343749999996,0.0],["Z14 Z17",0.043652343749999996,0.0],["Z15 Z16",0.043652343749999996,0.0],["Z15 Z17",0.043652343749999996,0.0],["Z16 Z18",0.043652343749999996,0.0],["Z16 Z19",0.043652343749999996,0.0],["Z17 Z18",0.043652343749999996,0.0],["Z17 Z19",0.043652343749999996,0.0],["X0 X1 Y6 Y7",-0.042676421277244296,0.0],["X0 Y1 Y6 X7",0.042676421277244296,0.0],["Y0 X1 X6 Y7",0.042676421277244296,0.0],["Y0 Y1 X6 X7",-0.042676421277244296,0.0],["X10 Z11 X12",0.04057478035025349,0.0],["X11 Z12 X13",0.04057478035025349,0.0],["Y10 Z11 Y12",0.04057478035025349,0.0],["Y11 Z12 Y13",0.04057478035025349,0.0],["Z12 Z14",0.04052734374999999,0.0],["Z12 Z15",0.04052734374999999,0.0],["Z12 Z17",0.04052734374999999,0.0],["Z12 Z18",0.04052734374999999,0.0],["Z12 Z19",0.04052734374999999,0.0],["Z13 Z14",0.04052734374999999,0.0],["Z13 Z15",0.04052734374999999,0.0],["Z13 Z16",0.04052734374999999,0.0],["Z13 Z18",0.04052734374999999,0.0],["Z13 Z19",0.04052734374999999,0.0],["Z12 Z13",0.03759765625,0.0],["Z12 Z16",0.033203125,0.0],["Z13 Z17",0.033203125,0.0],["X0 Z1 Z2 X3 Y6 Y7",0.032181215286001284,0.0],["X0 Z1 Z2 Y3 Y6 X7",-0.032181215286001284,0.0],["X1 X2 X6 X7",0.032181215286001284,0.0],["X1 Y2 Y6 X7",0.032181215286001284,0.0],["Y0 Z1 Z2 X3 X6 Y7",-0.032181215286001284,0.0],["Y0 Z1 Z2 Y3 X6 X7",0.032181215286001284,0.0],["Y1 X2 X6 Y7",0.032181215286001284,0.0],["Y1 Y2 Y6 Y7",0.032181215286001284,0.0],["X10 X12",-0.022338758354852932,0.0],["Y10 Y12",-0.022338758354852932,0.0],["Z10 X11 Z12 X13",-0.022338758354852932,0.0],["Z10 Y11 Z12 Y13",-0.022338758354852932,0.0],["X0 Z1 X2 Z4",-0.021454143524000623,0.0],["X0 Z1 X2 Z5",-0.021454143524000623,0.0],["X0 