{
  "description": "LiH composed PES l_max convergence with variational 2D solver",
  "reference": {
    "R_eq": 3.015,
    "D_e": 0.092
  },
  "results": [
    {
      "l_max": 2,
      "R_eq_spline": 3.18060155815735,
      "E_min_spline": -8.185760171043746,
      "R_eq_error_pct": 5.4925889936102745,
      "D_e": 0.23487099946213874,
      "D_e_error_pct": 155.2945646327595,
      "E_dissoc": -7.950889171581608,
      "wall_time_total": 267.1213936805725,
      "wall_time_per_pt_avg": 13.480496138334274,
      "wall_times": [
        12.915176391601562,
        12.64513874053955,
        12.99003291130066,
        12.93634819984436,
        13.207149267196655,
        13.205101251602173,
        13.001322269439697,
        12.86768102645874,
        11.714649677276611,
        11.884345054626465,
        12.340087175369263,
        12.730425119400024,
        14.377969741821289,
        15.901526927947998,
        16.04709815979004,
        16.9238862991333
      ],
      "R_valid": [
        2.4,
        2.6,
        2.7,
        2.8,
        2.9,
        3.0,
        3.05,
        3.1,
        3.15,
        3.2,
        3.3,
        3.5,
        4.0,
        5.0,
        6.0,
        8.0
      ],
      "E_valid": [
        -8.151555884619341,
        -8.166537289999226,
        -8.173830451036338,
        -8.177252895779212,
        -8.182343074171257,
        -8.184193695451132,
        -8.185214890563023,
        -8.184905869772656,
        -8.185586473097592,
        -8.185719746600721,
        -8.184848554166283,
        -8.180187187308851,
        -8.161702762088895,
        -8.106041398094645,
        -8.048903453018431,
        -7.950889171581608
      ]
    },
    {
      "l_max": 3,
      "R_eq_spline": 3.3292257445706332,
      "E_min_spline": -8.208914619574525,
      "R_eq_error_pct": 10.422081080286338,
      "D_e": 0.17813192118743615,
      "D_e_error_pct": 93.62165346460452,
      "E_dissoc": -8.030782698387089,
      "wall_time_total": 661.1305108070374,
      "wall_time_per_pt_avg": 35.950455501675606,
      "wall_times": [
        36.66516184806824,
        33.247363805770874,
        37.64833211898804,
        38.64963388442993,
        34.87958860397339,
        35.501293897628784,
        41.0675323009491,
        35.16994309425354,
        33.69541144371033,
        35.4974730014801,
        31.633158445358276,
        32.41265296936035,
        38.11538910865784,
        33.999016761779785,
        37.19349646568298,
        39.83184027671814
      ],
      "R_valid": [
        2.4,
        2.6,
        2.7,
        2.8,
        2.9,
        3.0,
        3.05,
        3.1,
        3.15,
        3.2,
        3.3,
        3.5,
        4.0,
        5.0,
        6.0,
        8.0
      ],
      "E_valid": [
        -8.16064856023118,
        -8.178751065541755,
        -8.187640764997717,
        -8.192784256470379,
        -8.199511007677028,
        -8.203092194554642,
        -8.204943002764379,
        -8.20554987521284,
        -8.20703943885115,
        -8.208023245921403,
        -8.20887049685232,
        -8.207787116974291,
        -8.197984583996757,
        -8.158864245153701,
        -8.114635486077033,
        -8.030782698387089
      ]
    },
    {
      "l_max": 4,
      "R_eq_spline": 3.6289320731344024,
      "E_min_spline": -8.249628571445005,
      "R_eq_error_pct": 20.3625894903616,
      "D_e": 0.14707100760136882,
      "D_e_error_pct": 59.859790871053065,
      "E_dissoc": -8.102557563843636,
      "wall_time_total": 1625.9743943214417,
      "wall_time_per_pt_avg": 94.8019727319479,
      "wall_times": [
        105.2435462474823,
        112.39144039154053,
        122.29253196716309,
        121.46732497215271,
        108.7501118183136,
        105.27794218063354,
        88.9437415599823,
        100.83326697349548,
        92.20850133895874,
        81.3409628868103,
        75.05313682556152,
        75.09091782569885,
        80.00147604942322,
        78.79271578788757,
        84.6816999912262,
        84.46224689483643
      ],
      "R_valid": [
        2.4,
        2.6,
        2.7,
        2.8,
        2.9,
        3.0,
        3.05,
        3.1,
        3.15,
        3.2,
        3.3,
        3.5,
        4.0,
        5.0,
        6.0,
        8.0
      ],
      "E_valid": [
        -8.180575882220058,
        -8.202773939667209,
        -8.21382504094769,
        -8.221047568939465,
        -8.229936294056941,
        -8.235542328657056,
        -8.238390901651588,
        -8.239958381993787,
        -8.242396893299519,
        -8.244334893433606,
        -8.246972762379567,
        -8.249295298061732,
        -8.246862232389434,
        -8.217978738045327,
        -8.1800721908898,
        -8.102557563843636
      ]
    }
  ],
  "cbs_extrapolation": {
    "R_eq_CBS": 3.73381179462711,
    "R_eq_CBS_err_pct": 23.841187218146267,
    "D_e_CBS": 0.11095433900712369,
    "D_e_CBS_err_pct": 20.60254239904749
  },
  "convergence_class": "MONOTONIC"
}