{"Z":1,"edge_weighting":"binary","edges":[[0,1,"radial"],[1,5,"radial"],[2,3,"angular"],[2,6,"radial"],[3,4,"angular"],[3,7,"radial"],[4,8,"radial"],[5,14,"radial"],[6,7,"angular"],[6,15,"radial"],[7,8,"angular"],[7,16,"radial"],[8,17,"radial"],[9,10,"angular"],[9,18,"radial"],[10,11,"angular"],[10,19,"radial"],[11,12,"angular"],[11,20,"radial"],[12,13,"angular"],[12,21,"radial"],[13,22,"radial"],[15,16,"angular"],[16,17,"angular"],[18,19,"angular"],[19,20,"angular"],[20,21,"angular"],[21,22,"angular"],[23,24,"angular"],[24,25,"angular"],[25,26,"angular"],[26,27,"angular"],[27,28,"angular"],[28,29,"angular"]],"generator":"geovac.viz_export","geovac_version":"0.4.0","kind":"lattice","max_n":4,"node_weight_rule":"-Z/n^2","node_weights":[-1.0,-0.25,-0.25,-0.25,-0.25,-0.1111111111111111,-0.1111111111111111,-0.1111111111111111,-0.1111111111111111,-0.1111111111111111,-0.1111111111111111,-0.1111111111111111,-0.1111111111111111,-0.1111111111111111,-0.0625,-0.0625,-0.0625,-0.0625,-0.0625,-0.0625,-0.0625,-0.0625,-0.0625,-0.0625,-0.0625,-0.0625,-0.0625,-0.0625,-0.0625,-0.0625],"num_edges":34,"num_states":30,"schema_version":1,"shells":[{"degeneracy":1,"n":1},{"degeneracy":4,"n":2},{"degeneracy":9,"n":3},{"degeneracy":16,"n":4}],"states":[[1,0,0],[2,0,0],[2,1,-1],[2,1,0],[2,1,1],[3,0,0],[3,1,-1],[3,1,0],[3,1,1],[3,2,-2],[3,2,-1],[3,2,0],[3,2,1],[3,2,2],[4,0,0],[4,1,-1],[4,1,0],[4,1,1],[4,2,-2],[4,2,-1],[4,2,0],[4,2,1],[4,2,2],[4,3,-3],[4,3,-2],[4,3,-1],[4,3,0],[4,3,1],[4,3,2],[4,3,3]]}
