{"Z":1,"edge_weighting":"binary","edges":[[0,1,"radial"],[1,5,"radial"],[2,3,"angular"],[2,6,"radial"],[3,4,"angular"],[3,7,"radial"],[4,8,"radial"],[6,7,"angular"],[7,8,"angular"],[9,10,"angular"],[10,11,"angular"],[11,12,"angular"],[12,13,"angular"]],"generator":"geovac.viz_export","geovac_version":"0.4.0","kind":"lattice","max_n":3,"node_weight_rule":"-Z/n^2","node_weights":[-1.0,-0.25,-0.25,-0.25,-0.25,-0.1111111111111111,-0.1111111111111111,-0.1111111111111111,-0.1111111111111111,-0.1111111111111111,-0.1111111111111111,-0.1111111111111111,-0.1111111111111111,-0.1111111111111111],"num_edges":13,"num_states":14,"schema_version":1,"shells":[{"degeneracy":1,"n":1},{"degeneracy":4,"n":2},{"degeneracy":9,"n":3}],"states":[[1,0,0],[2,0,0],[2,1,-1],[2,1,0],[2,1,1],[3,0,0],[3,1,-1],[3,1,0],[3,1,1],[3,2,-2],[3,2,-1],[3,2,0],[3,2,1],[3,2,2]]}
