{
  "2d_lmax1": {
    "method": "2d",
    "l_max": 1,
    "n_ch": 4,
    "E_min": -1.0698350624206596,
    "R_eq": 1.2,
    "D_e": 0.06983506242065962,
    "D_e_pct": 40.02697450602374,
    "dE_cusp_at_Req": -0.006708359364457636,
    "D_e_corrected": 0.0765434217851173,
    "D_e_pct_corrected": 43.87196755036242,
    "D_e_pes_corrected": 0.0765434217851173,
    "D_e_pct_pes_corrected": 43.87196755036242
  },
  "2d_lmax2": {
    "method": "2d",
    "l_max": 2,
    "n_ch": 9,
    "E_min": -1.1508039528007492,
    "R_eq": 1.4,
    "D_e": 0.1508039528007492,
    "D_e_pct": 86.43546328924698,
    "dE_cusp_at_Req": -0.001736908049342607,
    "D_e_corrected": 0.15254086085009178,
    "D_e_pct_corrected": 87.43099722020507,
    "D_e_pes_corrected": 0.15254086085009178,
    "D_e_pct_pes_corrected": 87.43099722020507
  },
  "2d_lmax3": {
    "method": "2d",
    "l_max": 3,
    "n_ch": 12,
    "E_min": -1.1519528822978686,
    "R_eq": 1.4,
    "D_e": 0.15195288229786863,
    "D_e_pct": 87.0939888220718,
    "dE_cusp_at_Req": -0.0007491151869771562,
    "D_e_corrected": 0.1527019974848458,
    "D_e_pct_corrected": 87.52335500936884,
    "D_e_pes_corrected": 0.1527019974848458,
    "D_e_pct_pes_corrected": 87.52335500936884
  },
  "2d_lmax4": {
    "method": "2d",
    "l_max": 4,
    "n_ch": 17,
    "E_min": -1.1637800086900159,
    "R_eq": 1.4,
    "D_e": 0.16378000869001585,
    "D_e_pct": 93.87287710782132,
    "dE_cusp_at_Req": -0.000387632133480959,
    "D_e_corrected": 0.16416764082349689,
    "D_e_pct_corrected": 94.09505406287437,
    "D_e_pes_corrected": 0.16416764082349689,
    "D_e_pct_pes_corrected": 94.09505406287437
  },
  "2d_lmax5": {
    "method": "2d",
    "l_max": 5,
    "n_ch": 22,
    "E_min": -1.16392195589731,
    "R_eq": 1.4,
    "D_e": 0.16392195589730996,
    "D_e_pct": 93.95423619952426,
    "dE_cusp_at_Req": -0.00022564253897601607,
    "D_e_corrected": 0.1641475984362859,
    "D_e_pct_corrected": 94.08356647921472,
    "D_e_pes_corrected": 0.1641475984362859,
    "D_e_pct_pes_corrected": 94.08356647921472
  },
  "2d_lmax6": {
    "method": "2d",
    "l_max": 6,
    "n_ch": 29,
    "E_min": -1.1668682016901757,
    "R_eq": 1.4,
    "D_e": 0.1668682016901757,
    "D_e_pct": 95.64291952208156,
    "dE_cusp_at_Req": -0.00014260313062874108,
    "D_e_corrected": 0.16701080482080433,
    "D_e_pct_corrected": 95.7246545657158,
    "D_e_pes_corrected": 0.16701080482080433,
    "D_e_pct_pes_corrected": 95.7246545657158
  },
  "adiabatic_lmax1": {
    "method": "adiabatic",
    "l_max": 1,
    "n_ch": 4,
    "E_min": -1.084810381831102,
    "R_eq": 1.2,
    "D_e": 0.0848103818311019,
    "D_e_pct": 48.610295082880675,
    "dE_cusp_at_Req": -0.006708359364457636,
    "D_e_corrected": 0.09151874119555958,
    "D_e_pct_corrected": 52.45528812721935,
    "D_e_pes_corrected": 0.09151874119555958,
    "D_e_pct_pes_corrected": 52.45528812721935
  },
  "adiabatic_lmax2": {
    "method": "adiabatic",
    "l_max": 2,
    "n_ch": 9,
    "E_min": -1.1677937266937772,
    "R_eq": 1.4,
    "D_e": 0.16779372669377723,
    "D_e_pct": 96.17339754328952,
    "dE_cusp_at_Req": -0.001736908049342607,
    "D_e_corrected": 0.1695306347431198,
    "D_e_pct_corrected": 97.16893147424761,
    "D_e_pes_corrected": 0.1695306347431198,
    "D_e_pct_pes_corrected": 97.16893147424761
  },
  "adiabatic_lmax3": {
    "method": "adiabatic",
    "l_max": 3,
    "n_ch": 12,
    "E_min": -1.1690081819369231,
    "R_eq": 1.4,
    "D_e": 0.16900818193692313,
    "D_e_pct": 96.86948010369872,
    "dE_cusp_at_Req": -0.0007491151869771562,
    "D_e_corrected": 0.1697572971239003,
    "D_e_pct_corrected": 97.29884629099577,
    "D_e_pes_corrected": 0.1697572971239003,
    "D_e_pct_pes_corrected": 97.29884629099577
  },
  "adiabatic_lmax4": {
    "method": "adiabatic",
    "l_max": 4,
    "n_ch": 17,
    "E_min": -1.1814510315862337,
    "R_eq": 1.4,
    "D_e": 0.18145103158623366,
    "D_e_pct": 104.00127906587588,
    "dE_cusp_at_Req": -0.000387632133480959,
    "D_e_corrected": 0.1818386637197147,
    "D_e_pct_corrected": 104.22345602092892,
    "D_e_pes_corrected": 0.1818386637197147,
    "D_e_pct_pes_corrected": 104.22345602092892
  },
  "adiabatic_lmax5": {
    "method": "adiabatic",
    "l_max": 5,
    "n_ch": 22,
    "E_min": -1.1816081455881133,
    "R_eq": 1.4,
    "D_e": 0.18160814558811333,
    "D_e_pct": 104.09133122491738,
    "dE_cusp_at_Req": -0.00022564253897601607,
    "D_e_corrected": 0.18183378812708928,
    "D_e_pct_corrected": 104.22066150460785,
    "D_e_pes_corrected": 0.18183378812708928,
    "D_e_pct_pes_corrected": 104.22066150460785
  },
  "adiabatic_lmax6": {
    "method": "adiabatic",
    "l_max": 6,
    "n_ch": 29,
    "E_min": -1.184500118114403,
    "R_eq": 1.4,
    "D_e": 0.18450011811440303,
    "D_e_pct": 105.74890704098301,
    "dE_cusp_at_Req": -0.00014260313062874108,
    "D_e_corrected": 0.18464272124503167,
    "D_e_pct_corrected": 105.83064208461724,
    "D_e_pes_corrected": 0.18464272124503167,
    "D_e_pct_pes_corrected": 105.83064208461724
  }
}