{
  "lmax2_adiabatic": {
    "l_max": 2,
    "method": "adiabatic",
    "R_eq": 3.2,
    "E_min": -8.202759963573445,
    "D_e": 0.13762733732938415,
    "R_eq_err_pct": 6.135986733001659,
    "D_e_err_pct": 49.59493187976538,
    "R_grid": [
      2.0,
      2.5,
      2.8,
      3.0,
      3.2,
      3.5,
      4.0,
      5.0,
      6.0
    ],
    "E_composed": [
      -8.126227495554803,
      -8.180009417243795,
      -8.196594557523039,
      -8.201834827180644,
      -8.202759963573445,
      -8.198545082818756,
      -8.17943182752224,
      -8.123709323054976,
      -8.065132626244061
    ],
    "E_elec": [
      -1.3027285062184166,
      -1.2564694985567142,
      -1.230195755352998,
      -1.211626263224316,
      -1.1917179951406647,
      -1.1607173746930068,
      -1.1058898289447656,
      -1.0001673242327147,
      -0.9082572940878703
    ],
    "wall_times": [
      9.847254991531372,
      9.351135730743408,
      9.210639953613281,
      9.210641384124756,
      9.281148433685303,
      9.228548288345337,
      9.222140550613403,
      9.202099800109863,
      9.233492374420166
    ],
    "avg_time_per_R": 9.309677945242989,
    "total_time": 83.78745198249817,
    "core_time": 30.924241304397583
  },
  "lmax2_variational_2d": {
    "l_max": 2,
    "method": "variational_2d",
    "R_eq": 3.2,
    "E_min": -8.185719746600721,
    "D_e": 0.13681629358228875,
    "R_eq_err_pct": 6.135986733001659,
    "D_e_err_pct": 48.7133625894443,
    "R_grid": [
      2.0,
      2.5,
      2.8,
      3.0,
      3.2,
      3.5,
      4.0,
      5.0,
      6.0
    ],
    "E_composed": [
      -8.099987529631768,
      -8.159504865602207,
      -8.177252895779212,
      -8.184193695451132,
      -8.185719746600721,
      -8.180187187308851,
      -8.161702762088895,
      -8.106041398094645,
      -8.048903453018433
    ],
    "E_elec": [
      -1.2764885402953814,
      -1.2359649469151262,
      -1.2108540936091718,
      -1.1939851314948045,
      -1.1746777781679414,
      -1.142359479183103,
      -1.08816076351142,
      -0.9824993992723843,
      -0.8920281208622403
    ],
    "wall_times": [
      6.197593688964844,
      6.168105602264404,
      6.278468608856201,
      6.09389066696167,
      6.166268825531006,
      6.23853611946106,
      6.80629825592041,
      7.38726019859314,
      7.836389780044556
    ],
    "avg_time_per_R": 6.574756860733032,
    "total_time": 59.17324900627136,
    "core_time": 30.821358680725098
  },
  "lmax3_variational_2d": {
    "l_max": 3,
    "method": "variational_2d",
    "R_eq": 3.2,
    "E_min": -8.208023245921403,
    "D_e": 0.09338775984437042,
    "R_eq_err_pct": 6.135986733001659,
    "D_e_err_pct": 1.5084346134461122,
    "R_grid": [
      2.0,
      2.5,
      2.8,
      3.0,
      3.2,
      3.5,
      4.0,
      5.0,
      6.0
    ],
    "E_composed": [
      -8.104144946589852,
      -8.170129534110044,
      -8.192784256470379,
      -8.203092194554642,
      -8.208023245921403,
      -8.207787116974291,
      -8.197984583996757,
      -8.158864245153701,
      -8.114635486077033
    ],
    "E_elec": [
      -1.2799651100494698,
      -1.2459087682189693,
      -1.225704607096344,
      -1.2122027833943203,
      -1.1963004302846272,
      -1.169278561644548,
      -1.1237617382152865,
      -1.0346413991274455,
      -0.9570793067168464
    ],
    "wall_times": [
      18.851606845855713,
      18.590097665786743,
      18.316859483718872,
      17.915117740631104,
      18.496259450912476,
      18.461944818496704,
      20.437629222869873,
      20.258206367492676,
      20.060909748077393
    ],
    "avg_time_per_R": 19.043181260426838,
    "total_time": 171.3890745639801,
    "core_time": 52.230379819869995
  },
  "drift_var2d_lmax2_to_3": 0.0
}