{
  "Z2": {
    "E_computed": -2.9274728053286485,
    "E_exact": -2.9037,
    "error_pct": 0.8187073502306828,
    "time_s": 9.73870849609375,
    "R_max": 30.0,
    "status": "OK"
  },
  "Z3": {
    "E_computed": -7.321554065177043,
    "E_exact": -7.2799,
    "error_pct": 0.5721790845622003,
    "time_s": 9.545861721038818,
    "R_max": 20.0,
    "status": "OK",
    "A": 6.927154360404561,
    "B": 6.7953257614510125,
    "r_core": 0.2712563174717317,
    "E_core_per_electron": -3.6616771802022807,
    "E_val_est": -0.1981,
    "B_candidates": {
      "rms": {
        "r": 0.6774006179449273,
        "B": 1.0896294367738053
      },
      "peak": {
        "r": 0.8166666666666669,
        "B": 0.7496876301541021
      },
      "median": {
        "r": 0.5010053076006569,
        "B": 1.9919817297742246
      },
      "inv2": {
        "r": 0.2712563174717317,
        "B": 6.7953257614510125
      }
    },
    "pk_status": "OK",
    "A_z2_from_Li": 6.927154360404561,
    "B_z2_from_Li": 6.7953257614510125,
    "A_z2_err_pct": 0.0,
    "B_z2_err_pct": 0.0
  },
  "Z4": {
    "E_computed": -13.696016934033826,
    "E_exact": -13.6556,
    "error_pct": 0.29597332987072505,
    "time_s": 9.080949544906616,
    "R_max": 15.0,
    "status": "OK",
    "A": 13.013872353592095,
    "B": 12.101737993180455,
    "r_core": 0.20326430955373628,
    "E_core_per_electron": -6.849536176796048,
    "E_val_est": -0.3426,
    "B_candidates": {
      "rms": {
        "r": 0.49124383049950515,
        "B": 2.0719333745791935
      },
      "peak": {
        "r": 0.5833333333333335,
        "B": 1.46938775510204
      },
      "median": {
        "r": 0.36625188666817254,
        "B": 3.727436582668731
      },
      "inv2": {
        "r": 0.20326430955373628,
        "B": 12.101737993180455
      }
    },
    "pk_status": "OK",
    "A_z2_from_Li": 12.314941085163664,
    "B_z2_from_Li": 12.080579131468467,
    "A_z2_err_pct": 5.370663315561967,
    "B_z2_err_pct": 0.1748415122184273
  },
  "Z5": {
    "E_computed": -22.006670975899944,
    "E_exact": -22.031,
    "error_pct": 0.11043086605263087,
    "time_s": 9.424634218215942,
    "R_max": 12.0,
    "status": "OK",
    "A": 21.40155653994126,
    "B": 18.4604465875289,
    "r_core": 0.1645750139675251,
    "E_core_per_electron": -11.00567826997063,
    "E_val_est": -0.3049,
    "B_candidates": {
      "rms": {
        "r": 0.3873268025109832,
        "B": 3.33284336217917
      },
      "peak": {
        "r": 0.41666666666666674,
        "B": 2.879999999999999
      },
      "median": {
        "r": 0.289944106344443,
        "B": 5.947595629950073
      },
      "inv2": {
        "r": 0.1645750139675251,
        "B": 18.4604465875289
      }
    },
    "pk_status": "OK",
    "A_z2_from_Li": 19.24209544556823,
    "B_z2_from_Li": 18.875904892919483,
    "A_z2_err_pct": 10.090205777055875,
    "B_z2_err_pct": 2.2505322578233256
  },
  "Z6": {
    "E_computed": -32.186630536582726,
    "E_exact": -32.4062,
    "error_pct": 0.6775538736947636,
    "time_s": 9.650295734405518,
    "R_max": 10.0,
    "status": "OK",
    "A": 31.365748343697124,
    "B": 25.538878548327276,
    "r_core": 0.13992138353317202,
    "E_core_per_electron": -16.096674171848562,
    "E_val_est": -0.4138,
    "B_candidates": {
      "rms": {
        "r": 0.3213290656157311,
        "B": 4.842503931891394
      },
      "peak": {
        "r": 0.3833333333333334,
        "B": 3.402646502835537
      },
      "median": {
        "r": 0.24194436847280779,
        "B": 8.541594864369085
      },
      "inv2": {
        "r": 0.13992138353317202,
        "B": 25.538878548327276
      }
    },
    "pk_status": "OK",
    "A_z2_from_Li": 27.708617441618244,
    "B_z2_from_Li": 27.18130304580405,
    "A_z2_err_pct": 11.659632226864346,
    "B_z2_err_pct": 6.431075250108618
  },
  "Z7": {
    "E_computed": -44.15247809163715,
    "E_exact": -44.7814,
    "error_pct": 1.4044266332960742,
    "time_s": 9.908197164535522,
    "R_max": 10.0,
    "status": "OK",
    "A": 43.093464019392215,
    "B": 33.05020243057476,
    "r_core": 0.12299796900392895,
    "E_core_per_electron": -22.080832009696106,
    "E_val_est": -0.5341,
    "B_candidates": {
      "rms": {
        "r": 0.27637412368581465,
        "B": 6.54598863920963
      },
      "peak": {
        "r": 0.3166666666666667,
        "B": 4.986149584487533
      },
      "median": {
        "r": 0.2095671252881582,
        "B": 11.384755083917891
      },
      "inv2": {
        "r": 0.12299796900392895,
        "B": 33.05020243057476
      }
    },
    "pk_status": "OK",
    "A_z2_from_Li": 37.714507073313726,
    "B_z2_from_Li": 36.99677359012219,
    "A_z2_err_pct": 12.482071396390735,
    "B_z2_err_pct": 11.941140656664956
  },
  "Z9": {
    "E_computed": -73.06871697969436,
    "E_exact": -75.5316,
    "error_pct": 3.260731958949155,
    "time_s": 9.542605876922607,
    "R_max": 10.0,
    "status": "OK",
    "A": 71.80350673687772,
    "B": 48.608676753601074,
    "r_core": 0.10142105009162146,
    "E_core_per_electron": -36.54215336843886,
    "E_val_est": -0.6404,
    "B_candidates": {
      "rms": {
        "r": 0.22029476002848375,
        "B": 10.302951850333956
      },
      "peak": {
        "r": 0.25000000000000006,
        "B": 7.9999999999999964
      },
      "median": {
        "r": 0.1681395724403472,
        "B": 17.686020614825736
      },
      "inv2": {
        "r": 0.10142105009162146,
        "B": 48.608676753601074
      }
    },
    "pk_status": "OK",
    "A_z2_from_Li": 62.34438924364105,
    "B_z2_from_Li": 61.15793185305911,
    "A_z2_err_pct": 13.173614943207983,
    "B_z2_err_pct": 25.816903354663634
  }
}