{
  "k_true": 0.06589297708601588,
  "rows": [
    {
      "l_max": 2,
      "n_ch": 9,
      "tilt": -0.0166713271927954,
      "curv": 0.09977867688346713,
      "curv_over_k": 1.5142535865881015,
      "R_eq": 3.176096948986782,
      "R_eq_err_pct": 5.343182387621284,
      "n_fit": 7
    },
    {
      "l_max": 3,
      "n_ch": 16,
      "tilt": -0.03819735576121188,
      "curv": 0.09552933369749189,
      "curv_over_k": 1.4497650268979207,
      "R_eq": 3.4878198858727663,
      "R_eq_err_pct": 15.68225160440352,
      "n_fit": 7
    },
    {
      "l_max": 4,
      "n_ch": 25,
      "tilt": -0.06187384022598949,
      "curv": 0.10302672882038695,
      "curv_over_k": 1.563546425985536,
      "R_eq": 3.782895897508868,
      "R_eq_err_pct": 25.469183996977375,
      "n_fit": 7
    }
  ]
}