{
  "reach2": {
    "n_max": 3,
    "R": 3.015,
    "dim": 14,
    "cross_m_max": 0.0,
    "comm_global": 0.49984746331100094,
    "comm_max_block": 0.49984746331100094,
    "faithful": true,
    "per_m": {
      "-2": {
        "dim": 1,
        "states": [
          [
            3,
            2
          ]
        ],
        "sigma": [
          0.9273475357619668
        ],
        "comm_norm": 0.3470145728854591,
        "l_mixing": false
      },
      "-1": {
        "dim": 3,
        "states": [
          [
            2,
            1
          ],
          [
            3,
            1
          ],
          [
            3,
            2
          ]
        ],
        "sigma": [
          0.9919278778980467,
          0.8851617151143292,
          0.8057824607275318
        ],
        "comm_norm": 0.4771937521645357,
        "l_mixing": true
      },
      "0": {
        "dim": 6,
        "states": [
          [
            1,
            0
          ],
          [
            2,
            0
          ],
          [
            2,
            1
          ],
          [
            3,
            0
          ],
          [
            3,
            1
          ],
          [
            3,
            2
          ]
        ],
        "sigma": [
          0.9969365963097913,
          0.9903235260238161,
          0.9731195343287395,
          0.8728024774986834,
          0.6983196743281306,
          0.3941370797846716
        ],
        "comm_norm": 0.49984746331100094,
        "l_mixing": true
      },
      "1": {
        "dim": 3,
        "states": [
          [
            2,
            1
          ],
          [
            3,
            1
          ],
          [
            3,
            2
          ]
        ],
        "sigma": [
          0.9919278778980467,
          0.8851617151143292,
          0.8057824607275318
        ],
        "comm_norm": 0.4771937521645357,
        "l_mixing": true
      },
      "2": {
        "dim": 1,
        "states": [
          [
            3,
            2
          ]
        ],
        "sigma": [
          0.9273475357619668
        ],
        "comm_norm": 0.3470145728854591,
        "l_mixing": false
      }
    }
  },
  "reach1": {
    "n_max": 2,
    "sweep": [
      {
        "R": 0.5,
        "theta_deg": [
          2.0264436747853,
          7.673763060385439,
          16.152324711094913
        ],
        "sigma": [
          0.999374613443461,
          0.9910444508978453,
          0.9605254991308444
        ],
        "distance_deg": 17.99696382856455
      },
      {
        "R": 1.0,
        "theta_deg": [
          3.776500406715528,
          15.287612678126274,
          30.62160574586593
        ],
        "sigma": [
          0.9978285662937839,
          0.9646144451498039,
          0.8605500106691255
        ],
        "distance_deg": 34.43335294701315
      },
      {
        "R": 1.5,
        "theta_deg": [
          5.181085360758812,
          22.815663333464865,
          42.86654649248561
        ],
        "sigma": [
          0.9959142642241252,
          0.9217571793941383,
          0.7329402290158985
        ],
        "distance_deg": 48.83583670885462
      },
      {
        "R": 2.0,
        "theta_deg": [
          6.24181045382568,
          30.234262740704906,
          52.87864809506397
        ],
        "sigma": [
          0.9940718889050609,
          0.8639738426998212,
          0.6035051743113328
        ],
        "distance_deg": 61.230893065323464
      },
      {
        "R": 2.5,
        "theta_deg": [
          7.004855825175273,
          37.49354137408463,
          60.87246292741116
        ],
        "sigma": [
          0.9925358196332352,
          0.7934219574488808,
          0.4867552701634935
        ],
        "distance_deg": 71.83516125652349
      },
      {
        "R": 3.015,
        "theta_deg": [
          7.564660748944196,
          44.713589013322114,
          67.31703799884991
        ],
        "sigma": [
          0.991296925632391,
          0.7106326276338196,
          0.3856316908726032
        ],
        "distance_deg": 81.16719004399191
      },
      {
        "R": 4.0,
        "theta_deg": [
          8.510114427633429,
          57.355552512536455,
          75.82129279597243
        ],
        "sigma": [
          0.9889897551469393,
          0.5394241594859615,
          0.24494709455709918
        ],
        "distance_deg": 95.45129592018289
      },
      {
        "R": 5.0,
        "theta_deg": [
          10.532460727473843,
          67.95028803230518,
          81.03814675350576
        ],
        "sigma": [
          0.9831515048570848,
          0.3754109118085534,
          0.15577684090569402
        ],
        "distance_deg": 106.27961047111413
      },
      {
        "R": 6.0,
        "theta_deg": [
          14.773929216275443,
          75.89602325599424,
          84.23105263346163
        ],
        "sigma": [
          0.9669395217008429,
          0.24368232737422357,
          0.10051708617807269
        ],
        "distance_deg": 114.33873166299738
      },
      {
        "R": 8.0,
        "theta_deg": [
          28.73111201564888,
          84.86923205522515,
          87.52060556677598
        ],
        "sigma": [
          0.8768852696286825,
          0.08942916000829876,
          0.04326009186060992
        ],
        "distance_deg": 125.25222451547359
      },
      {
        "R": 12.0,
        "theta_deg": [
          59.11854777686054,
          89.44821853863029,
          89.5212294248716
        ],
        "sigma": [
          0.5132634525765366,
          0.009630254391634403,
          0.00835602565390929
        ],
        "distance_deg": 139.67833407053507
      }
    ],
    "angle_monotone": [
      true,
      true,
      true
    ],
    "distance_monotone": true
  }
}