{
  "2.0": {
    "F0_numerical": 1.6174011030290305,
    "F0_algebraic": 1.6190605348471125,
    "F0_rel_error": 0.0010259865749901436,
    "E_exch_numerical": -0.7546257554591504,
    "E_exch_algebraic": -0.7553999913533933,
    "E_exch_rel_error": 0.0010259865749901104,
    "S_avg_numerical": 0.4665668609016682,
    "S_avg_algebraic": 0.4665668609016682,
    "F0_from_matrix": 1.6190605348471114,
    "F0_per_channel": {
      "(0, 0)": 0.9823930164895304,
      "(0, 1)": 0.19334927439176597,
      "(1, 0)": 0.22018192975282,
      "(0, 2)": 0.08606422480388608,
      "(1, 1)": 0.011903405437792247,
      "(2, 0)": 0.10034099174867007,
      "(1, 2)": 0.00996108808980319,
      "(2, 1)": 0.010527331341235938,
      "(2, 2)": 0.004339272791607931
    },
    "E_exchange_direct": -0.7510212876958615,
    "F0_signed": 0.7510212876958615
  },
  "3.0": {
    "F0_numerical": 1.4960614511143224,
    "F0_algebraic": 1.496737209765215,
    "F0_rel_error": 0.0004516917740171719,
    "E_exch_numerical": -0.44017385723768054,
    "E_exch_algebraic": -0.44037268014813213,
    "E_exch_rel_error": 0.0004516917740169927,
    "S_avg_numerical": 0.29422177605727534,
    "S_avg_algebraic": 0.2942217760572753,
    "F0_from_matrix": 1.4967372097652154,
    "F0_per_channel": {
      "(0, 0)": 0.5985860603486894,
      "(0, 1)": 0.21802981887195336,
      "(1, 0)": 0.2181589193760007,
      "(0, 2)": 0.14954556287188767,
      "(1, 1)": 0.046586364261832935,
      "(2, 0)": 0.14933021705340474,
      "(1, 2)": 0.04355575819460975,
      "(2, 1)": 0.043790835270782626,
      "(2, 2)": 0.029153673516054048
    },
    "E_exchange_direct": -0.4496665463385223,
    "F0_signed": 0.4496665463385223
  },
  "5.0": {
    "F0_numerical": 1.0168093154941085,
    "F0_algebraic": 1.016861500702145,
    "F0_rel_error": 5.132251174475812e-05,
    "E_exch_numerical": -0.250771121670023,
    "E_exch_algebraic": -0.2507839918738602,
    "E_exch_rel_error": 5.1322511744804384e-05,
    "S_avg_numerical": 0.24662551556991125,
    "S_avg_algebraic": 0.24662551556991125,
    "F0_from_matrix": 1.016861500702145,
    "F0_per_channel": {
      "(0, 0)": 0.25333798893063497,
      "(0, 1)": 0.12287433810949816,
      "(1, 0)": 0.12089794395235168,
      "(0, 2)": 0.13474511984817672,
      "(1, 1)": 0.04561009746622531,
      "(2, 0)": 0.13155309288820358,
      "(1, 2)": 0.06805318482031614,
      "(2, 1)": 0.06759280975542369,
      "(2, 2)": 0.07219692493131483
    },
    "E_exchange_direct": -0.2580249474269658,
    "F0_signed": 0.2580249474269658
  }
}