{
  "results": [
    {
      "n_ext": 1,
      "lambda_ext": 2.5,
      "F2_over_schwinger": 1.08445,
      "correction": 0.08445,
      "n_max_internal": 12
    },
    {
      "n_ext": 2,
      "lambda_ext": 3.5,
      "V_magnetic": 0.38925844503283874,
      "B": 0.00027724559972372166,
      "F2": 0.0007122404234552512,
      "F2_over_schwinger": 0.6132550841328851,
      "correction": -0.3867449158671149,
      "n_max_internal": 5
    },
    {
      "n_ext": 3,
      "lambda_ext": 4.5,
      "V_magnetic": 0.3000988014334038,
      "B": 0.00012901538299969474,
      "F2": 0.0004299096910199593,
      "F2_over_schwinger": 0.37016194960823096,
      "correction": -0.6298380503917691,
      "n_max_internal": 5
    }
  ],
  "fit_2term": {
    "c1": -13.894204052885394,
    "c2": 90.9588303966698
  },
  "fit_3term": {
    "c1": -31.639978458277767,
    "c2": 463.4133414342579,
    "c3": -1639.779049656387
  }
}