{
  "q_probe_1": {
    "val_up": 0.00035119585739283625,
    "val_dn": -0.00035119585739283625,
    "B": 0.0007023917147856725,
    "B_exact": "-32*sqrt(6)*(sqrt(3)/27 + sqrt(2)/18)/16875 - 32*sqrt(6)*(sqrt(3)/9 + sqrt(2)/6)/50625 + 32*sqrt(6)*(-sqrt(2)/18 - sqrt(3)/27)/16875 + 32*sqrt(6)*(-sqrt(2)/6 - sqrt(3)/9)/50625 - 32*sqrt(6)*(-sqrt(3)/9 + sqrt(2)/3)/50625 + 32*sqrt(6)*(-sqrt(2)/3 + sqrt(3)/9)/50625 - 3*sqrt(2)*(sqrt(2)/10 + sqrt(15)/25)/17150 + 3*sqrt(2)*(-sqrt(15)/25 - sqrt(2)/10)/17150 - 64*sqrt(2)*(sqrt(2)/15 + 11*sqrt(15)/225)/1620675 + 64*sqrt(2)*(-11*sqrt(15)/225 - sqrt(2)/15)/1620675 - 2*sqrt(5)*(-sqrt(2)/6 + sqrt(15)/9)/64827 + 2*sqrt(5)*(-sqrt(15)/9 + sqrt(2)/6)/64827 - 256*sqrt(2)*(sqrt(15)/35 + sqrt(6)/21)/10333575 + 256*sqrt(2)*(-sqrt(6)/21 - sqrt(15)/35)/10333575 - 64*sqrt(30)*(sqrt(15)/75 + sqrt(6)/15)/22143375 + 64*sqrt(30)*(-sqrt(6)/15 - sqrt(15)/75)/22143375 - 32*sqrt(2)*(-sqrt(15)/15 + sqrt(6)/6)/7381125 + 32*sqrt(2)*(-sqrt(6)/6 + sqrt(15)/15)/7381125 - 16*sqrt(2)*(-sqrt(15)/225 + sqrt(6)/90)/492075 - 64*sqrt(30)*(13*sqrt(15)/525 + 11*sqrt(6)/210)/775018125 + 64*sqrt(30)*(-11*sqrt(6)/210 - 13*sqrt(15)/525)/775018125 - 8*sqrt(2)*(13*sqrt(15)/525 + 11*sqrt(6)/210)/51667875 + 8*sqrt(2)*(-11*sqrt(6)/210 - 13*sqrt(15)/525)/51667875 + 16*sqrt(30)*(-sqrt(15)/225 + sqrt(6)/90)/7381125 - 16*sqrt(30)*(-2*sqrt(6)/225 - 2*sqrt(15)/1125)/7381125 + 16*sqrt(30)*(2*sqrt(15)/1125 + 2*sqrt(6)/225)/7381125 - 104*sqrt(30)*(-sqrt(6)/6 + sqrt(15)/15)/36905625 + 104*sqrt(30)*(-sqrt(15)/15 + sqrt(6)/6)/36905625 - 64*sqrt(2)*(-sqrt(6)/15 - sqrt(15)/75)/7381125 + 64*sqrt(2)*(sqrt(15)/75 + sqrt(6)/15)/7381125 - 1088*sqrt(30)*(-sqrt(6)/21 - sqrt(15)/35)/155003625 + 1088*sqrt(30)*(sqrt(15)/35 + sqrt(6)/21)/155003625 - 38*sqrt(5)*(-11*sqrt(15)/225 - sqrt(2)/15)/1620675 + 38*sqrt(5)*(sqrt(2)/15 + 11*sqrt(15)/225)/1620675 - 11*sqrt(2)*(-sqrt(15)/9 + sqrt(2)/6)/129654 + 11*sqrt(2)*(-sqrt(2)/6 + sqrt(15)/9)/129654 - 6*sqrt(5)*(-sqrt(15)/25 - sqrt(2)/10)/60025 + 6*sqrt(5)*(sqrt(2)/10 + sqrt(15)/25)/60025 + 128*sqrt(3)/455625 + 16*sqrt(2)/6075",
    "count_up": 73,
    "count_dn": 73
  },
  "q_probe_2": {
    "val_up": 0.0,
    "val_dn": 0.0,
    "B": 0.0,
    "count_up": 0,
    "count_dn": 0
  },
  "n_ext": 1,
  "n_max": 3
}