{
  "measured": {
    "1/3": {
      "alpha": 0.3333333333333333,
      "slope": -0.08334214558974762,
      "recovery": 1.0001057470769714
    },
    "1/2": {
      "alpha": 0.5,
      "slope": -0.0831637874483917,
      "recovery": 0.9979654493807004
    },
    "2/3": {
      "alpha": 0.6666666666666666,
      "slope": -0.08220120367108734,
      "recovery": 0.9864144440530481
    },
    "3/2": {
      "alpha": 1.5,
      "slope": -0.06465537379997101,
      "recovery": 0.7758644855996522
    },
    "2": {
      "alpha": 2.0,
      "slope": -0.056222488054639065,
      "recovery": 0.6746698566556688
    },
    "3": {
      "alpha": 3.0,
      "slope": -0.04882601418109189,
      "recovery": 0.5859121701731027
    }
  },
  "target_continuum_slope": -0.08333333333333333,
  "ansatze_predictions": {
    "A: 1/alpha (Solodukhin spinor)": {
      "predictions": {
        "1.5": 0.6666666666666666,
        "2.0": 0.5,
        "3.0": 0.3333333333333333
      },
      "rms_vs_measured": 0.18817526520344788
    },
    "B: 2/(1+alpha)": {
      "predictions": {
        "1.5": 0.8,
        "2.0": 0.6666666666666666,
        "3.0": 0.5
      },
      "rms_vs_measured": 0.0517283774126015
    },
    "C: 2*sqrt(a)/(1+a)": {
      "predictions": {
        "1.5": 0.9797958971132712,
        "2.0": 0.9428090415820635,
        "3.0": 0.8660254037844386
      },
      "rms_vs_measured": 0.25294931425032374
    },
    "D: 1/sqrt(alpha)": {
      "predictions": {
        "1.5": 0.8164965809277261,
        "2.0": 0.7071067811865475,
        "3.0": 0.5773502691896258
      },
      "rms_vs_measured": 0.0304216337070758
    },
    "E: 1 - 0.25*(a-1)": {
      "predictions": {
        "1.5": 0.875,
        "2.0": 0.75,
        "3.0": 0.5
      },
      "rms_vs_measured": 0.08733724233405285
    },
    "F: (1+a)/(2a)": {
      "predictions": {
        "1.5": 0.8333333333333334,
        "2.0": 0.75,
        "3.0": 0.6666666666666666
      },
      "rms_vs_measured": 0.07187625398336493
    },
    "G: (1/a+1)/2": {
      "predictions": {
        "1.5": 0.8333333333333333,
        "2.0": 0.75,
        "3.0": 0.6666666666666666
      },
      "rms_vs_measured": 0.0718762539833649
    },
    "H: 1/(2-1/a)": {
      "predictions": {
        "1.5": 0.7499999999999999,
        "2.0": 0.6666666666666666,
        "3.0": 0.6
      },
      "rms_vs_measured": 0.01762091195678495
    },
    "J: 1/a + 0*correction": {
      "predictions": {
        "1.5": 0.6666666666666666,
        "2.0": 0.5,
        "3.0": 0.3333333333333333
      },
      "rms_vs_measured": 0.18817526520344788
    },
    "K: const = 1 (standard SC)": {
      "predictions": {
        "1.5": 1.0,
        "2.0": 1.0,
        "3.0": 1.0
      },
      "rms_vs_measured": 0.33042657368655093
    },
    "L: N_0/N_phi = 1/a": {
      "predictions": {
        "1.5": 0.6666666666666666,
        "2.0": 0.5,
        "3.0": 0.3333333333333333
      },
      "rms_vs_measured": 0.18817526520344788
    }
  },
  "closed_form_ansatz": {
    "formula_slope": "-1/12 * alpha/(2*alpha - 1)",
    "formula_Delta_K": "(alpha^2 - 1)/(24*(alpha - 1/2))",
    "asymptotic_slope_at_infinity": -0.041666666666666664,
    "predictions_at_data_points": {
      "1.5": {
        "pred_slope": -0.0625,
        "pred_Delta_K": 0.052083333333333336,
        "meas_slope": -0.06465537379997101,
        "rel_err_slope": -0.03333634427107704
      },
      "2.0": {
        "pred_slope": -0.05555555555555555,
        "pred_Delta_K": 0.08333333333333333,
        "meas_slope": -0.056222488054639065,
        "rel_err_slope": -0.011862379666217605
      },
      "3.0": {
        "pred_slope": -0.05,
        "pred_Delta_K": 0.13333333333333333,
        "meas_slope": -0.04882601418109189,
        "rel_err_slope": 0.024044268994677473
      }
    }
  },
  "interpretation": "See debug/alpha_gt_1_analytical_investigation_memo.md"
}