{
  "lam2_f2": {
    "1": 0.023588460396,
    "2": 0.013757413244,
    "3": 0.010569894823,
    "4": 0.009010317729,
    "5": 0.008089889121,
    "6": 0.007484099716,
    "7": 0.007055800827,
    "8": 0.006737245018,
    "9": 0.006491188403,
    "10": 0.006295488045,
    "11": 0.006136064889,
    "12": 0.006004176817,
    "13": 0.005893369437,
    "14": 0.005799060929,
    "15": 0.005717830319,
    "16": 0.005643249872200454,
    "17": 0.005580046801937206,
    "18": 0.005523985388072143,
    "19": 0.005473921691998484,
    "20": 0.005428943412458765,
    "21": 0.005388314137115,
    "22": 0.005351432942203462,
    "23": 0.005317804630143057,
    "24": 0.005287017476623426,
    "25": 0.005258726367205171
  },
  "new_data": {
    "16": {
      "lam2_f2": 0.005643249872200454,
      "cg_sum": 0.015807443782716587,
      "B": 1.4051061140192523e-06
    },
    "17": {
      "lam2_f2": 0.005580046801937206,
      "cg_sum": 0.014836852056557888,
      "B": 1.175923878166817e-06
    },
    "18": {
      "lam2_f2": 0.005523985388072143,
      "cg_sum": 0.013977707951789061,
      "B": 9.939703432383333e-07
    },
    "19": {
      "lam2_f2": 0.005473921691998484,
      "cg_sum": 0.013211964687930773,
      "B": 8.476849524085909e-07
    },
    "20": {
      "lam2_f2": 0.005428943412458765,
      "cg_sum": 0.012525255165038381,
      "B": 7.287421186931422e-07
    },
    "21": {
      "lam2_f2": 0.005388314137115,
      "cg_sum": 0.011906002970581054,
      "B": 6.310428075504658e-07
    },
    "22": {
      "lam2_f2": 0.005351432942203462,
      "cg_sum": 0.01134477847611175,
      "B": 5.500498655084485e-07
    },
    "23": {
      "lam2_f2": 0.005317804630143057,
      "cg_sum": 0.010833824850554487,
      "B": 4.823407237812084e-07
    },
    "24": {
      "lam2_f2": 0.005287017476623426,
      "cg_sum": 0.01036670400635605,
      "B": 4.2530067718383796e-07
    },
    "25": {
      "lam2_f2": 0.005258726367205171,
      "cg_sum": 0.009938028587226274,
      "B": 3.7690893604887794e-07
    }
  }
}