{
  "track": "CD Sprint 3",
  "classification": "MIXED",
  "analytical_integrals": true,
  "nmax3_pes_analytical": {
    "R_points": [
      2.9,
      3.015,
      3.1,
      3.3,
      3.5
    ],
    "E_fci": [
      -8.0493805415,
      -8.0545240769,
      -8.0570773414,
      -8.0591647662,
      -8.0562794055
    ],
    "R_eq_parabolic": 3.284,
    "R_eq_quartic": 3.28,
    "E_eq": -8.0592
  },
  "nmax2_pes_analytical": {
    "R_points": [
      2.0,
      2.5,
      3.0,
      3.015,
      3.5,
      4.0,
      5.0
    ],
    "E_fci": [
      -7.824551,
      -7.894006,
      -7.928962,
      -7.929426,
      -7.927324,
      -7.895162,
      -7.771569
    ],
    "R_eq": 3.227,
    "E_eq": -7.933
  },
  "comparison": {
    "nmax2_grid_Req": 3.226,
    "nmax2_anal_Req": 3.227,
    "nmax3_grid_Req": 3.287,
    "nmax3_anal_Req": 3.28,
    "exact_Req": 3.015,
    "structural_drift": 0.053,
    "grid_contribution": 0.007,
    "pk_drift_rate": "0.15-0.22 bohr/l_max"
  },
  "grid_vs_analytical_E3015": {
    "nmax2_grid": -7.924,
    "nmax2_anal": -7.929,
    "nmax3_grid": -8.048,
    "nmax3_anal": -8.055,
    "exact": -8.071
  }
}