{
  "n_max": 2,
  "Q": 30,
  "R_points": [
    2.0,
    2.5,
    3.0,
    3.015,
    3.5,
    4.0,
    5.0
  ],
  "E_analytical": [
    -7.824551354910255,
    -7.894005978090482,
    -7.928962327683453,
    -7.929425757307826,
    -7.927323816892232,
    -7.89516230448681,
    -7.771568664456327
  ],
  "E_grid": [
    -7.8184,
    -7.8885,
    -7.9236,
    -7.924,
    -7.9221,
    -7.8902,
    -7.7677
  ],
  "R_eq_analytical": 3.226744994073464,
  "R_eq_grid": 3.226,
  "E_eq": -7.932584826622958,
  "D_e": 0.16101616216663128
}