{
  "molecule": "BeH2",
  "computed": {
    "R_eq": 3.311131139037273,
    "D_e": 2.8187619874748866,
    "a": 0.287648083747472,
    "E_min": -17.381722848839285,
    "omega_e_sym": 3497.1752058820102,
    "omega_e_xe": 4.942333623400328,
    "B_e": 6.057513728945707,
    "mu_sym_au": 1837.1526430896047,
    "mu_bond_au": 1652.3694606368151
  },
  "reference": {
    "R_eq": 2.507,
    "omega_e_sym": 2345.0,
    "D_e": 0.147,
    "source": "Bernath et al. 2002; Shayesteh et al. 2003"
  },
  "errors": {
    "R_eq_pct": 32.075434345324,
    "omega_e_pct": 49.13327103974458,
    "D_e_pct": 1817.5251615475422
  }
}