{
  "description": "BeH2 PES with and without inter-bond repulsion",
  "reference": {
    "R_eq": 2.507,
    "omega_e": 2345.0,
    "D_e": 0.147
  },
  "l_max": 2,
  "no_interbond": {
    "R": [
      1.5,
      1.6,
      1.7000000000000002,
      1.8000000000000003,
      1.9000000000000004,
      2.0000000000000004,
      2.1000000000000005,
      2.2000000000000006,
      2.3000000000000007,
      2.400000000000001,
      2.500000000000001,
      2.600000000000001,
      2.700000000000001,
      2.800000000000001,
      2.9000000000000012,
      3.0000000000000013,
      3.1000000000000014,
      3.2000000000000015,
      3.3000000000000016,
      3.4000000000000017,
      3.5000000000000018,
      3.600000000000002,
      3.700000000000002,
      3.800000000000002,
      3.900000000000002,
      4.000000000000002,
      4.100000000000002,
      4.200000000000003,
      4.3000000000000025,
      4.400000000000002,
      4.500000000000003,
      4.600000000000003,
      4.700000000000003,
      4.8000000000000025,
      4.900000000000003,
      5.0000000000000036
    ],
    "E_total": [
      -16.18000484251995,
      -16.330297853936152,
      -16.46712512041236,
      -16.590638026642523,
      -16.69069768664244,
      -16.793573785849148,
      -16.884912033472503,
      -16.96825306353448,
      -17.052065600326447,
      -17.121448552750294,
      -17.18760073850858,
      -17.22485289520829,
      -17.276233154507686,
      -17.32358580848337,
      -17.33942857805348,
      -17.36827769733713,
      -17.383611104890022,
      -17.385147521929703,
      -17.39146975564936,
      -17.381733410455727,
      -17.37563380305752,
      -17.357964314418798,
      -17.34945586825432,
      -17.32428500362102,
      -17.3098017882675,
      -17.28113163767737,
      -17.260010407657635,
      -17.23190913637171,
      -17.206142264990373,
      -17.175898807005797,
      -17.143619187399935,
      -17.11813300705742,
      -17.087272063048598,
      -17.058177994681557,
      -17.028961668250712,
      -16.995629689592132
    ],
    "R_eq": 3.311131139037273,
    "D_e": 2.8187619874748866,
    "omega_e": 3497.1752058820102,
    "R_eq_error_pct": 32.075434345324
  },
  "with_interbond": {
    "R": [
      1.5,
      1.6,
      1.7000000000000002,
      1.8000000000000003,
      1.9000000000000004,
      2.0000000000000004,
      2.1000000000000005,
      2.2000000000000006,
      2.3000000000000007,
      2.400000000000001,
      2.500000000000001,
      2.600000000000001,
      2.700000000000001,
      2.800000000000001,
      2.9000000000000012,
      3.0000000000000013,
      3.1000000000000014,
      3.2000000000000015,
      3.3000000000000016,
      3.4000000000000017,
      3.5000000000000018,
      3.600000000000002,
      3.700000000000002,
      3.800000000000002,
      3.900000000000002,
      4.000000000000002,
      4.100000000000002,
      4.200000000000003,
      4.3000000000000025,
      4.400000000000002,
      4.500000000000003,
      4.600000000000003,
      4.700000000000003,
      4.8000000000000025,
      4.900000000000003,
      5.0000000000000036
    ],
    "E_total": [
      -14.29111595363106,
      -14.500067357482251,
      -14.690014276074624,
      -14.861879856707883,
      -15.006156144106857,
      -15.149634391909753,
      -15.278395742745687,
      -15.396347567900172,
      -15.512269924393921,
      -15.61152791782966,
      -15.705549456457296,
      -15.768863610860798,
      -15.844671157728298,
      -15.914967431555134,
      -15.952402912803912,
      -16.001611030670464,
      -16.03617359616219,
      -16.055901741338985,
      -16.079460776973715,
      -16.086080209416274,
      -16.095521758239595,
      -16.092638643920715,
      -16.09821586420533,
      -16.086478950025494,
      -16.084822466513984,
      -16.068412339431756,
      -16.059021387458156,
      -16.04215444661702,
      -16.027156924595868,
      -16.00724626213966,
      -15.984889028669777,
      -15.968938912515906,
      -15.947249940594308,
      -15.926984300987863,
      -15.90627188437256,
      -15.881136935968943
    ],
    "V_inter": [
      1.8888888888888888,
      1.8302304964539007,
      1.7771108443377348,
      1.7287581699346404,
      1.684541542535584,
      1.6439393939393936,
      1.606516290726817,
      1.5719054956343088,
      1.5397956759325253,
      1.5099206349206347,
      1.4820512820512817,
      1.4559892843474929,
      1.4315619967793878,
      1.4086183769282359,
      1.3870256652495667,
      1.3666666666666663,
      1.3474375087278312,
      1.329245780590717,
      1.312008978675645,
      1.2956532010394515,
      1.2801120448179268,
      1.265325670498084,
      1.2512400040489926,
      1.237806053595527,
      1.224979321753515,
      1.2127192982456139,
      1.20098902019948,
      1.1897546897546893,
      1.178985340394504,
      1.168652544866137,
      1.1587301587301584,
      1.149194094541514,
      1.1400221224542908,
      1.1311936936936935,
      1.1226897838781527,
      1.1144927536231881
    ],
    "R_eq": 3.626677616548649,
    "D_e": 1.2252642402914153,
    "omega_e": 3186.9785965999636,
    "R_eq_error_pct": 44.66205091937171
  }
}