{
  "molecule": "BeH2",
  "Z_center": 4.0,
  "Z_ligand": 1.0,
  "Z_eff": 2.0,
  "n_core": 2,
  "l_max": 2,
  "pk_mode": "ab_initio",
  "pk_A": 13.014634763028335,
  "pk_B": 12.531364019064931,
  "E_core": -13.699834763028335,
  "pes": {
    "R": [
      1.5,
      1.6,
      1.7000000000000002,
      1.8000000000000003,
      1.9000000000000004,
      2.0000000000000004,
      2.1000000000000005,
      2.2000000000000006,
      2.3000000000000007,
      2.400000000000001,
      2.500000000000001,
      2.600000000000001,
      2.700000000000001,
      2.800000000000001,
      2.9000000000000012,
      3.0000000000000013,
      3.1000000000000014,
      3.2000000000000015,
      3.3000000000000016,
      3.4000000000000017,
      3.5000000000000018,
      3.600000000000002,
      3.700000000000002,
      3.800000000000002,
      3.900000000000002,
      4.000000000000002,
      4.100000000000002,
      4.200000000000003,
      4.3000000000000025,
      4.400000000000002,
      4.500000000000003,
      4.600000000000003,
      4.700000000000003,
      4.8000000000000025,
      4.900000000000003,
      5.0000000000000036
    ],
    "E_bond": [
      -5.480284771455545,
      -5.443014165200398,
      -5.414371947646668,
      -5.3908134205053635,
      -5.3592885107384856,
      -5.343741048453957,
      -5.3279353186612095,
      -5.313873250797979,
      -5.308752757526635,
      -5.296613870762171,
      -5.2877660117565455,
      -5.255787379192185,
      -5.243065065420758,
      -5.230893905856748,
      -5.191317954416336,
      -5.168442934963155,
      -5.135389245380782,
      -5.091562759032849,
      -5.055271356316336,
      -5.005428059218531,
      -4.961513325755327,
      -4.908129551395781,
      -4.865837321444582,
      -4.808660766909547,
      -4.7638131790857985,
      -4.706296874649248,
      -4.65773662023915,
      -4.603502944771986,
      -4.552819129869032,
      -4.498791316704742,
      -4.4437844243716045,
      -4.396559113594304,
      -4.344884108530902,
      -4.295843231653223,
      -4.247494252161152,
      -4.195794926563797
    ],
    "V_NN": [
      5.666666666666666,
      5.3125,
      4.999999999999999,
      4.722222222222221,
      4.473684210526315,
      4.249999999999999,
      4.047619047619047,
      3.8636363636363624,
      3.6956521739130426,
      3.541666666666665,
      3.3999999999999986,
      3.269230769230768,
      3.148148148148147,
      3.0357142857142843,
      2.9310344827586197,
      2.833333333333332,
      2.741935483870966,
      2.6562499999999987,
      2.5757575757575744,
      2.4999999999999987,
      2.4285714285714275,
      2.36111111111111,
      2.297297297297296,
      2.2368421052631566,
      2.1794871794871784,
      2.124999999999999,
      2.073170731707316,
      2.0238095238095224,
      1.9767441860465105,
      1.9318181818181808,
      1.888888888888888,
      1.8478260869565206,
      1.808510638297871,
      1.7708333333333324,
      1.7346938775510192,
      1.6999999999999986
    ],
    "V_cross_nuc": [
      -2.6665519747027377,
      -2.4999489257074172,
      -2.3529184097373554,
      -2.2222120653310484,
      -2.105258623401936,
      -1.9999979743668546,
      -1.9047609994020056,
      -1.8181814133445318,
      -1.7391302536845223,
      -1.6666665856264553,
      -1.5999999637236957,
      -1.538461522218537,
      -1.4814814742067417,
      -1.4285714253125703,
      -1.3793103433674252,
      -1.333333332678976,
      -1.2903225803518688,
      -1.249999999868522,
      -1.2121212120622646,
      -1.1764705882088617,
      -1.1428571428452892,
      -1.1111111111057943,
      -1.081081081078696,
      -1.0526315789462983,
      -1.0256410256405453,
      -0.9999999999997843,
      -0.9756097560974638,
      -0.9523809523809085,
      -0.9302325581395149,
      -0.9090909090909,
      -0.8888888888888844,
      -0.869565217391302,
      -0.8510638297872327,
      -0.8333333333333326,
      -0.8163265306122441,
      -0.7999999999999993
    ],
    "E_total": [
      -16.18000484251995,
      -16.330297853936152,
      -16.46712512041236,
      -16.590638026642523,
      -16.69069768664244,
      -16.793573785849148,
      -16.884912033472503,
      -16.96825306353448,
      -17.052065600326447,
      -17.121448552750294,
      -17.18760073850858,
      -17.22485289520829,
      -17.276233154507686,
      -17.32358580848337,
      -17.33942857805348,
      -17.36827769733713,
      -17.383611104890022,
      -17.385147521929703,
      -17.39146975564936,
      -17.381733410455727,
      -17.37563380305752,
      -17.357964314418798,
      -17.34945586825432,
      -17.32428500362102,
      -17.3098017882675,
      -17.28113163767737,
      -17.260010407657635,
      -17.23190913637171,
      -17.206142264990373,
      -17.175898807005797,
      -17.143619187399935,
      -17.11813300705742,
      -17.087272063048598,
      -17.058177994681557,
      -17.028961668250712,
      -16.995629689592132
    ],
    "wall_times": [
      28.034088611602783,
      28.37845468521118,
      29.626845836639404,
      29.391990900039673,
      29.63319230079651,
      29.36270260810852,
      29.625913381576538,
      29.277101516723633,
      29.52261996269226,
      32.49800205230713,
      30.624441862106323,
      29.216655492782593,
      29.34753131866455,
      29.240634202957153,
      29.411989212036133,
      29.12838101387024,
      29.37761926651001,
      29.197765827178955,
      29.556833505630493,
      29.2027690410614,
      28.87558937072754,
      28.769669771194458,
      28.92180562019348,
      28.76666235923767,
      29.069862604141235,
      28.811829805374146,
      28.99493908882141,
      28.779944896697998,
      29.584568738937378,
      28.853240489959717,
      29.53054690361023,
      29.700277090072632,
      28.92883849143982,
      28.91881799697876,
      28.888185024261475,
      28.8474338054657
    ],
    "R_eq": 3.3000000000000016,
    "E_min": -17.39146975564936,
    "E_dissoc": -16.995629689592132,
    "D_e": 0.39584006605722877,
    "R_valid": [
      1.5,
      1.6,
      1.7000000000000002,
      1.8000000000000003,
      1.9000000000000004,
      2.0000000000000004,
      2.1000000000000005,
      2.2000000000000006,
      2.3000000000000007,
      2.400000000000001,
      2.500000000000001,
      2.600000000000001,
      2.700000000000001,
      2.800000000000001,
      2.9000000000000012,
      3.0000000000000013,
      3.1000000000000014,
      3.2000000000000015,
      3.3000000000000016,
      3.4000000000000017,
      3.5000000000000018,
      3.600000000000002,
      3.700000000000002,
      3.800000000000002,
      3.900000000000002,
      4.000000000000002,
      4.100000000000002,
      4.200000000000003,
      4.3000000000000025,
      4.400000000000002,
      4.500000000000003,
      4.600000000000003,
      4.700000000000003,
      4.8000000000000025,
      4.900000000000003,
      5.0000000000000036
    ],
    "E_valid": [
      -16.18000484251995,
      -16.330297853936152,
      -16.46712512041236,
      -16.590638026642523,
      -16.69069768664244,
      -16.793573785849148,
      -16.884912033472503,
      -16.96825306353448,
      -17.052065600326447,
      -17.121448552750294,
      -17.18760073850858,
      -17.22485289520829,
      -17.276233154507686,
      -17.32358580848337,
      -17.33942857805348,
      -17.36827769733713,
      -17.383611104890022,
      -17.385147521929703,
      -17.39146975564936,
      -17.381733410455727,
      -17.37563380305752,
      -17.357964314418798,
      -17.34945586825432,
      -17.32428500362102,
      -17.3098017882675,
      -17.28113163767737,
      -17.260010407657635,
      -17.23190913637171,
      -17.206142264990373,
      -17.175898807005797,
      -17.143619187399935,
      -17.11813300705742,
      -17.087272063048598,
      -17.058177994681557,
      -17.028961668250712,
      -16.995629689592132
    ]
  }
}