{
  "2.0": {
    "l_values": [
      0,
      1,
      2
    ],
    "gamma_avg": [
      [
        0.7950672520672676,
        0.31397022781763695,
        0.20904699273970662
      ],
      [
        0.31397022781763695,
        0.1398675582471347,
        0.09424440479998822
      ],
      [
        0.20904699273970662,
        0.09424440479998822,
        0.06506518968559824
      ]
    ],
    "trace": 1.0000000000000004,
    "offdiag_ratio": 0.6788990129553647
  },
  "2.5": {
    "l_values": [
      0,
      1,
      2
    ],
    "gamma_avg": [
      [
        0.7086431303496745,
        0.34481670399865594,
        0.26029991905536337
      ],
      [
        0.34481670399865594,
        0.18312118919062811,
        0.13920580310555336
      ],
      [
        0.26029991905536337,
        0.13920580310555336,
        0.10823568045969813
      ]
    ],
    "trace": 1.0000000000000009,
    "offdiag_ratio": 0.8676040290224685
  },
  "3.0": {
    "l_values": [
      0,
      1,
      2
    ],
    "gamma_avg": [
      [
        0.642934067289114,
        0.34736213250950737,
        0.28903498056080085
      ],
      [
        0.34736213250950737,
        0.20825313387571737,
        0.17407836747290723
      ],
      [
        0.28903498056080085,
        0.17407836747290723,
        0.14881279883516893
      ]
    ],
    "trace": 1.0000000000000002,
    "offdiag_ratio": 0.9896421501559794
  },
  "4.0": {
    "l_values": [
      0,
      1,
      2
    ],
    "gamma_avg": [
      [
        0.5536056607591117,
        0.333430316761461,
        0.3186535472903896
      ],
      [
        0.333430316761461,
        0.23014394683235193,
        0.22056368502367016
      ],
      [
        0.3186535472903896,
        0.22056368502367016,
        0.21625039240853708
      ]
    ],
    "trace": 1.0000000000000007,
    "offdiag_ratio": 1.1343913439937992
  },
  "5.0": {
    "l_values": [
      0,
      1,
      2
    ],
    "gamma_avg": [
      [
        0.4940633355667748,
        0.3158827066227782,
        0.3342075183277271
      ],
      [
        0.3158827066227782,
        0.23511065053130198,
        0.24943488944772524
      ],
      [
        0.3342075183277271,
        0.24943488944772524,
        0.2708260139019237
      ]
    ],
    "trace": 1.0000000000000004,
    "offdiag_ratio": 1.21186761671008
  }
}