{
  "block_diagonal": {
    "R_eq": 3.3296,
    "D_e": 3.057896,
    "error_pct": 32.8
  },
  "exchange_SxF0": {
    "R_eq": 2.9892,
    "D_e": 9.140229,
    "error_pct": 19.2
  },
  "direct_exchange": {
    "R_eq": 3.0077,
    "D_e": 10.541272,
    "error_pct": 20.0
  },
  "multipole_k0": {
    "R_eq": 3.0076777812544564,
    "D_e": 10.541272089118412,
    "error_pct": 19.97119191282235
  },
  "multipole_k1": {
    "R_eq": 3.016587751259597,
    "D_e": 11.574628443492307,
    "error_pct": 20.326595582752173
  },
  "multipole_k2": {
    "R_eq": 3.0220547704787406,
    "D_e": 11.734963211083901,
    "error_pct": 20.544665755035517
  }
}