{
  "config": {
    "R": 3.015,
    "max_n": 2,
    "Z_Li": 3.0,
    "Z_H": 1.0
  },
  "dims": {
    "H_a_dim": 5,
    "H_b_dim": 5,
    "M": 10
  },
  "h_match_residual": 2.4710392895181774e-17,
  "frobenius_residual": 5.611727225455744e-17,
  "block_residuals": {
    "aa": 0.0,
    "bb": 2.4710392895181774e-17,
    "ab": 0.0,
    "ba": 0.0
  },
  "eigenvalue_residual": 1.5543122344752192e-15,
  "eigenvalues": [
    -4.912390852487211,
    -2.155504428154593,
    -1.498479324761125,
    -1.4325458713249914,
    -1.4325458713249888,
    -0.9929089846115869,
    -0.9741461465918927,
    -0.7269767571258146,
    -0.7269767571258146,
    -0.34513764073897224
  ],
  "unitarity": {
    "LdL_residual": 1.0,
    "LLd_residual": 1.0,
    "L_op_norm": 0.9156580215404359,
    "L_frob_norm": 0.9192767806301765,
    "is_unitary": false
  },
  "spectral_action": [
    {
      "Lambda": 1.0,
      "S_full": 3.1993283917901207,
      "S_GeoVac": 3.1993283917901207,
      "diff": 0.0
    },
    {
      "Lambda": 2.0,
      "S_full": 6.376652346162471,
      "S_GeoVac": 6.376652346162471,
      "diff": 0.0
    },
    {
      "Lambda": 4.0,
      "S_full": 8.40784286533415,
      "S_GeoVac": 8.40784286533415,
      "diff": 0.0
    }
  ],
  "verdict": "PASS-Marcolli-vS  (heteronuclear 2-vertex extension works)"
}