{
 "q_e_minus_2pi": 0.0018674427317079893,
 "beta": 6.283185307179586,
 "by_nmax": {
  "2": {
   "wedge_dim": 8,
   "spectrum_value_to_deg": {
    "1": 6,
    "3": 2
   },
   "Z": 0.011204669415072208,
   "S": 1.7917752394033533,
   "g1": 6,
   "S_minus_log_g1": 1.5770175298301936e-05,
   "integer_spectrum": true,
   "all_positive": true,
   "leading_exponent": 1
  },
  "3": {
   "wedge_dim": 20,
   "spectrum_value_to_deg": {
    "1": 12,
    "3": 6,
    "5": 2
   },
   "Z": 0.022409351855014113,
   "S": 2.4849303050906744,
   "g1": 12,
   "S_minus_log_g1": 2.3655302674008283e-05,
   "integer_spectrum": true,
   "all_positive": true,
   "leading_exponent": 1
  },
  "4": {
   "wedge_dim": 40,
   "spectrum_value_to_deg": {
    "1": 20,
    "3": 12,
    "5": 6,
    "7": 2
   },
   "Z": 0.03734893278324168,
   "S": 2.9957606599394477,
   "g1": 20,
   "S_minus_log_g1": 2.8386385456879992e-05,
   "integer_spectrum": true,
   "all_positive": true,
   "leading_exponent": 1
  },
  "5": {
   "wedge_dim": 70,
   "spectrum_value_to_deg": {
    "1": 30,
    "3": 20,
    "5": 12,
    "7": 6,
    "9": 2
   },
   "Z": 0.05602341219975494,
   "S": 3.401228922104564,
   "g1": 30,
   "S_minus_log_g1": 3.1540442408495295e-05,
   "integer_spectrum": true,
   "all_positive": true,
   "leading_exponent": 1
  }
 }
}