{
  "sweep_data": [
    {
      "max_n": 1,
      "M": 3,
      "Q": 6,
      "N_pauli": 9,
      "N_pauli_h1": 7,
      "N_pauli_eri": 2,
      "ERI_density_total": 0.037037037037037035,
      "n_pk_nonzero": 1,
      "wall_time_s": 0.0013560000224970281
    },
    {
      "max_n": 2,
      "M": 15,
      "Q": 30,
      "N_pauli": 333,
      "N_pauli_h1": 35,
      "N_pauli_eri": 298,
      "ERI_density_total": 0.003851851851851852,
      "n_pk_nonzero": 7,
      "wall_time_s": 0.11607839999487624
    },
    {
      "max_n": 3,
      "M": 42,
      "Q": 84,
      "N_pauli": 7878,
      "N_pauli_h1": 109,
      "N_pauli_eri": 7769,
      "ERI_density_total": 0.0014384438582689312,
      "n_pk_nonzero": 26,
      "wall_time_s": 7.40887450001901
    },
    {
      "max_n": 4,
      "M": 90,
      "Q": 180,
      "N_pauli": 92890,
      "N_pauli_h1": 261,
      "N_pauli_eri": 92629,
      "ERI_density_total": 0.0007784179240969364,
      "n_pk_nonzero": 70,
      "wall_time_s": 174.80953039997257
    }
  ],
  "fit": {
    "alpha": 2.708475121177212,
    "a": 0.05347213709407901,
    "R_squared": 0.9916288896809984,
    "formula": "N_pauli = 0.05 * Q^2.71"
  },
  "he_single_geometry": {
    "2": {
      "Q": 10,
      "N_pauli": 120
    },
    "3": {
      "Q": 28,
      "N_pauli": 2659
    },
    "4": {
      "Q": 60,
      "N_pauli": 31039
    },
    "5": {
      "Q": 110,
      "N_pauli": 227338
    }
  },
  "he_exponent": 3.15,
  "gaussian_molecular_exponent": 4.6,
  "gaussian_lih_sto3g": {
    "Q": 12,
    "N_pauli": 631
  }
}