{
  "sweep_data": [
    {
      "max_n": 1,
      "M": 3,
      "Q": 6,
      "N_pauli": 9,
      "N_pauli_h1": 7,
      "N_pauli_eri": 2,
      "ERI_density_total": 0.037037037037037035,
      "n_pk_nonzero": 1,
      "wall_time_s": 0.0012122999905841425
    },
    {
      "max_n": 2,
      "M": 15,
      "Q": 30,
      "N_pauli": 333,
      "N_pauli_h1": 35,
      "N_pauli_eri": 298,
      "ERI_density_total": 0.003851851851851852,
      "n_pk_nonzero": 7,
      "wall_time_s": 0.10953720001270995
    }
  ],
  "fit": {
    "alpha": 2.243589444952929,
    "a": 0.16158110637634587,
    "R_squared": 1.0,
    "formula": "N_pauli = 0.16 * Q^2.24"
  },
  "he_single_geometry": {
    "2": {
      "Q": 10,
      "N_pauli": 120
    },
    "3": {
      "Q": 28,
      "N_pauli": 2659
    },
    "4": {
      "Q": 60,
      "N_pauli": 31039
    },
    "5": {
      "Q": 110,
      "N_pauli": 227338
    }
  },
  "he_exponent": 3.15,
  "gaussian_molecular_exponent": 4.6,
  "gaussian_lih_sto3g": {
    "Q": 12,
    "N_pauli": 631
  }
}