{
  "E_exact": -2.903724,
  "E_single": -2.8989980027745688,
  "E_dboc": -2.8639872664278903,
  "dboc_shift": 0.035010736346678506,
  "err_single": 0.1627564198743135,
  "err_dboc": 1.3684748816385346,
  "coupled_channel_results": {
    "n_ch=2, q_mode='none'": {
      "E": -2.906352505511812,
      "err": 0.09052187851917194,
      "side": "BELOW",
      "time": 0.20394134521484375,
      "weights": [
        0.9973956727209624,
        0.0026043272790375843
      ]
    },
    "n_ch=2, q_mode='diagonal'": {
      "E": -2.8712433031971853,
      "err": 1.1185876069080471,
      "side": "ABOVE",
      "time": 0.15998387336730957,
      "weights": [
        0.9974849740174958,
        0.0025150259825042157
      ]
    },
    "n_ch=2, q_mode='full'": {
      "E": -2.8709810477918865,
      "err": 1.1276192988077902,
      "side": "ABOVE",
      "time": 0.2133185863494873,
      "weights": [
        0.9975843118498208,
        0.0024156881501792276
      ]
    },
    "n_ch=3, q_mode='none'": {
      "E": -2.9064874042201114,
      "err": 0.09516759237832019,
      "side": "BELOW",
      "time": 0.2784543037414551,
      "weights": [
        0.9973775143519101,
        0.00259285396387649,
        2.963168421336931e-05
      ]
    },
    "n_ch=3, q_mode='diagonal'": {
      "E": -2.871443495245337,
      "err": 1.1116932860927222,
      "side": "ABOVE",
      "time": 0.2748405933380127,
      "weights": [
        0.9974343229261147,
        0.0025370498876595387,
        2.862718622572646e-05
      ]
    },
    "n_ch=3, q_mode='full'": {
      "E": -2.871211704450773,
      "err": 1.1196758214357483,
      "side": "ABOVE",
      "time": 0.3126790523529053,
      "weights": [
        0.9975275828282093,
        0.002434706392931979,
        3.771077885876325e-05
      ]
    }
  },
  "n_basis": 15,
  "l_max": 0,
  "N_R_radial": 1500
}