{
  "E_exact": -2.903724,
  "E_single": -2.8989980027745688,
  "E_dboc": -2.8639872664278903,
  "dboc_shift": 0.035010736346678506,
  "err_single": 0.1627564198743135,
  "err_dboc": 1.3684748816385346,
  "coupled_channel_results": {
    "n_ch=2, q_mode='none'": {
      "E": -2.9062679073762996,
      "err": 0.08760844268599959,
      "side": "BELOW",
      "time": 0.14154481887817383,
      "weights": [
        0.9973876646063814,
        0.0026123353936186207
      ]
    },
    "n_ch=2, q_mode='diagonal'": {
      "E": -2.8711853530394738,
      "err": 1.1205833254305926,
      "side": "ABOVE",
      "time": 0.13317632675170898,
      "weights": [
        0.9974730646001976,
        0.002526935399802402
      ]
    },
    "n_ch=2, q_mode='full'": {
      "E": -2.8708873065740153,
      "err": 1.13084760900088,
      "side": "ABOVE",
      "time": 0.1586170196533203,
      "weights": [
        0.9975836441464327,
        0.002416355853567297
      ]
    },
    "n_ch=3, q_mode='none'": {
      "E": -2.9064331434176633,
      "err": 0.09329892984537695,
      "side": "BELOW",
      "time": 0.2420482635498047,
      "weights": [
        0.9973484811542443,
        0.0026218178123939423,
        2.970103336175698e-05
      ]
    },
    "n_ch=3, q_mode='diagonal'": {
      "E": -2.871452883361325,
      "err": 1.1113699731336337,
      "side": "ABOVE",
      "time": 0.24309158325195312,
      "weights": [
        0.997435211004239,
        0.0025362861872749495,
        2.8502808485940362e-05
      ]
    },
    "n_ch=3, q_mode='full'": {
      "E": -2.871181823852281,
      "err": 1.1207048654665157,
      "side": "ABOVE",
      "time": 0.2903022766113281,
      "weights": [
        0.9975435733924897,
        0.0024198301222302246,
        3.6596485280148524e-05
      ]
    }
  },
  "n_basis": 15,
  "l_max": 0,
  "N_R_radial": 1500
}