{
  "NIST": {
    "P0_cm": 21978.925,
    "P1_cm": 21978.271,
    "P2_cm": 21981.268,
    "split_P0_P1_cm": 0.6539999999986321,
    "split_P1_P2_cm": -2.996999999999389,
    "split_P0_P2_cm": -2.3430000000007567,
    "split_P0_P1_MHz": 19606.426753158994,
    "split_P1_P2_MHz": -89847.79966258167,
    "split_P0_P2_MHz": -70241.37290942269
  },
  "references": [
    "Slater, J. C. Phys. Rev. 36, 57 (1930) -- screening rules",
    "Condon & Shortley, The Theory of Atomic Spectra (1935)",
    "Froese-Fischer, Multiconfiguration Hartree-Fock (1977)"
  ],
  "parity_obstruction": {
    "direct_<2s_2p_0|g|2p_-1_2p_+1>": 0.0,
    "exchange_<2s_2p_0|g|2p_+1_2p_-1>": 0.0,
    "sum (matrix element)": 0.0,
    "parity_obstruction": "The 2s2p -> 2p^2 transition requires changing (0,1) -> (1,1) on electron 1 and (1,1) -> (1,-1)... wait, let me redo.  For direct: e1 goes 2s(l=0,m=0) -> 2p(l=1,m=-1), so l1+l3 = 0+1 = 1 (odd).  e2 goes 2p(l=1,m=0) -> 2p(l=1,m=+1), so l2+l4 = 1+1 = 2 (even).  For any single k, both l1+l3+k and l2+l4+k must be even -- impossible if (l1+l3) and (l2+l4) have different parity."
  },
  "sprint3_baseline": {
    "Z_nuc": 4,
    "Z_eff_p": 1.3,
    "Z_val": 1.0,
    "convention": "BR_C",
    "M1_dir": 0.27623555415083434,
    "M2_dir": 0.2030808967553278,
    "M1_exch": 0.2078706662452503,
    "M2_exch": 0.17129333754749704,
    "A_SS": -2.9997809281385724e-06,
    "A_SOO": 1.0995481595275887e-05,
    "zeta": 1.9498870980318415e-05,
    "E_SO": {
      "0": -3.899774196063683e-05,
      "1": -1.9498870980318415e-05,
      "2": 1.9498870980318415e-05
    },
    "E_SS": {
      "0": 5.999561856277145e-06,
      "1": -2.9997809281385724e-06,
      "2": 5.999561856277145e-07
    },
    "E_SOO": {
      "0": 2.1990963190551773e-05,
      "1": 1.0995481595275887e-05,
      "2": -1.0995481595275887e-05
    },
    "E_tot": {
      "0": -1.1007216913807915e-05,
      "1": -1.15031703131811e-05,
      "2": 9.103345570670243e-06
    },
    "split_P0_P1_Ha": 4.95953399373185e-07,
    "split_P1_P2_Ha": -2.0606515883851343e-05,
    "split_P0_P2_Ha": -2.011056248447816e-05,
    "split_P0_P1_MHz": 3263.216607123464,
    "split_P1_P2_MHz": -135584.36121644385,
    "split_P0_P2_MHz": -132321.1446093204,
    "err_P0_P2_pct": 88.3806354126229
  },
  "sprint5_closure": {
    "Z_nuc": 4,
    "Z_eff_p": 1.95,
    "Z_val": 1.0,
    "convention": "std",
    "M1_dir": 0.27623555415083434,
    "M2_dir": 0.2030808967553278,
    "M1_exch": 0.2078706662452503,
    "M2_exch": 0.17129333754749704,
    "A_SS": -2.9997809281385724e-06,
    "A_SOO": 1.0995481595275887e-05,
    "zeta": 1.645217238964366e-05,
    "E_SO": {
      "0": -3.290434477928732e-05,
      "1": -1.645217238964366e-05,
      "2": 1.645217238964366e-05
    },
    "E_SS": {
      "0": 5.999561856277145e-06,
      "1": -2.9997809281385724e-06,
      "2": 5.999561856277145e-07
    },
    "E_SOO": {
      "0": 2.1990963190551773e-05,
      "1": 1.0995481595275887e-05,
      "2": -1.0995481595275887e-05
    },
    "E_tot": {
      "0": -4.913819732458404e-06,
      "1": -8.456471722506346e-06,
      "2": 6.05664697999549e-06
    },
    "split_P0_P1_Ha": 3.5426519900479417e-06,
    "split_P1_P2_Ha": -1.4513118702501836e-05,
    "split_P0_P2_Ha": -1.0970466712453894e-05,
    "split_P0_P1_MHz": 23309.5303344915,
    "split_P1_P2_MHz": -95491.73376170783,
    "split_P0_P2_MHz": -72182.20342721633,
    "err_P0_P1_pct": 18.88719259227519,
    "err_P1_P2_pct": 6.281660898009335,
    "err_P0_P2_pct": 2.7630873905274775
  },
  "Z_eff_scan": [
    {
      "Z_eff": 1.85,
      "Z_nuc": 4,
      "Z_eff_p": 1.85,
      "Z_val": 1.0,
      "convention": "std",
      "M1_dir": 0.27623555415083434,
      "M2_dir": 0.2030808967553278,
      "M1_exch": 0.2078706662452503,
      "M2_exch": 0.17129333754749704,
      "A_SS": -2.9997809281385724e-06,
      "A_SOO": 1.0995481595275887e-05,
      "zeta": 1.404865031528887e-05,
      "E_SO": {
        "0": -2.809730063057774e-05,
        "1": -1.404865031528887e-05,
        "2": 1.404865031528887e-05
      },
      "E_SS": {
        "0": 5.999561856277145e-06,
        "1": -2.9997809281385724e-06,
        "2": 5.999561856277145e-07
      },
      "E_SOO": {
        "0": 2.1990963190551773e-05,
        "1": 1.0995481595275887e-05,
        "2": -1.0995481595275887e-05
      },
      "E_tot": {
        "0": -1.0677558374882077e-07,
        "1": -6.052949648151556e-06,
        "2": 3.653124905640698e-06
      },
      "split_P0_P1_Ha": 5.946174064402735e-06,
      "split_P1_P2_Ha": -9.706074553792254e-06,
      "split_P0_P2_Ha": -3.759900489389519e-06,
      "split_P0_P1_MHz": 39123.94587945019,
      "split_P1_P2_MHz": -63862.90267179049,
      "split_P0_P2_MHz": -24738.95679234031,
      "err_P0_P2_pct": -64.78007794033074
    },
    {
      "Z_eff": 1.9,
      "Z_nuc": 4,
      "Z_eff_p": 1.9,
      "Z_val": 1.0,
      "convention": "std",
      "M1_dir": 0.27623555415083434,
      "M2_dir": 0.2030808967553278,
      "M1_exch": 0.2078706662452503,
      "M2_exch": 0.17129333754749704,
      "A_SS": -2.9997809281385724e-06,
      "A_SOO": 1.0995481595275887e-05,
      "zeta": 1.5218793360719614e-05,
      "E_SO": {
        "0": -3.0437586721439228e-05,
        "1": -1.5218793360719614e-05,
        "2": 1.5218793360719614e-05
      },
      "E_SS": {
        "0": 5.999561856277145e-06,
        "1": -2.9997809281385724e-06,
        "2": 5.999561856277145e-07
      },
      "E_SOO": {
        "0": 2.1990963190551773e-05,
        "1": 1.0995481595275887e-05,
        "2": -1.0995481595275887e-05
      },
      "E_tot": {
        "0": -2.4470616746103096e-06,
        "1": -7.223092693582299e-06,
        "2": 4.8232679510714425e-06
      },
      "split_P0_P1_Ha": 4.776031018971989e-06,
      "split_P1_P2_Ha": -1.2046360644653741e-05,
      "split_P0_P2_Ha": -7.270329625681752e-06,
      "split_P0_P1_MHz": 31424.77449886162,
      "split_P1_P2_MHz": -79261.2454329676,
      "split_P0_P2_MHz": -47836.47093410597,
      "err_P0_P2_pct": -31.8970160281579
    },
    {
      "Z_eff": 1.92,
      "Z_nuc": 4,
      "Z_eff_p": 1.92,
      "Z_val": 1.0,
      "convention": "std",
      "M1_dir": 0.27623555415083434,
      "M2_dir": 0.2030808967553278,
      "M1_exch": 0.2078706662452503,
      "M2_exch": 0.17129333754749704,
      "A_SS": -2.9997809281385724e-06,
      "A_SOO": 1.0995481595275887e-05,
      "zeta": 1.5704463464399627e-05,
      "E_SO": {
        "0": -3.1408926928799255e-05,
        "1": -1.5704463464399627e-05,
        "2": 1.5704463464399627e-05
      },
      "E_SS": {
        "0": 5.999561856277145e-06,
        "1": -2.9997809281385724e-06,
        "2": 5.999561856277145e-07
      },
      "E_SOO": {
        "0": 2.1990963190551773e-05,
        "1": 1.0995481595275887e-05,
        "2": -1.0995481595275887e-05
      },
      "E_tot": {
        "0": -3.418401881970336e-06,
        "1": -7.708762797262312e-06,
        "2": 5.308938054751456e-06
      },
      "split_P0_P1_Ha": 4.290360915291976e-06,
      "split_P1_P2_Ha": -1.3017700852013768e-05,
      "split_P0_P2_Ha": -8.727339936721792e-06,
      "split_P0_P1_MHz": 28229.21872705924,
      "split_P1_P2_MHz": -85652.35697657237,
      "split_P0_P2_MHz": -57423.138249513126,
      "err_P0_P2_pct": -18.248838439474792
    },
    {
      "Z_eff": 1.94,
      "Z_nuc": 4,
      "Z_eff_p": 1.94,
      "Z_val": 1.0,
      "convention": "std",
      "M1_dir": 0.27623555415083434,
      "M2_dir": 0.2030808967553278,
      "M1_exch": 0.2078706662452503,
      "M2_exch": 0.17129333754749704,
      "A_SS": -2.9997809281385724e-06,
      "A_SOO": 1.0995481595275887e-05,
      "zeta": 1.6200357828147606e-05,
      "E_SO": {
        "0": -3.240071565629521e-05,
        "1": -1.6200357828147606e-05,
        "2": 1.6200357828147606e-05
      },
      "E_SS": {
        "0": 5.999561856277145e-06,
        "1": -2.9997809281385724e-06,
        "2": 5.999561856277145e-07
      },
      "E_SOO": {
        "0": 2.1990963190551773e-05,