{
  "rows": [
    {
      "n_max": 2,
      "Q_std": 10,
      "Q_tc": 10,
      "n_det": 45,
      "N_pauli_std": 111,
      "N_pauli_tc": 187,
      "pauli_ratio": 1.6846846846846846,
      "E_std": -2.8318128095949753,
      "E_tc": -3.0023791497287236,
      "err_std_pct": 2.4765160326885303,
      "err_tc_pct": 3.3975388063302017,
      "max_imag_tc": 0.0,
      "winner": "STD",
      "margin_pp": 0.9210227736416714,
      "t_std_s": 0.02140069007873535,
      "t_tc_s": 0.5337328910827637
    },
    {
      "n_max": 3,
      "Q_std": 28,
      "Q_tc": 28,
      "n_det": 378,
      "N_pauli_std": 2626,
      "N_pauli_tc": 6106,
      "pauli_ratio": 2.325209444021325,
      "E_std": -2.8406241367023153,
      "E_tc": -3.0036660685024508,
      "err_std_pct": 2.1730668375398174,
      "err_tc_pct": 3.4418584032935224,
      "max_imag_tc": 0.0,
      "winner": "STD",
      "margin_pp": 1.268791565753705,
      "t_std_s": 1.0710139274597168,
      "t_tc_s": 2.0927248001098633
    },
    {
      "n_max": 4,
      "Q_std": 60,
      "Q_tc": 60,
      "n_det": 1770,
      "N_pauli_std": 30954,
      "N_pauli_tc": 80426,
      "pauli_ratio": 2.598242553466434,
      "E_std": -2.843614811319136,
      "E_tc": -3.0042446348977165,
      "err_std_pct": 2.0700723856972636,
      "err_tc_pct": 3.4617833822262916,
      "max_imag_tc": 1.570092458683736e-16,
      "winner": "STD",
      "margin_pp": 1.391710996529028,
      "t_std_s": 22.595942974090576,
      "t_tc_s": 25.94669485092163
    },
    {
      "n_max": 5,
      "Q_std": 110,
      "Q_tc": 110,
      "n_det": 5995,
      "N_pauli_std": 226885,
      "N_pauli_tc": 620029,
      "pauli_ratio": 2.732789739295238,
      "E_std": -2.8450137578365777,
      "E_tc": -3.0045528154288306,
      "err_std_pct": 2.021894717384374,
      "err_tc_pct": 3.4723966681692406,
      "max_imag_tc": 1.6522728879241295e-16,
      "winner": "STD",
      "margin_pp": 1.4505019507848664,
      "t_std_s": 290.6491012573242,
      "t_tc_s": 331.59605407714844
    }
  ],
  "E_exact": -2.903724
}