{
  "conventions": {
    "note": "D_sp - scalar_LB = n_CH + 3/4 = n_Fock - 1/4 (grows with n!)",
    "bounded_obstruction": "Graph Laplacian eigenvalues bounded by ~4*d_max; D^2 grows as n^2. Same situation as scalar."
  },
  "scalar_n2": {
    "n_states": 5,
    "L_evals": [
      0.0,
      3.9250536344271737e-17,
      0.9999999999999998,
      2.0,
      3.0
    ],
    "H_max_err": 0.1875,
    "H_rms_err": 0.09703683288278449
  },
  "scalar_n3": {
    "n_states": 14,
    "L_evals": [
      3.9250536344271737e-17,
      4.99692479230196e-17,
      7.91033905045424e-16,
      0.3819660112501052,
      0.9999999999999998,
      1.0000000000000007,
      1.3819660112501049,
      1.999999999999999,
      2.6180339887498953,
      3.0,
      3.0,
      3.0000000000000004,
      3.6180339887498945,
      4.999999999999999
    ],
    "H_max_err": 0.2867752093124095,
    "H_rms_err": 0.14031028822107403
  },
  "scalar_n4": {
    "n_states": 30,
    "L_evals": [
      -7.747708733842065e-16,
      -2.1965935921949816e-16,
      5.0450834795003976e-17,
      1.272161401859515e-16,
      0.19806226419516176,
      0.38196601125010454,
      0.585786437626905,
      0.7530203962825327,
      0.9999999999999998,
      1.0,
      1.3819660112501055,
      1.5549581320873704,
      1.9999999999999987,
      1.9999999999999991,
      2.0,
      2.381966011250104,
      2.4450418679126287,
      2.618033988749894,
      3.0,
      3.0000000000000013,
      3.246979603717467,
      3.3819660112501047,
      3.414213562373094,
      3.6180339887498922,
      3.8019377358048385,
      4.0,
      4.000000000000001,
      4.618033988749892,
      5.618033988749894,
      6.000000000000001
    ],
    "H_max_err": 0.32140925929786784,
    "H_rms_err": 0.16533727671409232
  },
  "dirac_d2_n2": {
    "n_states": 10,
    "L_evals": [
      -6.661338147750939e-16,
      0.0,
      5.0450834795003976e-17,
      0.585786437626905,
      1.9999999999999987,
      2.0,
      2.0,
      2.0,
      3.414213562373094,
      3.999999999999999
    ],
    "target_d2": [
      2.25,
      2.25,
      6.25,
      6.25,
      6.25,
      6.25,
      6.25,
      6.25,
      6.25,
      6.25
    ],
    "linear_fit": {
      "kappa": 0.6956306079908245,
      "c": 4.336985791258773,
      "rms": 1.2921165652813538
    },
    "lichnerowicz_max_err": 4.75,
    "sectors": {
      "kappa_-2": {
        "l": 1,
        "j": 1.5,
        "n_nodes": 4,
        "L_evals": [
          5.0450834795003976e-17,
          0.585786437626905,
          2.0,
          3.414213562373094
        ],
        "grid_evals": [
          2.381966011250105,
          3.381966011250105,
          4.618033988749895,
          5.618033988749895
        ],
        "grid_match": 2.7961795736232,
        "target_d2": [
          6.25,
          6.25,
          6.25,
          6.25
        ],
        "corr_L_d2": NaN
      },
      "kappa_-1": {
        "l": 0,
        "j": 0.5,
        "n_nodes": 4,
        "L_evals": [
          -6.661338147750939e-16,
          1.9999999999999987,
          2.0,
          3.999999999999999
        ],
        "grid_evals": [
          1.9999999999999996,
          3.999999999999999,
          3.999999999999999,
          5.999999999999999
        ],
        "grid_match": 2.0000000000000004,
        "target_d2": [
          2.25,
          2.25,
          6.25,
          6.25
        ],
        "corr_L_d2": 0.7071067811865479
      },
      "kappa_1": {
        "l": 1,
        "j": 0.5,
        "n_nodes": 2,
        "L_evals": [
          0.0,
          2.0
        ],
        "grid_evals": [
          2.9999999999999996,
          4.999999999999999
        ],
        "grid_match": 2.9999999999999996,
        "target_d2": [
          6.25,
          6.25
        ],
        "corr_L_d2": NaN
      }
    },
    "weighted_fit": {
      "kappa": 0.9004018488583234,
      "c": 4.864702759475904,
      "rms": 1.4462969590061752
    }
  },
  "dirac_d2_n3": {
    "n_states": 28,
    "L_evals": [
      -1.5304953933755547e-15,
      5.0450834795003976e-17,
      7.690891316429237e-17,
      2.5832939305236194e-16,
      8.138863938381677e-16,
      0.2679491924311227,
      0.5857864376269049,
      0.585786437626905,
      0.9999999999999996,
      1.0000000000000002,
      1.999999999999998,
      1.999999999999999,
      1.9999999999999996,
      1.9999999999999998,
      2.0,
      2.0,
      2.0000000000000004,
      2.5857864376269037,
      2.9999999999999996,
      2.9999999999999996,
      3.0,
      3.414213562373094,
      3.414213562373094,
      3.7320508075688767,
      3.999999999999999,
      3.999999999999999,
      4.999999999999998,
      5.414213562373091
    ],
    "target_d2": [
      2.25,
      2.25,
      6.25,
      6.25,
      6.25,
      6.25,
      6.25,
      6.25,
      6.25,
      6.25,
      12.25,
      12.25,
      12.25,
      12.25,
      12.25,
      12.25,
      12.25,
      12.25,
      12.25,
      12.25,
      12.25,
      12.25,
      12.25,
      12.25,
      12.25,
      12.25,
      12.25,
      12.25
    ],
    "linear_fit": {
      "kappa": 1.7716752170448489,
      "c": 6.151553517063487,
      "rms": 1.9808706690388858
    },
    "lichnerowicz_max_err": 8.750000000000002,
    "sectors": {
      "kappa_-3": {
        "l": 2,
        "j": 2.5,
        "n_nodes": 6,
        "L_evals": [
          7.690891316429237e-17,
          0.2679491924311227,
          0.9999999999999996,
          2.0000000000000004,
          3.0,
          3.7320508075688767
        ],
        "grid_evals": [
          2.1980622641951615,
          2.7530203962825324,
          3.554958132087371,
          4.445041867912629,
          5.246979603717467,
          5.801937735804838
        ],
        "grid_match": 2.5549581320873713,
        "target_d2": [
          12.25,
          12.25,
          12.25,
          12.25,
          12.25,
          12.25
        ],
        "corr_L_d2": NaN
      },
      "kappa_-2": {
        "l": 1,
        "j": 1.5,
        "n_nodes": 8,
        "L_evals": [
          -8.49357781838907e-16,
          0.5857864376269045,
          1.9999999999999998,
          2.0,
          2.5857864376269046,
          3.4142135623730945,
          4.0,
          5.414213562373094
        ],
        "grid_evals": [
          1.3819660112501049,
          2.381966011250105,
          3.3819660112501047,
          3.618033988749895,
          4.381966011250105,
          4.618033988749895,
          5.618033988749895,
          6.618033988749895
        ],
        "grid_match": 1.7961795736232005,
        "target_d2": [
          6.25,
          6.25,
          6.25,
          6.25,
          12.25,
          12.25,
          12.25,
          12.25
        ],
        "corr_L_d2": 0.8162234055111375
      },
      "kappa_-1": {
        "l": 0,
        "j": 0.5,
        "n_nodes": 6,
        "L_evals": [
          1.401409650374455e-16,
          1.0000000000000009,
          2.0,
          3.0000000000000004,
          3.0000000000000013,
          4.999999999999998
        ],
        "grid_evals": [
          1.5857864376269046,
          2.9999999999999996,
          3.585786437626904,
          4.414213562373095,
          4.999999999999999,
          6.414213562373094
        ],
        "grid_match": 1.9999999999999987,
        "target_d2": [
          2.25,
          2.25,
          6.25,
          6.25,
          12.25,
          12.25
        ],
        "corr_L_d2": 0.8794631189392598
      },
      "kappa_1": {
        "l": 1,
        "j": 0.5,
        "n_nodes": 4,
        "L_evals": [
          -6.661338147750939e-16,
          1.9999999999999987,
          2.0,
          3.999999999999999
        ],
        "grid_evals": [
          1.9999999999999996,
          3.999999999999999,
          3.999999999999999,
          5.999999999999999
        ],
        "grid_match": 2.0000000000000004,