{
  "central_only": {
    "E_gs": -2.192178311642856,
    "B_d": 2.192178311642856,
    "P_D": 0.0,
    "P_S": 1.0,
    "Q_d": 0.0,
    "mu_d": 0.8798045999999999,
    "r_d": 2.1278172578898,
    "r_pp": 1.9816333271988653,
    "r2_rel": 15.70748257386098,
    "V_T0": 0.0,
    "kappa_T": 0.5,
    "alpha_S": 1.1,
    "alpha_D": 0.8,
    "n_basis_S": 14.0,
    "n_basis_D": 8.0,
    "cond_S": 90.5265748822882
  },
  "tensor_fits": [
    {
      "E_gs": -2.54516942924632,
      "B_d": 2.54516942924632,
      "P_D": 0.0057738769388242794,
      "P_S": 0.9942261230611757,
      "Q_d": 0.28600002120016715,
      "mu_d": 0.8765151824682009,
      "r_d": 2.153199738751462,
      "r_pp": 2.0088637274466734,
      "r2_rel": 16.14213390180377,
      "V_T0": -8.195950601892557,
      "kappa_T": 0.3,
      "alpha_S": 1.1,
      "alpha_D": 0.8,
      "n_basis_S": 14.0,
      "n_basis_D": 8.0,
      "cond_S": 90.5265748822882
    },
    {
      "E_gs": -2.4398736832914474,
      "B_d": 2.4398736832914474,
      "P_D": 0.004282402345905525,
      "P_S": 0.9957175976540945,
      "Q_d": 0.28599997873688804,
      "mu_d": 0.8773648858349614,
      "r_d": 2.197814320357084,
      "r_pp": 2.056611812486316,
      "r2_rel": 16.918608589033,
      "V_T0": -11.727855242878002,
      "kappa_T": 0.5,
      "alpha_S": 1.1,
      "alpha_D": 0.8,
      "n_basis_S": 14.0,
      "n_basis_D": 8.0,
      "cond_S": 90.5265748822882
    },
    {
      "E_gs": -2.3947744784951244,
      "B_d": 2.3947744784951244,
      "P_D": 0.003737736824923417,
      "P_S": 0.9962622631750766,
      "Q_d": 0.2859999959494388,
      "mu_d": 0.877675185540457,
      "r_d": 2.217447986296781,
      "r_pp": 2.0775803070936214,
      "r2_rel": 17.265359729692907,
      "V_T0": -16.11990127608309,
      "kappa_T": 0.7,
      "alpha_S": 1.1,
      "alpha_D": 0.8,
      "n_basis_S": 14.0,
      "n_basis_D": 8.0,
      "cond_S": 90.5265748822882
    }
  ],
  "experimental": {
    "B_d": 2.224575,
    "Q_d": 0.286,
    "mu_d": 0.8574382,
    "r_d": 2.12799
  }
}