{
  "alpha": 1.0,
  "n_basis": 12.0,
  "E_gs": -2.1548509434415233,
  "B_d": 2.1548509434415233,
  "r2_rel": 16.50938016502407,
  "r_rel": 4.063173656764386,
  "r1_rel": 3.258477115000526,
  "r3_rel": 146.03532823692115,
  "r2_pp": 4.127345041256017,
  "r_pp": 2.031586828382193,
  "r1_pp": 1.629238557500263,
  "r_d": 2.17441502035937,
  "B_d_exp": 2.224575,
  "r_d_exp": 2.12799
}