{
  "task_1_hodge": {
    "rule_A_nmax_2": {
      "V": 10,
      "E": 8,
      "beta_0": 3,
      "beta_1": 1,
      "L0_DA_match": true,
      "svd_identity_verified": true,
      "pi_free_certificate": true,
      "degree_sequence": [
        2,
        2,
        2,
        2,
        1,
        2,
        2,
        1,
        1,
        1
      ],
      "pendant_vertex_count": 4,
      "gs_is_pendant": false,
      "gs_degrees": [
        2,
        2
      ],
      "L0_spectrum": [
        -0.0,
        0.0,
        0.0,
        0.5857864376,
        2.0,
        2.0,
        2.0,
        2.0,
        3.4142135624,
        4.0
      ],
      "L1_spectrum": [
        -0.0,
        0.5857864376,
        2.0,
        2.0,
        2.0,
        2.0,
        3.4142135624,
        4.0
      ]
    },
    "rule_A_nmax_3": {
      "V": 28,
      "E": 29,
      "beta_0": 5,
      "beta_1": 6,
      "L0_DA_match": true,
      "svd_identity_verified": true,
      "pi_free_certificate": true,
      "degree_sequence": [
        2,
        2,
        3,
        3,
        2,
        3,
        3,
        2,
        2,
        2,
        2,
        2,
        2,
        3,
        3,
        2,
        2,
        2,
        1,
        2,
        2,
        2,
        2,
        1,
        1,
        2,
        2,
        1
      ],
      "pendant_vertex_count": 4,
      "gs_is_pendant": false,
      "gs_degrees": [
        2,
        2
      ],
      "L0_spectrum": [
        -0.0,
        0.0,
        0.0,
        0.0,
        0.0,
        0.2679491924,
        0.5857864376,
        0.5857864376,
        1.0,
        1.0,
        2.0,
        2.0,
        2.0,
        2.0,
        2.0,
        2.0,
        2.0,
        2.5857864376,
        3.0,
        3.0,
        3.0,
        3.4142135624,
        3.4142135624,
        3.7320508076,
        4.0,
        4.0,
        5.0,
        5.4142135624
      ],
      "L1_spectrum": [
        -0.0,
        -0.0,
        -0.0,
        -0.0,
        0.0,
        0.0,
        0.2679491924,
        0.5857864376,
        0.5857864376,
        1.0,
        1.0,
        2.0,
        2.0,
        2.0,
        2.0,
        2.0,
        2.0,
        2.0,
        2.5857864376,
        3.0,
        3.0,
        3.0,
        3.4142135624,
        3.4142135624,
        3.7320508076,
        4.0,
        4.0,
        5.0,
        5.4142135624
      ]
    },
    "rule_B_nmax_2": {
      "V": 10,
      "E": 20,
      "beta_0": 1,
      "beta_1": 11,
      "L0_DA_match": true,
      "svd_identity_verified": true,
      "pi_free_certificate": true,
      "degree_sequence": [
        5,
        5,
        5,
        5,
        2,
        4,
        4,
        2,
        4,
        4
      ],
      "pendant_vertex_count": 0,
      "gs_is_pendant": false,
      "gs_degrees": [
        5,
        5
      ],
      "L0_spectrum": [
        -0.0,
        1.4384471872,
        2.2984378813,
        4.0,
        4.0,
        4.0,
        5.0,
        5.0,
        5.5615528128,
        8.7015621187
      ],
      "L1_spectrum": [
        -0.0,
        -0.0,
        -0.0,
        -0.0,
        -0.0,
        0.0,
        0.0,
        0.0,
        0.0,
        0.0,
        0.0,
        1.4384471872,
        2.2984378813,
        4.0,
        4.0,
        4.0,
        5.0,
        5.0,
        5.5615528128,
        8.7015621187
      ]
    },
    "rule_B_nmax_3": {
      "V": 28,
      "E": 106,
      "beta_0": 1,
      "beta_1": 79,
      "L0_DA_match": true,
      "svd_identity_verified": true,
      "pi_free_certificate": true,
      "degree_sequence": [
        5,
        5,
        10,
        10,
        8,
        12,
        12,
        8,
        9,
        9,
        10,
        10,
        7,
        10,
        10,
        7,
        7,
        7,
        2,
        4,
        6,
        6,
        4,
        2,
        6,
        10,
        10,
        6
      ],
      "pendant_vertex_count": 0,
      "gs_is_pendant": false,
      "gs_degrees": [
        5,
        5
      ],
      "L0_spectrum": [
        -0.0,
        1.4071895101,
        1.8467907036,
        3.0444924722,
        3.6830031803,
        4.3514616252,
        4.6089361099,
        4.8806103507,
        5.2271371516,
        5.5176186061,
        6.2286658067,
        7.1380910977,
        7.402134121,
        7.4884123106,
        8.0372211591,
        8.4291454856,
        8.7255976256,
        9.2527631664,
        10.0,
        10.0,
        10.0,
        10.0,
        10.3443028666,
        10.4531977234,
        11.5801534936,
        11.7993693759,
        12.4809929748,
        18.0727130835
      ],
      "L1_spectrum": [
        -0.0,
        -0.0,
        -0.0,
        -0.0,
        -0.0,
        -0.0,
        -0.0,
        -0.0,
        -0.0,
        -0.0,
        -0.0,
        -0.0,
        -0.0,
        -0.0,
        -0.0,
        -0.0,
        -0.0,
        -0.0,
        -0.0,
        -0.0,
        -0.0,
        -0.0,
        -0.0,
        -0.0,
        -0.0,
        -0.0,
        -0.0,
        -0.0,
        -0.0,
        -0.0,
        -0.0,
        -0.0,
        -0.0,
        -0.0,
        -0.0,
        -0.0,
        -0.0,
        -0.0,
        -0.0,
        -0.0,
        0.0,
        0.0,
        0.0,
        0.0,
        0.0,
        0.0,
        0.0,
        0.0,
        0.0,
        0.0,
        0.0,
        0.0,
        0.0,
        0.0,
        0.0,
        0.0,
        0.0,
        0.0,
        0.0,
        0.0,
        0.0,
        0.0,
        0.0,
        0.0,
        0.0,
        0.0,
        0.0,
        0.0,
        0.0,
        0.0,
        0.0,
        0.0,
        0.0,
        0.0,
        0.0,
        0.0,
        0.0,
        0.0,
        0.0,
        1.4071895101,
        1.8467907036,
        3.0444924722,
        3.6830031803,
        4.3514616252,
        4.6089361099,
        4.8806103507,
        5.2271371516,
        5.5176186061,
        6.2286658067,
        7.1380910977,
        7.402134121,
        7.4884123106,
        8.0372211591,
        8.4291454856,
        8.7255976256,
        9.2527631664,
        10.0,
        10.0,
        10.0,
        10.0,
        10.3443028666,
        10.4531977234,
        11.5801534936,
        11.7993693759,
        12.4809929748,
        18.0727130835
      ]
    }
  },
  "task_2_photon_rule_A": {
    "G_gamma_shape": [
      8,
      8
    ],
    "G_gamma_max": 1.0000000000000009,
    "G_gamma_rank": 7,
    "gs_is_pendant": false,
    "gs_degrees": [
      2,
      2
    ]
  },
  "task_3_electron_rule_A": {
    "D_dirac_shape": [
      10,
      10
    ],
    "D_dirac_condition": 1.6666666666666667,
    "G_e_is_diagonal_t0": true
  },
  "task_4_self_energy_rule_A": {
    "Sigma_trace": 8.500000000000002,
    "is_hermitian": true,
    "is_psd": true,
    "eigenvalues": [
      0.4999999999999999,
      0.5,
      0.5,
      0.5000000000000002,
      0.5428932188134524,
      0.5428932188134524,
      0.7499999999999998,
      0.7500000000000001,
      1.9571067811865483,
      1.9571067811865483
    ],
    "gs_indices": [
      0,
      1
    ],
    "gs_block": [
      [
        0.625,
        0.0
      ],
      [
        0.0,
        0.625
      ]
    ],
    "gs_block_zero": false,
    "N_dirac": 10,
    "E_edges": 8
  },
  "task_4b_vertex_rule_A": {
    "Lambda_trace": 2.9333333333333336,
    "eigenvalues": [
      -0.2,
      -0.2,
      0.21715728752538097,
      0.21715728752538105,
      0.2666666666666666,
      0.2666666666666667,
      0.3999999999999999,
      0.4000000000000001,
      0.782842712474619,
      0.7828427124746193
    ],
    "F2": null,
    "bare_vertex_trace": 0.0
  },
  "task_5_census_rule_A": {
    "rule_1_delta_mj": {
      "verdict": "SURVIVES",
      "total_edges": 8,
      "conserved": 8,
      "violations": 0,
      "tier": "INTRINSIC"
    },
    "rule_2_spatial_parity": {
      "verdict": "BROKEN",
      "total_edges": 8,
      "parity_correct": 0,