{
  "scalar_n2": {
    "n_states": 5,
    "evals": [
      -0.5726423537605237,
      -0.3125,
      -0.1875,
      -0.17735764623947628,
      -0.125
    ],
    "rydberg": [
      -0.5,
      -0.125,
      -0.125,
      -0.125,
      -0.125
    ],
    "max_err": 0.1875,
    "rms_err": 0.09703683288278449
  },
  "scalar_n3": {
    "n_states": 14,
    "evals": [
      -0.5748498868167158,
      -0.4117752093124095,
      -0.28677520931240974,
      -0.281682679852424,
      -0.26878034624314584,
      -0.2637385445832485,
      -0.22427520931240977,
      -0.21918267985242404,
      -0.1437803462431458,
      -0.1419284312586871,
      -0.09196712415559145,
      -0.08128034624314581,
      -0.07942843125868712,
      -0.05555555555555555
    ],
    "rydberg": [
      -0.5,
      -0.125,
      -0.125,
      -0.125,
      -0.125,
      -0.05555555555555555,
      -0.05555555555555555,
      -0.05555555555555555,
      -0.05555555555555555,
      -0.05555555555555555,
      -0.05555555555555555,
      -0.05555555555555555,
      -0.05555555555555555,
      -0.05555555555555555
    ],
    "max_err": 0.2867752093124095,
    "rms_err": 0.14031028822107403
  },
  "scalar_n4": {
    "n_states": 30,
    "evals": [
      -0.5749088614938709,
      -0.44640925929786784,
      -0.3957004604805222,
      -0.33666168433326404,
      -0.3332004604805222,
      -0.32140925929786784,
      -0.28345804538730396,
      -0.2688711084878024,
      -0.26835934366877034,
      -0.2589092592978678,
      -0.25594621188678507,
      -0.24123461192442364,
      -0.23418622523234173,
      -0.2116616843332642,
      -0.20585934366877015,
      -0.1934462118867853,
      -0.18406511674453926,
      -0.17241017636273218,
      -0.16957333618365367,
      -0.14916168433326404,
      -0.1286050950750334,
      -0.1284348832554607,
      -0.11623461192442364,
      -0.07831377476765833,
      -0.06610509507503352,
      -0.056028472311648515,
      -0.05373461192442378,
      -0.043628891512197614,
      -0.04223221937190196,
      -0.03125000000000001
    ],
    "rydberg": [
      -0.5,
      -0.125,
      -0.125,
      -0.125,
      -0.125,
      -0.05555555555555555,
      -0.05555555555555555,
      -0.05555555555555555,
      -0.05555555555555555,
      -0.05555555555555555,
      -0.05555555555555555,
      -0.05555555555555555,
      -0.05555555555555555,
      -0.05555555555555555,
      -0.03125,
      -0.03125,
      -0.03125,
      -0.03125,
      -0.03125,
      -0.03125,
      -0.03125,
      -0.03125,
      -0.03125,
      -0.03125,
      -0.03125,
      -0.03125,
      -0.03125,
      -0.03125,
      -0.03125,
      -0.03125
    ],
    "max_err": 0.32140925929786784,
    "rms_err": 0.16533727671409232
  },
  "dirac_n2_A_rydberg": {
    "evals": [
      -0.6976423537605232,
      -0.5726423537605239,
      -0.3383883476483184,
      -0.3023576462394763,
      -0.25,
      -0.25,
      -0.17735764623947628,
      -0.16161165235168154,
      -0.125,
      -0.125
    ],
    "max_err_vs_dirac": 0.2133862674582436,
    "rms_err_vs_dirac": 0.12516194762802374,
    "diag_only_err": 6.656593953491274e-06
  },
  "dirac_n2_B_so": {
    "evals": [
      -0.6976423537605232,
      -0.5726423537605239,
      -0.33838779294670884,
      -0.3023576462394763,
      -0.2500011094032192,
      -0.24999944529839047,
      -0.17735764623947628,
      -0.16161109765007195,
      -0.12500110940321918,
      -0.12499944529839041
    ],
    "max_err_vs_dirac": 0.21338571275663407,
    "rms_err_vs_dirac": 0.12516189223109866,
    "diag_only_err": 6.656593953491274e-06
  },
  "dirac_n2_C_fullFS": {
    "evals": [
      -0.6976488927611525,
      -0.5726488927611524,
      -0.33838876367452564,
      -0.30235984378919856,
      -0.250002080131036,
      -0.25000041602620726,
      -0.1773598437891986,
      -0.16161206837788875,
      -0.12500208013103598,
      -0.1250004160262072
    ],
    "max_err_vs_dirac": 0.21338668348445086,
    "rms_err_vs_dirac": 0.12516409537204237,
    "diag_only_err": 1.746384148404445e-10
  },
  "dirac_n2_exact": {
    "exact_dirac": [
      -0.5000066565939535,
      -0.5000066565939535,
      -0.12500208019007478,
      -0.12500208019007478,
      -0.12500208019007478,
      -0.12500208019007478,
      -0.12500041602789896,
      -0.12500041602789896,
      -0.12500041602789896,
      -0.12500041602789896
    ]
  },
  "dirac_n3_A_rydberg": {
    "evals": [
      -0.6998498868167153,
      -0.5748498868167156,
      -0.43766355696072845,
      -0.3887385445832484,
      -0.3492752093124097,
      -0.3492752093124095,
      -0.2946686938914643,
      -0.28880873102861043,
      -0.26894390320387396,
      -0.26373854458324847,
      -0.2608868616640912,
      -0.24305555555555552,
      -0.22427520931240968,
      -0.2242752093124096,
      -0.21696712415559144,
      -0.20628034624314584,
      -0.20628034624314578,
      -0.18055555555555558,
      -0.18055555555555558,
      -0.11805555555555552,
      -0.11789199859482738,
      -0.0921672079072371,
      -0.09196712415559152,
      -0.08128034624314585,
      -0.08128034624314581,
      -0.07230238008250071,
      -0.05555555555555555,
      -0.05555555555555554
    ],
    "max_err_vs_dirac": 0.3126614767706537,
    "rms_err_vs_dirac": 0.15330740797849393,
    "diag_only_err": 6.656593953491274e-06
  },
  "dirac_n3_B_so": {
    "evals": [
      -0.6998498868167156,
      -0.5748498868167158,
      -0.43766310264782565,
      -0.3887385445832483,
      -0.34927611793943636,
      -0.34927475499950733,
      -0.294668429146725,
      -0.2888086652861975,
      -0.26894400181749345,
      -0.26373854458324864,
      -0.2608864073511888,
      -0.24305548981314257,
      -0.22427611793943622,
      -0.22427475499950708,
      -0.21696712415559147,
      -0.20628087573140347,
      -0.2062800814984064,
      -0.18055565416917507,
      -0.18055548981314262,
      -0.11805548981314257,
      -0.11789173385008779,
      -0.0921673065208566,
      -0.09196712415559158,
      -0.08128087573140334,
      -0.08128008149840629,
      -0.07230231434008773,
      -0.055555654169175045,
      -0.05555548981314255
    ],
    "max_err_vs_dirac": 0.31266102245775085,
    "rms_err_vs_dirac": 0.1533073898341102,
    "diag_only_err": 6.656593953491274e-06
  },
  "dirac_n3_C_fullFS": {
    "evals": [
      -0.6998563672330396,
      -0.57485636723304,
      -0.437663929397229,
      -0.38874058687868424,
      -0.3492769446905912,
      -0.3492755817489104,
      -0.2946689840152195,
      -0.2888088132066267,
      -0.2689441497379227,
      -0.26374058687868457,
      -0.26088723410059195,
      -0.24305563773357175,
      -0.22427694469059112,
      -0.22427558174891032,
      -0.21696807759632827,
      -0.20628143059814633,
      -0.206280636366901,
      -0.1805558020896043,
      -0.1805556377335718,
      -0.11805563773357175,
      -0.11789228871858266,
      -0.09216745444128581,
      -0.0919680775963284,
      -0.08128143059814644,
      -0.08128063636690092,
      -0.07230246226051694,
      -0.055555802089604256,
      -0.055555637733571764
    ],
    "max_err_vs_dirac": 0.31266184920715423,
    "rms_err_vs_dirac": 0.1533083963750408,
    "diag_only_err": 1.746384148404445e-10
  },