{
  "H2 (1:1)": {
    "rho=0.5": {
      "n_channels": 13,
      "rho": 0.5,
      "frob_norm": 65.26103604606872,
      "n_90": 7,
      "n_95": 10,
      "n_99": 13,
      "eigenvalues": [
        -27.475021889360956,
        -26.042130845177002,
        -25.388917425318088,
        -23.864613780452736,
        -22.35476661274319,
        -13.705199961478508,
        -12.695103658413018,
        -12.27230891729457,
        -11.975507558453433,
        -11.619095497435646,
        -11.185256490703468,
        -10.542616514269476,
        -9.889403094410563
      ],
      "cumulative_fraction": [
        0.42100192632501177,
        0.5800689889322007,
        0.6984478071775733,
        0.7883848884940228,
        0.8595853781440196,
        0.8848669297186038,
        0.9059970501818353,
        0.9253071332390292,
        0.9433271675535418,
        0.9599815098533903,
        0.9751614795874074,
        0.9884517233640757,
        0.9999999999999999
      ]
    },
    "rho=1.0": {
      "n_channels": 13,
      "rho": 1.0,
      "frob_norm": 34.845970150457966,
      "n_90": 9,
      "n_95": 11,
      "n_99": 13,
      "eigenvalues": [
        -13.031191001754028,
        -12.176663174346114,
        -12.075583134783772,
        -11.718240991227514,
        -11.141638454197162,
        -8.89048867793052,
        -8.387499074940363,
        -8.049505480339548,
        -8.035960850522606,
        -7.5775386674040135,
        -7.453554394353754,
        -7.194977652931637,
        -6.736555469813038
      ],
      "cumulative_fraction": [
        0.3739655100858992,
        0.5118205433108909,
        0.6181031032551516,
        0.7036620504195659,
        0.7728995586852778,
        0.8139216824551249,
        0.8487673522917879,
        0.8796409287431479,
        0.9093683953538011,
        0.9350074364907088,
        0.9591622038137506,
        0.9811350096604388,
        1.0
      ]
    },
    "rho=1.5": {
      "n_channels": 13,
      "rho": 1.5,
      "frob_norm": 20.475203732104873,
      "n_90": 10,
      "n_95": 12,
      "n_99": 13,
      "eigenvalues": [
        -6.4788309489724645,
        -6.33313310434933,
        -6.260736456266765,
        -6.106975314716191,
        -6.079100446449636,
        -5.651550918893462,
        -5.46142243563702,
        -5.433456426187761,
        -5.279695284637185,
        -5.274417975099642,
        -5.207389777737335,
        -5.056323482393938,
        -4.90256234084336
      ],
      "cumulative_fraction": [
        0.31642327147220206,
        0.4424870471070392,
        0.5378578600904654,
        0.6150213827131084,
        0.6829357747984607,
        0.7366056702609223,
        0.7834121936569667,
        0.8271364142631775,
        0.8663979461072412,
        0.9038823481252519,
        0.9389810111474801,
        0.9709114091788705,
        1.0
      ]
    }
  },
  "HeH+ (2:1)": {
    "rho=0.5": {
      "n_channels": 25,
      "rho": 0.5,
      "frob_norm": 103.53261656546381,
      "n_90": 18,
      "n_95": 21,
      "n_99": 25,
      "eigenvalues": [
        -29.63670063719124,
        -28.21361325592896,
        -27.013015872682352,
        -26.535024700952015,
        -26.12098611271913,
        -22.792017757067605,
        -21.683522048579032,
        -21.368930375805363,
        -20.260434667316765,
        -20.16833299255874,
        -19.690341820828397,
        -19.29156440314402,
        -19.2763032325955,
        -19.059837284070152,
        -18.738242272361205,
        -18.58184611233982,
        -18.167807524106923,
        -17.868477021881763,
        -17.315154891098956,
        -16.667879638635142,
        -16.189888466904797,
        -16.114557507852336,
        -15.77584987867192,
        -15.636566336121998,
        -15.22252774788911
      ],
      "cumulative_fraction": [
        0.28625472455293277,
        0.3952254434259216,
        0.47358082366955123,
        0.538485450835535,
        0.5946599385452048,
        0.6341005756881407,
        0.6677928129457397,
        0.698961656233247,
        0.725839163053997,
        0.7515252525959292,
        0.7752164258844242,
        0.7972957862285489,
        0.8187464342196197,
        0.8391881156312823,
        0.8584833329694926,
        0.8770439281400058,
        0.8944266078097965,
        0.9109256503556089,
        0.9261511331540018,
        0.9400394729131326,
        0.9529571225433396,
        0.965584442261173,
        0.9775334542828399,
        0.9891318506668159,
        1.0
      ]
    },
    "rho=1.0": {
      "n_channels": 25,
      "rho": 1.0,
      "frob_norm": 84.20414865553478,
      "n_90": 15,
      "n_95": 20,
      "n_99": 24,
      "eigenvalues": [
        -30.260805789702445,
        -23.789418841351992,
        -22.76367007296789,
        -22.334176066226416,
        -21.949133452460572,
        -21.608727843745477,
        -19.918589575404027,
        -19.237363416679887,
        -19.15486012885245,
        -15.862789117875934,
        -14.837040349491831,
        -14.02250372898452,
        -13.682098120269416,
        -13.447202627053558,
        -12.765976468329411,
        -12.683473180501984,
        -12.42145385866945,
        -11.740227699945308,
        -11.657724412117872,
        -11.606917238162138,
        -11.266511629447033,
        -10.925691079437994,
        -10.843187791610557,
        -10.585285470722898,
        -10.502782182895452
      ],
      "cumulative_fraction": [
        0.3593742858620231,
        0.45713001312852325,
        0.5310847900219823,
        0.5936349704733118,
        0.6483433395555838,
        0.6972836512668342,
        0.7363157913710274,
        0.7709444661877548,
        0.8038053637383856,
        0.825585809483464,
        0.8441797771240507,
        0.8604485371044912,
        0.8756562008154801,
        0.8900994965333341,
        0.9029185640937238,
        0.9153964293463517,
        0.9272063278610323,
        0.9376305871180736,
        0.947796603944331,
        0.9577677065814953,
        0.9670684612644663,
        0.975734131943673,
        0.9841948387912766,
        0.9921907230411138,
        1.0
      ]
    },
    "rho=1.5": {
      "n_channels": 25,
      "rho": 1.5,
      "frob_norm": 61.196436803438694,
      "n_90": 15,
      "n_95": 20,
      "n_99": 24,
      "eigenvalues": [
        -21.604128383866122,
        -19.593229172456915,
        -18.41993345677475,
        -17.92035541605231,
        -17.780155136593244,
        -13.659931460488593,
        -11.966718334037983,
        -11.64903224907939,
        -11.633649376713297,
        -11.501674476725269,
        -10.47573653339723,
        -9.976158492674795,
        -9.955819122628792,
        -9.83595821321572,
        -9.622750165304103,
        -9.49077526531606,
        -8.782523406946607,
        -8.449454449621927,
        -8.317479549633891,
        -8.282945366224174,
        -8.142745086765105,
        -7.949876408899489,
        -7.817901508911451,
        -7.809676129440425,
        -7.677701229452386
      ],
      "cumulative_fraction": [
        0.35302918784729254,
        0.47659005509848745,
        0.5636818003181333,
        0.6352074637532191,
        0.6985007985899357,
        0.7332994438785636,
        0.7589244441233219,
        0.7824328991156884,
        0.8051959612805407,
        0.8268400907930084,
        0.8443742405579727,
        0.8599668177346048,
        0.875219826768732,
        0.889855671449874,
        0.9036418962869108,
        0.9168536807395462,
        0.9280176920625176,
        0.9382326168621536,
        0.9480259378518012,
        0.9576391988408889,
        0.9668389572080012,
        0.9755273081688417,
        0.9838566095937887,
        0.992098686473128,
        1.0
      ]
    }
  },
  "Hypo (6:1)": {
    "rho=0.5": {
      "n_channels": 25,
      "rho": 0.5,
      "frob_norm": 223.1903203761325,
      "n_90": 19,
      "n_95": 22,
      "n_99": 25,