{
  "n_max": 3,
  "m_total": 0,
  "n_nodes": 31,
  "build_seconds": 0.019185543060302734,
  "sparsity": {
    "total_entries": 961,
    "nonzero_total": 469,
    "nonzero_offdiag": 438,
    "density_total": 0.48803329864724243,
    "density_offdiag": 0.47096774193548385,
    "parity_killed_offdiag": 456
  },
  "spectrum": {
    "n_distinct_eigenvalues": 31,
    "eigenvalues": [
      0.04424385264822786,
      0.04989818483281045,
      0.055562398021965165,
      0.06136581357682587,
      0.06210005358947995,
      0.06879283429132434,
      0.07130176037708691,
      0.07209643870529085,
      0.07830436728309088,
      0.0796756679500599,
      0.08112388096000091,
      0.08387143277790031,
      0.08778259558136578,
      0.08982101521164017,
      0.09257999082151258,
      0.09686465468273014,
      0.09919659854206954,
      0.09958227910945164,
      0.11008643682354338,
      0.11029588129222741,
      0.12405005515651907,
      0.12715556739142697,
      0.1279678859570813,
      0.13083760579617632,
      0.14914365438456992,
      0.2018222211801703,
      0.2125768098529275,
      0.2205448713787776,
      0.28705865043127016,
      0.2876934809878616,
      0.6762358687361871
    ],
    "eigenvalues_H1": [
      -4.005206912181173,
      -2.5160181241424007,
      -2.513511365653212,
      -2.2248256783128078,
      -2.211411010260993,
      -2.211314312659595,
      -1.0268293361036298,
      -1.0268293361036296,
      -1.0243225776144425,
      -1.0218158191252538,
      -0.7356368902740371,
      -0.735636890274037,
      -0.7356368902740364,
      -0.7331301317848486,
      -0.7222222222222227,
      -0.7222222222222221,
      -0.7222222222222214,
      -0.7221255246208239,
      -0.7197154637330349,
      -0.7196187661316363,
      -0.4444444444444444,
      -0.4444444444444443,
      -0.4444444444444443,
      -0.43102977639262985,
      -0.43102977639262974,
      -0.4310297763926295,
      -0.43093307879123105,
      -0.4176151083408153,
      -0.41761510834081494,
      -0.4175184107394171,
      -0.4174217131380168
    ],
    "near_rational_first_20": [
      [
        0.08387143277790031,
        "13/155"
      ],
      [
        0.08982101521164017,
        "15/167"
      ]
    ],
    "degeneracy_counts": [
      [
        0.0442438526,
        1
      ],
      [
        0.0498981848,
        1
      ],
      [
        0.055562398,
        1
      ],
      [
        0.0613658136,
        1
      ],
      [
        0.0621000536,
        1
      ],
      [
        0.0687928343,
        1
      ],
      [
        0.0713017604,
        1
      ],
      [
        0.0720964387,
        1
      ],
      [
        0.0783043673,
        1
      ],
      [
        0.079675668,
        1
      ],
      [
        0.081123881,
        1
      ],
      [
        0.0838714328,
        1
      ],
      [
        0.0877825956,
        1
      ],
      [
        0.0898210152,
        1
      ],
      [
        0.0925799908,
        1
      ],
      [
        0.0968646547,
        1
      ],
      [
        0.0991965985,
        1
      ],
      [
        0.0995822791,
        1
      ],
      [
        0.1100864368,
        1
      ],
      [
        0.1102958813,
        1
      ],
      [
        0.1240500552,
        1
      ],
      [
        0.1271555674,
        1
      ],
      [
        0.127967886,
        1
      ],
      [
        0.1308376058,
        1
      ],
      [
        0.1491436544,
        1
      ],
      [
        0.2018222212,
        1
      ],
      [
        0.2125768099,
        1
      ],
      [
        0.2205448714,
        1
      ],
      [
        0.2870586504,
        1
      ],
      [
        0.287693481,
        1
      ],
      [
        0.6762358687,
        1
      ]
    ]
  },
  "degree_distribution": {
    "top_hubs": [
      {
        "node": "((1, 0, 0),(1, 0, 0))",
        "weighted_degree": 0.3223497594049501,
        "unweighted_degree": 15,
        "diagonal": 0.625
      },
      {
        "node": "((1, 0, 0),(2, 0, 0))",
        "weighted_degree": 0.28420142036409096,
        "unweighted_degree": 15,
        "diagonal": 0.23182441700960213
      },
      {
        "node": "((2, 1, -1),(2, 1, 1))",
        "weighted_degree": 0.28314380944476464,
        "unweighted_degree": 18,
        "diagonal": 0.2062499999999999
      },
      {
        "node": "((2, 1, 0),(2, 1, 0))",
        "weighted_degree": 0.22894046657127617,
        "unweighted_degree": 18,
        "diagonal": 0.19570312499999998
      },
      {
        "node": "((2, 0, 0),(2, 0, 0))",
        "weighted_degree": 0.18527458473325586,
        "unweighted_degree": 15,
        "diagonal": 0.150390625
      },
      {
        "node": "((1, 0, 0),(3, 0, 0))",
        "weighted_degree": 0.1765948563924949,
        "unweighted_degree": 15,
        "diagonal": 0.10525512695312497
      },
      {
        "node": "((2, 0, 0),(3, 0, 0))",
        "weighted_degree": 0.15733787121799875,
        "unweighted_degree": 15,
        "diagonal": 0.09158993919999998
      },
      {
        "node": "((2, 1, 0),(3, 1, 0))",
        "weighted_degree": 0.14901539663717484,
        "unweighted_degree": 18,
        "diagonal": 0.10980635852799933
      },
      {
        "node": "((2, 0, 0),(2, 1, 0))",
        "weighted_degree": 0.14309810602706557,
        "unweighted_degree": 11,
        "diagonal": 0.1914062499999999
      },
      {
        "node": "((2, 1, 1),(3, 1, -1))",
        "weighted_degree": 0.13372261208431377,
        "unweighted_degree": 18,
        "diagonal": 0.09769749299199991
      }
    ],
    "diag_hot": [
      {
        "node": "((1, 0, 0),(1, 0, 0))",
        "Vii": 0.625
      },
      {
        "node": "((1, 0, 0),(2, 1, 0))",
        "Vii": 0.25986892242036264
      },
      {
        "node": "((1, 0, 0),(2, 0, 0))",
        "Vii": 0.23182441700960213
      },
      {
        "node": "((2, 1, -1),(2, 1, 1))",
        "Vii": 0.2062499999999999
      },
      {
        "node": "((2, 1, 0),(2, 1, 0))",
        "Vii": 0.19570312499999998
      },
      {
        "node": "((2, 0, 0),(2, 1, 0))",
        "Vii": 0.1914062499999999
      },
      {
        "node": "((2, 0, 0),(2, 0, 0))",
        "Vii": 0.150390625
      },
      {
        "node": "((2, 1, 0),(3, 2, 0))",
        "Vii": 0.12294159857371409
      },
      {
        "node": "((1, 0, 0),(3, 1, 0))",
        "Vii": 0.11335754394531244
      },
      {
        "node": "((1, 0, 0),(3, 2, 0))",
        "Vii": 0.11127014160156247
      }
    ],
    "unweighted_degree_histogram": {
      "15": 6,
      "11": 12,
      "12": 3,
      "18": 10
    }
  },
  "recurrence": {
    "vee_1s_ns_diag": {
      "1": 0.625,
      "2": 0.23182441700960213,
      "3": 0.10525512695312497
    },
    "vee_1s_ns_offdiag": {
      "1": 0.1263671001280332,
      "2": 0.06174939541107784
    },
    "vee_nsns_diag": {
      "1": 0.625,
      "2": 0.150390625,
      "3": 0.06640625
    },
    "ratios": {
      "V(1s1s)/V(1s2s)": 2.696005917159764,
      "V(1s2s)/V(1s3s)": 2.202499999005696
    }
  },
  "h1_vs_v": {
    "commutator_norm": 0.45116509733940374,
    "relative_commutator_norm": 0.0608693635999042,
    "V_frobenius": 0.9891187247955867,
    "V_offdiagonal_in_H1_eigenbasis": 0.38705406220850197,
    "V_diagonal_fraction_in_H1_eigenbasis": 0.9202580563910042
  },
  "cusp_signature": {
    "diagonal_top": [
      {
        "node": "((1, 0, 0),(1, 0, 0))",
        "Vii": 0.625
      },
      {
        "node": "((1, 0, 0),(2, 1, 0))",
        "Vii": 0.25986892242036264
      },
      {
        "node": "((1, 0, 0),(2, 0, 0))",
        "Vii": 0.23182441700960213
      },
      {
        "node": "((2, 1, -1),(2, 1, 1))",
        "Vii": 0.2062499999999999
      },
      {
        "node": "((2, 1, 0),(2, 1, 0))",
        "Vii": 0.19570312499999998
      },
      {
        "node": "((2, 0, 0),(2, 1, 0))",