{
  "n_max": 4,
  "m_total": 0,
  "n_nodes": 101,
  "build_seconds": 0.26487207412719727,
  "sparsity": {
    "total_entries": 10201,
    "nonzero_total": 4733,
    "nonzero_offdiag": 4632,
    "density_total": 0.4639741201842957,
    "density_offdiag": 0.45861386138613863,
    "parity_killed_offdiag": 5016
  },
  "spectrum": {
    "n_distinct_eigenvalues": 101,
    "eigenvalues": [
      0.023024861374471326,
      0.024306456452387278,
      0.02666709339487117,
      0.02786274748852374,
      0.028646115974059878,
      0.02968801257807393,
      0.030716850611411044,
      0.03148886310279191,
      0.031869216275180474,
      0.032500121651099674,
      0.03264762123227021,
      0.03478946752533477,
      0.03507310550913406,
      0.035553204228689586,
      0.03562393999466921,
      0.036267252307930695,
      0.03730017309425484,
      0.037631613176437595,
      0.03788366441564507,
      0.03922758965340494,
      0.03944453783327703,
      0.04007640087163478,
      0.040504878711254966,
      0.04068805738101557,
      0.04112565085848741,
      0.04183190536986038,
      0.0421573864803888,
      0.04287193855378776,
      0.043258524904439044,
      0.04365757929062288,
      0.043671103439585586,
      0.04413948577382817,
      0.045037247519537936,
      0.04530958237438013,
      0.045399690092902865,
      0.0454963495428787,
      0.045919322940040856,
      0.0475674235050827,
      0.04853401389332892,
      0.049073175097265595,
      0.049488967242448535,
      0.04967501518986611,
      0.05004753863610759,
      0.050196801564049896,
      0.051986663191746205,
      0.05274413924694556,
      0.05280971750149793,
      0.05297067611896078,
      0.05327508619663173,
      0.05340630216401594,
      0.05351017746495039,
      0.05412182214598195,
      0.05478188263389875,
      0.05493044769891911,
      0.057169102114922536,
      0.05736798001248813,
      0.059298413659349104,
      0.060603124499297265,
      0.060869975708215514,
      0.06109534339850636,
      0.062274796219482335,
      0.06271123274608366,
      0.06295064448869907,
      0.06395508418736676,
      0.06430756459544852,
      0.0644367655485286,
      0.0678113327213691,
      0.06951950736239204,
      0.0704803569060931,
      0.07393357602885003,
      0.07506852501642779,
      0.0765041427497785,
      0.07846499343499072,
      0.08001242073589593,
      0.0816158164435989,
      0.08214180120275465,
      0.0860899178172585,
      0.08630763075907348,
      0.08871637924122756,
      0.08900252703586502,
      0.09394573444820248,
      0.09570334013986338,
      0.09751336309920586,
      0.10634591837288242,
      0.11041825789090551,
      0.11386121514652663,
      0.11524809915520882,
      0.11706083128030806,
      0.12203146367156334,
      0.1234227202813123,
      0.13460726865042502,
      0.14303895901031716,
      0.1481664672154493,
      0.15341254466135615,
      0.1680686623933083,
      0.20927807548481953,
      0.223970557140817,
      0.2324126844215786,
      0.2977807469960194,
      0.2997504725609863,
      0.6812502206585178
    ],
    "eigenvalues_H1": [
      -4.005206921073494,
      -2.5164748846063394,
      -2.5139781602251294,
      -2.2553934206130775,
      -2.24346611680584,
      -2.2433696416284765,
      -2.127603460536746,
      -2.097035722682643,
      -2.0950916024202866,
      -2.0950813414421146,
      -1.0277428481391846,
      -1.0277428481391842,
      -1.02524612375797,
      -1.0227493993767556,
      -0.7666613841459218,
      -0.766661384145921,
      -0.7666613841459191,
      -0.7641646597647073,
      -0.7547340803386849,
      -0.7547340803386838,
      -0.7547340803386836,
      -0.7546376051613217,
      -0.7522373559574723,
      -0.7521408807801084,
      -0.6388714240695917,
      -0.6388714240695916,
      -0.6388714240695912,
      -0.6363746996883786,
      -0.6083036862154848,
      -0.6083036862154844,
      -0.6083036862154843,
      -0.6063595659531298,
      -0.6063595659531293,
      -0.606359565953129,
      -0.6063493049749565,
      -0.605806961834273,
      -0.603862841571916,
      -0.6038525805937454,
      -0.5055799201526581,
      -0.5055799201526578,
      -0.5055799201526575,
      -0.4936526163454218,
      -0.49365261634542174,
      -0.4936526163454217,
      -0.4935561411680591,
      -0.48172531253818557,
      -0.48172531253818546,
      -0.481628837360823,
      -0.48153236218346107,
      -0.37778996007632915,
      -0.3777899600763289,
      -0.3777899600763289,
      -0.3777899600763289,
      -0.37778996007632887,
      -0.3658626562690929,
      -0.3658626562690926,
      -0.3658626562690926,
      -0.36576618109172937,
      -0.3472222222222225,
      -0.34722222222222227,
      -0.34722222222222227,
      -0.34722222222222215,
      -0.34722222222222165,
      -0.3452781019598668,
      -0.34527810195986663,
      -0.34527810195986647,
      -0.345267840981694,
      -0.3352949184149858,
      -0.33529491841498577,
      -0.33529491841498554,
      -0.33519844323762304,
      -0.33335079815263047,
      -0.33335079815263036,
      -0.33335079815263013,
      -0.3333405371744572,
      -0.33325432297526714,
      -0.3332440619970955,
      -0.25,
      -0.24999999999999994,
      -0.24999999999999994,
      -0.24999999999999994,
      -0.21943226214589348,
      -0.21943226214589331,
      -0.21943226214589323,
      -0.2194322621458931,
      -0.2194322621458931,
      -0.21748814188353782,
      -0.21748814188353768,
      -0.21748814188353766,
      -0.21747788090536513,
      -0.1888645242917865,
      -0.1888645242917864,
      -0.18886452429178635,
      -0.18692040402943114,
      -0.18692040402943108,
      -0.18692040402943097,
      -0.18691014305125822,
      -0.18497628376707526,
      -0.18497628376707523,
      -0.18496602278890256,
      -0.18495576181072984
    ],
    "near_rational_first_20": [
      [
        0.02666709339487117,
        "2/75"
      ]
    ],