{
  "E_core": -7.32354199882286,
  "sigma": 0.271247231951054,
  "moderate_l2": {
    "R_grid": [
      2.0,
      2.5,
      3.0,
      3.5,
      4.0,
      4.5,
      5.5,
      7.0
    ],
    "E_composed": [
      -8.515287910267189,
      -8.44724477110546,
      -8.383775022161394,
      -8.326012530006372,
      -8.2735806689043,
      -8.22588599535489,
      -8.142705980802539,
      -8.042331461937591
    ],
    "R_eq": 2.0,
    "R_eq_error_pct": -33.66500829187397,
    "n_channels": 9,
    "is_monotonic": true
  },
  "moderate_l4": {
    "R_grid": [
      2.0,
      2.5,
      3.0,
      3.5,
      4.0,
      4.5,
      5.5,
      7.0
    ],
    "E_composed": [
      -8.535705096677624,
      -8.476529347666265,
      -8.432455385761921,
      -8.39991209875037,
      -8.37324573535355,
      -8.348422433251253,
      -8.298376949020046,
      -8.222099522916793
    ],
    "R_eq": 2.0,
    "R_eq_error_pct": -33.66500829187397,
    "n_channels": 25,
    "is_monotonic": true
  },
  "energy_matched_l2": {
    "R_grid": [
      2.0,
      2.5,
      3.0,
      3.5,
      4.0,
      4.5,
      5.5,
      7.0
    ],
    "E_composed": [
      -8.112691017761383,
      -8.106391982440316,
      -8.082116137170333,
      -8.053040201504032,
      -8.023604953129649,
      -7.995369560805895,
      -7.943909342651751,
      -7.879384079447864
    ],
    "R_eq": 2.0,
    "R_eq_error_pct": -33.66500829187397,
    "n_channels": 9,
    "is_monotonic": true
  },
  "energy_matched_l4": {
    "R_grid": [
      2.0,
      2.5,
      3.0,
      3.5,
      4.0,
      4.5,
      5.5,
      7.0
    ],
    "E_composed": [
      -8.182455590635726,
      -8.18965723344435,
      -8.171344141909561,
      -8.146766126746495,
      -8.122135942237703,
      -8.098979043635806,
      -8.056566696975793,
      -8.000480514382465
    ],
    "R_eq": 2.280095697664092,
    "R_eq_error_pct": -24.374935400859304,
    "n_channels": 25,
    "is_monotonic": false
  },
  "moderate_weights_l4": {
    "weights": {
      "(0, 0)": 0.9231914826171208,
      "(0, 1)": 0.0006776515346253924,
      "(1, 0)": 0.0006776515346279365,
      "(0, 2)": 0.028668049207444292,
      "(1, 1)": 0.013088271389558138,
      "(2, 0)": 0.028668049207446925,
      "(0, 3)": 0.001754403028085554,
      "(1, 2)": 6.078399940730104e-05,
      "(2, 1)": 6.078399940743805e-05,
      "(3, 0)": 0.0017544030280859254,
      "(0, 4)": 0.00045815987162092304,
      "(1, 3)": 0.0001249662395691061,
      "(2, 2)": 8.492739895003327e-05,
      "(3, 1)": 0.000124966239569164,
      "(4, 0)": 0.0004581598716211253,
      "(1, 4)": 4.313019757970462e-05,
      "(2, 3)": 2.5762919588090028e-05,
      "(3, 2)": 2.576291958809428e-05,
      "(4, 1)": 4.3130197579713355e-05,
      "(2, 4)": 3.4329109513496284e-07,
      "(3, 3)": 4.46217103286654e-06,
      "(4, 2)": 3.432910951349252e-07,
      "(3, 4)": 3.2515315777099214e-07,
      "(4, 3)": 3.251531577708817e-07,
      "(4, 4)": 3.705538985709685e-06
    },
    "odd_l_total": 0.005124113664890692
  },
  "energy_matched_weights_l4": {
    "weights": {
      "(0, 0)": 0.6649983160715025,
      "(0, 1)": 0.14018184728415814,
      "(1, 0)": 0.140181847284071,
      "(0, 2)": 0.005375220084985049,
      "(1, 1)": 0.011744397265451251,
      "(2, 0)": 0.005375220084983592,
      "(0, 3)": 0.01323250400513258,
      "(1, 2)": 0.0002676295071471641,
      "(2, 1)": 0.00026762950714766736,
      "(3, 0)": 0.013232504005118986,
      "(0, 4)": 0.000434654350512224,
      "(1, 3)": 0.0016350477330530054,
      "(2, 2)": 0.0008131358232451268,
      "(3, 1)": 0.0016350477330533196,
      "(4, 0)": 0.00043465435051324276,
      "(1, 4)": 1.6421282055281126e-05,
      "(2, 3)": 1.8158998605657043e-05,
      "(3, 2)": 1.8158998605604086e-05,
      "(4, 1)": 1.642128205530913e-05,
      "(2, 4)": 2.5578070468394576e-05,
      "(3, 3)": 5.6736658419424525e-05,
      "(4, 2)": 2.5578070468394474e-05,
      "(3, 4)": 3.446330070386368e-06,
      "(4, 3)": 3.446330070395041e-06,
      "(4, 4)": 6.398889106275391e-06
    },
    "odd_l_total": 0.30744001481423816
  }
}