{
  "He_nmax2": {
    "Z": 2.0,
    "n_max": 2,
    "n_configs": 7,
    "n_spatial": 5,
    "E_full": -2.8894787019709867,
    "E_kin": -4.005199322349037,
    "S_full": 0.03954502764024503,
    "S_kin": -2.220446049250313e-16,
    "ratio_S_kin_over_S_full": -5.614981659516055e-15,
    "occ_full_top4": [
      1.9884915650203696,
      0.009219277343958651,
      0.0007630525452235769,
      0.0007630525452235761
    ],
    "occ_kin_top4": [
      2.0000000000000004,
      0.0,
      0.0,
      0.0
    ]
  },
  "He_nmax3": {
    "Z": 2.0,
    "n_max": 3,
    "n_configs": 31,
    "n_spatial": 14,
    "E_full": -2.8931097422339307,
    "E_kin": -4.005206912181174,
    "S_full": 0.04081105136647098,
    "S_kin": 7.771561172376093e-16,
    "ratio_S_kin_over_S_full": 1.9042785990955754e-14,
    "occ_full_top4": [
      1.988247530135314,
      0.008956774934913966,
      0.0009313729118543583,
      0.0009313729118543583
    ],
    "occ_kin_top4": [
      1.9999999999999984,
      8.317504226330059e-22,
      0.0,
      0.0
    ]
  }
}