{
  "Q1_BeH2": {
    "LiH": {
      "Z_center": 1.0,
      "Z_partner": 1.0,
      "balanced": {
        "S_B": 0.07932567931250037,
        "w_B_dimless": 0.04221033200241933,
        "delta_B": 0.06812726276004705,
        "kin_spectrum_first6": [
          -3.0700449350131085,
          -2.528729332005875,
          -2.3710316268686364,
          -2.103236324374106,
          -1.987413728998641,
          -1.9562891280417074
        ],
        "kin_gaps_first5": [
          0.5413156030072335,
          0.15769770513723858,
          0.2677953024945303,
          0.11582259537546502,
          0.0311246009569337
        ],
        "n_orb": 10,
        "n_cfg": 25
      },
      "composed": {
        "S_B": 0.6931471805599454,
        "w_B_dimless": 0.10169187929214449,
        "delta_B": 0.0,
        "kin_spectrum_first6": [
          -1.0,
          -1.0,
          -0.9999999999999998,
          -0.6249999999999999,
          -0.6249999999999999,
          -0.6249999999999999
        ],
        "kin_gaps_first5": [
          0.0,
          2.220446049250313e-16,
          0.3749999999999999,
          0.0,
          0.0
        ],
        "n_orb": 10,
        "n_cfg": 25
      }
    },
    "BeH2": {
      "Z_center": 2.0,
      "Z_partner": 1.0,
      "balanced": {
        "S_B": 0.6931471805599452,
        "w_B_dimless": 0.02799192978670746,
        "delta_B": 0.027271324647114212,
        "kin_spectrum_first6": [
          -5.574448085498549,
          -5.121067940196112,
          -4.66768779489368,
          -4.306833428961606,
          -4.149171549723724,
          -3.93920677710014
        ],
        "kin_gaps_first5": [
          0.45338014530243687,
          0.4533801453024324,
          0.36085436593207376,
          0.15766187923788166,
          0.20996477262358448
        ],
        "n_orb": 10,
        "n_cfg": 25
      },
      "composed": {
        "S_B": 0.02776578835052927,
        "w_B_dimless": 0.05780707639931487,
        "delta_B": 0.20382946607549957,
        "kin_spectrum_first6": [
          -4.0,
          -2.4999999999999996,
          -2.4999999999999996,
          -2.4999999999999996,
          -2.1249999999999996,
          -2.1249999999999996
        ],
        "kin_gaps_first5": [
          1.5000000000000004,
          0.0,
          0.0,
          0.375,
          0.0
        ],
        "n_orb": 10,
        "n_cfg": 25
      }
    }
  },
  "Q2_H2O": {
    "balanced": {
      "S_B": 0.0008366227867208436,
      "w_B_dimless": 0.0154326544793888,
      "delta_B": 0.17920283949470323,
      "kin_spectrum_first6": [
        -38.21148621523754,
        -24.89553413814765,
        -24.527503313718206,
        -24.145621416773565,
        -21.44094642480956,
        -20.85107005357819
      ],
      "kin_gaps_first5": [
        13.315952077089893,
        0.368030824429443,
        0.38188189694464114,
        2.704674991964005,
        0.5898763712313695
      ],
      "n_orb": 10,
      "n_cfg": 25
    },
    "composed": {
      "S_B": 0.00083475666631266,
      "w_B_dimless": 0.018742857834255066,
      "delta_B": 0.218649466518588,
      "kin_spectrum_first6": [
        -36.0,
        -22.499999999999996,
        -22.499999999999996,
        -18.499999999999996,
        -18.124999999999996,
        -18.124999999999996
      ],
      "kin_gaps_first5": [
        13.500000000000004,
        0.0,
        4.0,
        0.375,
        0.0
      ],
      "n_orb": 10,
      "n_cfg": 25
    },
    "S_ratio": 1.002235526212
  },
  "Q3_gamma_surface": {
    "grid_rows": [
      {
        "S_B": 0.03954502764024503,
        "w_B_dimless": 0.08223958785144443,
        "delta_B": 0.2634151616856636,
        "Z": 2.0,
        "n_max": 2
      },
      {
        "S_B": 0.00935807579829679,
        "w_B_dimless": 0.051221316843156665,
        "delta_B": 0.2631763677708122,
        "Z": 3.0,
        "n_max": 2
      },
      {
        "S_B": 0.003862766732545213,
        "w_B_dimless": 0.03744731090284642,
        "delta_B": 0.2631360695301641,
        "Z": 4.0,
        "n_max": 2
      },
      {
        "S_B": 0.0013314502132305143,
        "w_B_dimless": 0.024499917019202334,
        "delta_B": 0.2631210930290351,
        "Z": 6.0,
        "n_max": 2
      },
      {
        "S_B": 0.00041550733966760434,
        "w_B_dimless": 0.014556504007062291,
        "delta_B": 0.2631178836739179,
        "Z": 10.0,
        "n_max": 2
      },
      {
        "S_B": 0.000177360205210867,
        "w_B_dimless": 0.00967440036547994,
        "delta_B": 0.26311750018889113,
        "Z": 15.0,
        "n_max": 2
      },
      {
        "S_B": 4.4420090876183455e-05,
        "w_B_dimless": 0.0048282139616929055,
        "delta_B": 0.2631174116919131,
        "Z": 30.0,
        "n_max": 2
      },
      {
        "S_B": 0.04081105136647098,
        "w_B_dimless": 0.10443952594881536,
        "delta_B": 0.2009153064866663,
        "Z": 2.0,
        "n_max": 3
      },
      {
        "S_B": 0.011211717937421746,
        "w_B_dimless": 0.06404631864472168,
        "delta_B": 0.20241900128274115,
        "Z": 3.0,
        "n_max": 3
      },
      {
        "S_B": 0.004984212431364122,
        "w_B_dimless": 0.046280821558969884,
        "delta_B": 0.20268338965264013,
        "Z": 4.0,
        "n_max": 3
      },
      {
        "S_B": 0.001817727831328882,
        "w_B_dimless": 0.029989140860709064,
        "delta_B": 0.2027825033906775,
        "Z": 6.0,
        "n_max": 3
      },
      {
        "S_B": 0.0005855700034359207,
        "w_B_dimless": 0.017714676588318476,
        "delta_B": 0.20280380425589908,
        "Z": 10.0,
        "n_max": 3
      },
      {
        "S_B": 0.0002530299649626033,
        "w_B_dimless": 0.01172116698147682,
        "delta_B": 0.20280635095188834,
        "Z": 15.0,
        "n_max": 3
      },
      {
        "S_B": 6.405372314432378e-05,
        "w_B_dimless": 0.005847258151343087,
        "delta_B": 0.20280693869818447,
        "Z": 30.0,
        "n_max": 3
      },
      {
        "S_B": 0.04187943008973696,
        "w_B_dimless": 0.11054006052203875,
        "delta_B": 0.16243267650655135,
        "Z": 2.0,
        "n_max": 4
      },
      {
        "S_B": 0.011975181544890363,
        "w_B_dimless": 0.06890817329267976,
        "delta_B": 0.16411559337428253,
        "Z": 3.0,
        "n_max": 4
      },
      {
        "S_B": 0.005436015305172925,
        "w_B_dimless": 0.049642634842138794,
        "delta_B": 0.16440315553755586,
        "Z": 4.0,
        "n_max": 4
      },
      {
        "S_B": 0.002016715963703004,
        "w_B_dimless": 0.03186515346708666,
        "delta_B": 0.16451028157159764,
        "Z": 6.0,
        "n_max": 4
      },
      {
        "S_B": 0.0006564899037704963,
        "w_B_dimless": 0.018742269904751398,
        "delta_B": 0.1645332558459328,
        "Z": 10.0,
        "n_max": 4
      },
      {
        "S_B": 0.00028489206755359544,
        "w_B_dimless": 0.012414376937174235,
        "delta_B": 0.16453600145896452,
        "Z": 15.0,
        "n_max": 4
      },
      {
        "S_B": 7.240172450884441e-05,
        "w_B_dimless": 0.006185172146750491,
        "delta_B": 0.16453663507788654,
        "Z": 30.0,
        "n_max": 4
      }
    ],
    "gamma_by_nmax": {
      "2": {
        "gamma": 2.373347179209845,
        "A": 0.4611726029404949,
        "r2": 0.9927413419887021
      },
      "3": {
        "gamma": 2.222905112218116,
        "A": 0.14538500798305895,
        "r2": 0.9969241392248567
      },
      "4": {
        "gamma": 2.1814973059493186,
        "A": 0.08110186015694143,
        "r2": 0.9973485197828962
      }
    },
    "gamma_by_Z": {
      "2.0": {
        "gamma": 0.07206790174886482,
        "A": 0.04294802009694609,
        "r2": 0.9858418385657552
      },
      "3.0": {
        "gamma": 0.326288675724879,
        "A": 0.016058341054066103,
        "r2": 0.9876416205752194
      },
      "4.0": {
        "gamma": 0.46312738285073424,