{
  "meta": {
    "description": "Paper 27 extension: Li (3e) and Be (4e) S_kin floor + universal curve",
    "universal_A": 0.157,
    "universal_gamma": 2.228,
    "n_max": 3
  },
  "results": {
    "Li": {
      "label": "Li (Z=3, 3e, ^2S)",
      "Z": 3,
      "n_e": 3,
      "n_max": 3,
      "ms_target": 0.5,
      "ml_target": 0,
      "n_spatial": 14,
      "n_sd": 294,
      "E_kin": -10.133503410233576,
      "E_full": -7.481700562585994,
      "gs_degeneracy_kin": 1,
      "gs_degeneracy_full": 1,
      "S_kin": 0.6365141682948126,
      "S_full": 0.6460803468663834,
      "occ_kin_top": [
        2.0000000000000013,
        1.0000000000000007,
        5.204170427930332e-18,
        1.0848706943749806e-19,
        4.9793842054111305e-25,
        8.200542396243492e-37,
        6.857933295216988e-49,
        4.99472905198476e-50
      ],
      "occ_full_top": [
        1.9971326098212332,
        0.9996416593837905,
        0.0014689744960659785,
        0.0004962938099187297,
        0.0004962938099185981,
        0.0004827313364905539,
        9.378757711048728e-05,
        9.378757711047923e-05
      ],
      "w_tilde": 0.06810934591226235,
      "delta_B": 1.84781166590183e-05,
      "w_over_delta": 3685.946309848703,
      "kin_frobenius": 62.12015826203278,
      "gap_absolute": 0.0011478635312425212,
      "S_predicted_universal": 13873014.345664056,
      "ratio_S_actual_over_predicted": 4.6571014111890735e-08,
      "wall_time_s": 0.31458592414855957
    },
    "Be": {
      "label": "Be (Z=4, 4e, ^1S)",
      "Z": 4,
      "n_e": 4,
      "n_max": 3,
      "ms_target": 0.0,
      "ml_target": 0,
      "n_spatial": 14,
      "n_sd": 1687,
      "E_kin": -20.00831120361489,
      "E_full": -14.692038732230397,
      "gs_degeneracy_kin": 3,
      "gs_degeneracy_full": 1,
      "S_kin": 1.2312988720682707,
      "S_full": 0.9019612359861736,
      "occ_kin_top": [
        1.9999999999999996,
        0.7633460392094376,
        0.7633460392094368,
        0.4733079215811255,
        3.027751516609692e-17,
        2.489574838938532e-18,
        1.8973537871792736e-19,
        1.4751171915857263e-27
      ],
      "occ_full_top": [
        1.9987081749776634,
        1.8164019657891266,
        0.06909992413386672,
        0.05639519591421657,
        0.05639519591421648,
        0.0017110356658736037,
        0.0003049541432881413,
        0.00030495414328810314
      ],
      "w_tilde": 0.05777929514106889,
      "delta_B": 2.1483861982363123e-17,
      "w_over_delta": 2689427775532257.5,
      "kin_frobenius": 330.7332435590074,
      "gap_absolute": 7.105427357601002e-15,
      "S_predicted_universal": 3.742672947001247e+33,
      "ratio_S_actual_over_predicted": 2.409938695575457e-34,
      "wall_time_s": 6.952492713928223
    }
  },
  "verdicts": {
    "Li_S_kin_floor": "VIOLATED (open-shell degeneracy breaks proposition - expected)",
    "Be_S_kin_floor": "VIOLATED (unexpected for closed-shell ^1S)",
    "Be_universal_curve": "NEAR CURVE (off by 100.0%)"
  }
}