{
  "Z": 4,
  "E_kin": -20.0,
  "diagonal_V": {
    "E_A": 6.2840042009602195,
    "E_B": 7.031021614464258,
    "E_C": 7.346338210638621
  },
  "off_diagonal_V": {
    "V_AB": 0.11718749999999993,
    "V_AC": 0.165728151840597,
    "V_BC": 0.05966213466261495
  },
  "H_eff_eigenvalues": [
    6.24414110596839,
    7.028724089305858,
    7.38849883078885
  ],
  "GS_coefficients": {
    "c_A": 0.9808229744004225,
    "c_B": -0.13544464763103695,
    "c_C": -0.1401464959120008
  },
  "occ_diagonal": [
    2.0,
    1.924027414223384,
    0.019641040316412454,
    0.036690505143791526,
    0.019641040316412454
  ],
  "S_full_analytical": 0.7938536433375117,
  "S_kin_analytical": 1.3579778549873245
}