{
  "R": 3.0,
  "E_diag_SF0": -0.4459795208791606,
  "S_avg": 0.29788911194310946,
  "F0_monopole": 1.497132667824171,
  "E_full_exchange": -0.2380127554847667,
  "E_full_diag": -0.26437533654071305,
  "E_full_offdiag": 0.026362581055946355,
  "gamma_avg": [
    [
      0.6446631543886752,
      0.3458010750145571,
      0.28770360045853016
    ],
    [
      0.3458010750145571,
      0.2071373793211212,
      0.17325289102040345
    ],
    [
      0.28770360045853016,
      0.17325289102040345,
      0.14819946629020456
    ]
  ],
  "F0_l1_matrix": [
    [
      0.6279355299035061,
      0.1981470689767308,
      0.1434622355218797
    ],
    [
      0.1981470689767308,
      0.06268841204660762,
      0.045376140671601
    ],
    [
      0.1434622355218797,
      0.045376140671601,
      0.032852468784871025
    ]
  ],
  "l_values": [
    0,
    1,
    2
  ],
  "offdiag_ratio": 0.9835015034458047,
  "comparison": {
    "diagonal_SF0_exchange": "R_eq = 3.0 bohr (20% error)",
    "full_1rdm_exchange": "R_eq = 2.8 bohr (11.7% error)",
    "fitted_KS_exchange": "R_eq ~ 2.8 bohr (12% error)"
  }
}