{
  "n_ext_1": {
    "V_mag_j_half": 0.5579088621223128,
    "cum_B_j_half": 0.0007026509916820224,
    "ratio_j_half": 1.084403579078679
  },
  "n_ext_2": {
    "V_mag_j_half": 0.38925844503283874,
    "V_mag_j_3half": 1.701760539836747,
    "V_mag_trace": 3.0308967889109977,
    "cum_B_j_half": 0.0002772455997237217,
    "cum_B_j_3half": 0.00971611557455781,
    "cum_B_trace": 0.014839579064542722,
    "ratio_j_half": 0.6132550841328858,
    "ratio_j_3half": 4.9159647699295626,
    "ratio_trace": 4.215654138938798
  }
}