{"0": 0.0, "1": 0.0006957799814057577, "2": 3.764933515152875e-06, "3": 2.8467998647619535e-06, "4": 1.338212085430839e-07, "5": 1.2545568780699085e-07, "6": 1.2472476158630513e-08, "7": 1.3581627309626722e-08, "8": 2.0013585130298927e-09, "9": 2.4011703739424206e-09, "10": 4.5181216111171696e-10, "11": 5.795949416185045e-10, "12": 1.2888645035168875e-10, "13": 1.736079118161595e-10, "14": 4.359480413503138e-11, "15": 6.094143342570442e-11, "16": 1.6785352060660482e-11, "17": 2.4158290864903052e-11, "18": 7.1559496577372736e-12, "19": 1.0543973704626288e-11, "20": 3.3121046225919147e-12, "21": 4.975490729321401e-12, "22": 1.640426243659511e-12, "23": 2.504475865618254e-12, "24": 8.599379405691562e-13, "25": 1.3310581085212892e-12, "26": 4.730921936021716e-13, "27": 7.409843366263464e-13, "28": 2.713151655901919e-13, "29": 4.293370138235256e-13, "30": 1.6132561162692916e-13, "31": 2.5759659766961147e-13, "32": 9.901830187194794e-14, "33": 1.5937183035477806e-13, "34": 6.250630664062526e-14, "35": 1.0132120623411115e-13, "36": 4.045767200774254e-14, "37": 6.59990894777381e-14, "38": 2.6780872936455608e-14, "39": 4.393896101595264e-14, "40": 1.809000518701564e-14, "41": 2.983442335131191e-14, "42": 1.2445730897047013e-14, "43": 2.0622946264683588e-14, "44": 8.706784215226397e-15, "45": 1.448982025541614e-14, "46": 6.18486355391701e-15, "47": 1.0333694912966594e-14, "48": 4.455466011654918e-15, "49": 7.471412056988337e-15, "50": 3.251373574232713e-15}