{
  "0": 0.0,
  "1": 0.0006957799814057577,
  "2": 3.764933515152875e-06,
  "3": 2.8467998647619535e-06,
  "4": 1.338212085430839e-07,
  "5": 1.2545568780699085e-07,
  "6": 1.2472476158630513e-08,
  "7": 1.3581627309626722e-08,
  "8": 2.0013585130298927e-09,
  "9": 2.4011703739424206e-09,
  "10": 4.5181216111171696e-10,
  "11": 5.795949416185045e-10,
  "12": 1.2888645035168875e-10,
  "13": 1.736079118161595e-10,
  "14": 4.359480413503138e-11,
  "15": 6.094143342570442e-11,
  "16": 1.6785352060660482e-11,
  "17": 2.4158290864903052e-11,
  "18": 7.1559496577372736e-12,
  "19": 1.0543973704626288e-11,
  "20": 3.3121046225919147e-12,
  "21": 4.975490729321401e-12,
  "22": 1.640426243659511e-12,
  "23": 2.504475865618254e-12,
  "24": 8.599379405691562e-13,
  "25": 1.3310581085212892e-12,
  "26": 4.730921936021682e-13,
  "27": 7.409843366263428e-13
}