{
  "extended_levels": [
    {
      "n_int": 13,
      "B_level": 1.736079118161595e-10,
      "F2_over_schwinger": 1.084452641513747,
      "time": 182.05209279060364
    },
    {
      "n_int": 14,
      "B_level": 4.359480413503138e-11,
      "F2_over_schwinger": 1.0844527087937512,
      "time": 243.25571393966675
    },
    {
      "n_int": 15,
      "B_level": 6.094143342570442e-11,
      "F2_over_schwinger": 1.0844528028448652,
      "time": 300.7209277153015
    }
  ],
  "cumulative_B": 0.0007026828867520802,
  "cumulative_F2_over_S": 1.0844528028448652,
  "tail_estimate": 1.626571842125972e-07,
  "corrected_F2_over_S": 1.0844529655020494,
  "corrected_delta": 0.08445296550204939,
  "power_law_even": {
    "C": 0.001118333232390877,
    "p": 6.419590726813128
  },
  "power_law_odd": {
    "C": 0.005385472314567302,
    "p": 6.701392410534717
  }
}