{
  "1": {
    "delta": 0.08445291591815995,
    "delta_corrected": 0.08445292265524729,
    "lam": 2.5,
    "lam2": 6.25,
    "V_mag": 0.5579088621223128,
    "cum_B": 0.0007026829600191401,
    "n_int_max": 25,
    "all_B": {
      "0": 0.0,
      "1": 0.0006957799814057577,
      "2": 3.764933515152875e-06,
      "3": 2.8467998647619535e-06,
      "4": 1.338212085430839e-07,
      "5": 1.2545568780699085e-07,
      "6": 1.2472476158630513e-08,
      "7": 1.3581627309626722e-08,
      "8": 2.0013585130298927e-09,
      "9": 2.4011703739424206e-09,
      "10": 4.5181216111171696e-10,
      "11": 5.795949416185045e-10,
      "12": 1.2888645035168875e-10,
      "13": 1.736079118161595e-10,
      "14": 4.359480413503138e-11,
      "15": 6.094143342570442e-11,
      "16": 1.6785352060660482e-11,
      "17": 2.4158290864903052e-11,
      "18": 7.1559496577372736e-12,
      "19": 1.0543973704626288e-11,
      "20": 3.3121046225919147e-12,
      "21": 4.975490729321401e-12,
      "22": 1.640426243659511e-12,
      "23": 2.504475865618254e-12,
      "24": 8.599379405691562e-13,
      "25": 1.3310581085212892e-12
    },
    "tail_B": 4.365369144811347e-12,
    "power_law_even": {
      "C": 0.0020932489737087987,
      "p": 6.742307161290424
    },
    "power_law_odd": {
      "C": 0.008492055447287643,
      "p": 6.95215234024644
    }
  },
  "2": {
    "delta": -0.3865516345162098,
    "delta_corrected": -0.38655155393971863,
    "lam": 3.5,
    "lam2": 12.25,
    "V_mag": 0.38925844503283874,
    "cum_B": 0.0002773329800087506,
    "n_int_max": 20,
    "all_B": {
      "0": 0.0,
      "1": 0.00020451397117783013,
      "2": 6.861202936944442e-05,
      "3": 3.1912562193488738e-06,
      "4": 7.840604140191823e-07,
      "5": 1.442825430790862e-07,
      "6": 5.652642743532091e-08,
      "7": 1.6190761074070344e-08,
      "8": 8.16188216211359e-09,
      "9": 2.946860053093312e-09,
      "10": 1.7429232163957095e-09,
      "11": 7.276990845608237e-10,
      "12": 4.807253995158196e-10,
      "13": 2.219419203830636e-10,
      "14": 1.5900869500769144e-10,
      "15": 7.905247310131294e-11,
      "16": 6.026434342103003e-11,
      "17": 3.1715735194737e-11,
      "18": 2.539341740354182e-11,
      "19": 1.3981728473258462e-11,
      "20": 1.1648290836969053e-11
    },
    "tail_B": 3.642770878157026e-11,
    "power_law_even": {
      "C": 0.013452263602149983,
      "p": 6.928999712578905
    },
    "power_law_odd": {
      "C": 0.006596629235624682,
      "p": 6.7239949841512585
    }
  },
  "3": {
    "delta": -0.6294857120216584,
    "delta_corrected": -0.629485448189707,
    "lam": 4.5,
    "lam2": 20.25,
    "V_mag": 0.3000988014334038,
    "cum_B": 0.00012913818619384636,
    "n_int_max": 18,
    "all_B": {
      "0": 0.0,
      "1": 8.92797302070135e-05,
      "2": 2.5296940873003643e-05,
      "3": 1.3066068005372858e-05,
      "4": 1.0784994609417472e-06,
      "5": 2.941444533629893e-07,
      "6": 7.293326083458557e-08,
      "7": 2.931972951176571e-08,
      "8": 1.0428598562195194e-08,
      "9": 5.1402270136396256e-09,
      "10": 2.2290113819761075e-09,
      "11": 1.2511096999227975e-09,
      "12": 6.170373436536649e-10,
      "13": 3.7935771365201533e-10,
      "14": 2.0495651490018468e-10,
      "15": 1.3483886016596336e-10,
      "16": 7.799758407491826e-11,
      "17": 5.407895375964969e-11,
      "18": 3.299017728557955e-11
    },
    "tail_B": 9.195537329837485e-11,
    "power_law_even": {
      "C": 0.017161302256209217,
      "p": 6.915393877199247
    },
    "power_law_odd": {
      "C": 0.029784793454902085,
      "p": 7.096687710556285
    }
  },
  "4": {
    "delta": -0.754908443461833,
    "delta_corrected": -0.7549071593715424,
    "lam": 5.5,
    "lam2": 30.25,
    "V_mag": 0.24447958379479812,
    "cum_B": 6.95915338394734e-05,
    "n_int_max": 15,
    "all_B": {
      "0": 0.0,
      "1": 4.71519196639612e-05,
      "2": 1.2962603015652357e-05,
      "3": 5.449816190249546e-06,
      "4": 3.428340519509864e-06,
      "5": 4.105583215798657e-07,
      "6": 1.2256378525267572e-07,
      "7": 3.719278363940346e-08,
      "8": 1.5624344324331313e-08,
      "9": 6.373580481991174e-09,
      "10": 3.2070265882085346e-09,
      "11": 1.5419192984276922e-09,
      "12": 8.720073470480447e-10,
      "13": 4.672504615258492e-10,
      "14": 2.8711706736440804e-10,
      "15": 1.6631405958850635e-10
    },
    "tail_B": 3.6460584025153014e-10,
    "power_law_even": {
      "C": 0.08824048838586013,
      "p": 7.434193742536415
    },
    "power_law_odd": {
      "C": 0.010970828376664838,
      "p": 6.576734320213917
    }
  },
  "5": {
    "delta": -0.8262034485291974,
    "delta_corrected": -0.8262009346201165,
    "lam": 6.5,
    "lam2": 42.25,
    "V_mag": 0.20636418910048998,
    "cum_B": 4.165440653073424e-05,
    "n_int_max": 15,
    "all_B": {
      "0": 0.0,
      "1": 2.7973614552753018e-05,
      "2": 7.693980981169008e-06,
      "3": 3.0473204257398103e-06,
      "4": 1.5460949454798697e-06,
      "5": 1.127770806575294e-06,
      "6": 1.7246500703283658e-07,
      "7": 5.670453557966484e-08,
      "8": 1.9596714713211484e-08,
      "9": 8.730517252836033e-09,
      "10": 3.891532676684495e-09,
      "11": 2.0313737323250033e-09,
      "12": 1.0448887323607702e-09,
      "13": 6.046724752267832e-10,
      "14": 3.422995856051219e-10,
      "15": 2.132772364870061e-10
    },
    "tail_B": 6.025170807617848e-10,
    "power_law_even": {
      "C": 0.02581105153058918,
      "p": 6.8273326992468775
    },
    "power_law_odd": {
      "C": 0.008925073622698643,
      "p": 6.343130662038788
    }
  },
  "fit_c1_fixed_1p": {
    "c1": 0.5,
    "c2": -7.977348632443095,
    "note": "c1=1/2 fixed, 1-param fit for c2"
  },
  "fit_c1_fixed_2p": {
    "c1": 0.5,
    "c2": -247.7629859433489,
    "c3": 1558.3228341686083,
    "note": "c1=1/2 fixed, 2-param fit for c2, c3"
  },
  "fit_c1_fixed_3p": {
    "c1": 0.5,
    "c2": -1231.5624260329469,
    "c3": 21405.27152546796,
    "c4": -85671.14575969204,
    "note": "c1=1/2 fixed, 3-param fit for c2, c3, c4"
  },
  "fit_c1_fixed_4p": {
    "c1": 0.5,
    "c2": -3386.2119816405625,
    "c3": 114711.13695054727,
    "c4": -1242243.9878097277,
    "c5": 4109875.785276211,
    "note": "c1=1/2 fixed, 4-param fit"
  },
  "fit_free_2p": {
    "c1": -19.654580071715138,
    "c2": 129.09347720219117
  },
  "fit_free_3p": {
    "c1": -43.789335057104495,
    "c2": 704.8116906879527,
    "c3": -2674.7718840897323
  },
  "fit_free_4p": {
    "c1": -71.58166754860092,
    "c2": 2036.1436619873884,
    "c3": -20130.083888194986,
    "c4": 63881.09442185595
  }
}