{
  "multi_next_data": {
    "1": {
      "delta": 0.08445296550204939,
      "lam": 2.5,
      "lam2": 6.25
    },
    "2": {
      "delta": 0.6134339850833017,
      "lam": 3.5,
      "lam2": 12.25,
      "V_mag": 0.38925844503283874,
      "cum_B": 0.0002773264787943932,
      "n_int_max": 8
    },
    "3": {
      "delta": 0.37048524777365593,
      "lam": 4.5,
      "lam2": 20.25,
      "V_mag": 0.3000988014334038,
      "cum_B": 0.00012912806458860332,
      "n_int_max": 8
    },
    "4": {
      "delta": 0.2450460709733681,
      "lam": 5.5,
      "lam2": 30.25,
      "V_mag": 0.24447958379479812,
      "cum_B": 6.957861862416926e-05,
      "n_int_max": 8
    }
  },
  "fit_2p": {
    "c1": 12.195375283102523,
    "c2": -72.25053513581068
  },
  "fit_3p": {
    "c1": 4.963393550832939,
    "c2": 91.91086149898679,
    "c3": -747.6722751076074
  },
  "fit_4p": {
    "c1": 7.798343921745761,
    "c2": -32.210367859012244,
    "c3": 804.7866295481862,
    "c4": -5546.726500573655
  }
}