{
  "part1": {
    "l_max": 3,
    "total_nodes": 112,
    "edge_stats": {
      "inter_shell": 35,
      "intra_shell": 196,
      "total_edges": 231
    },
    "eigenvalue_clusters": [
      [
        -2.43720329160827e-16,
        1
      ],
      [
        0.11637962193114657,
        1
      ],
      [
        0.3527229853569052,
        4
      ],
      [
        0.5877598717384359,
        2
      ],
      [
        0.7027206756637956,
        1
      ],
      [
        0.8986056237096705,
        1
      ],
      [
        1.161200393878771,
        8
      ],
      [
        1.5299673358416956,
        2
      ],
      [
        1.6558425485618293,
        1
      ],
      [
        1.8727251832772043,
        6
      ]
    ],
    "target_eigenvalues": [
      {
        "l": 0,
        "lambda": 0,
        "degeneracy": 1
      },
      {
        "l": 1,
        "lambda": 6,
        "degeneracy": 7
      },
      {
        "l": 2,
        "lambda": 14,
        "degeneracy": 27
      },
      {
        "l": 3,
        "lambda": 24,
        "degeneracy": 77
      }
    ],
    "s3_comparison": {
      "eigenvalue_clusters": [
        [
          1.167272190651625e-16,
          1
        ],
        [
          0.29297925905514394,
          2
        ],
        [
          0.5733029948402757,
          1
        ],
        [
          0.8860914964087118,
          2
        ],
        [
          1.0619291478239004,
          1
        ],
        [
          1.2708989306256928,
          1
        ],
        [
          1.4351714547369618,
          1
        ],
        [
          1.738387889397876,
          1
        ],
        [
          1.9674319933225302,
          1
        ],
        [
          2.266938547885167,
          1
        ],
        [
          2.3884544771244594,
          1
        ],
        [
          2.6308715770851094,
          1
        ],
        [
          2.969675815936984,
          1
        ],
        [
          3.189349226099803,
          1
        ],
        [
          3.342821022624775,
          1
        ],
        [
          3.8590948242201817,
          1
        ],
        [
          4.035979735082736,
          3
        ],
        [
          4.361099191927682,
          1
        ],
        [
          4.65048831492682,
          1
        ],
        [
          5.130314542794187,
          2
        ],
        [
          5.284882995041626,
          1
        ],
        [
          5.935005249683671,
          1
        ],
        [
          6.6851056907422866,
          1
        ],
        [
          7.2221878301209435,
          1
        ],
        [
          8.44019302406899,
          1
        ]
      ]
    }
  },
  "part2": {
    "g2_casimir_vs_s6": [
      {
        "l": 0,
        "dim_g2": 1,
        "g_s6": 1,
        "casimir": 0,
        "target": 0,
        "ratio": null
      },
      {
        "l": 1,
        "dim_g2": 7,
        "g_s6": 7,
        "casimir": 12,
        "target": 6,
        "ratio": 2.0
      },
      {
        "l": 2,
        "dim_g2": 27,
        "g_s6": 27,
        "casimir": 28,
        "target": 14,
        "ratio": 2.0
      },
      {
        "l": 3,
        "dim_g2": 77,
        "g_s6": 77,
        "casimir": 48,
        "target": 24,
        "ratio": 2.0
      },
      {
        "l": 4,
        "dim_g2": 182,
        "g_s6": 182,
        "casimir": 72,
        "target": 36,
        "ratio": 2.0
      },
      {
        "l": 5,
        "dim_g2": 378,
        "g_s6": 378,
        "casimir": 100,
        "target": 50,
        "ratio": 2.0
      },
      {
        "l": 6,
        "dim_g2": 714,
        "g_s6": 714,
        "casimir": 132,
        "target": 66,
        "ratio": 2.0
      },
      {
        "l": 7,
        "dim_g2": 1254,
        "g_s6": 1254,
        "casimir": 168,
        "target": 84,
        "ratio": 2.0
      }
    ],
    "casimir_formula": "C_2(a,b) = 2a^2 + 6ab + 6b^2 + 10a + 18b",
    "casimir_symmetric": "C_2(l,0) = 2*l*(l+5) = 2 * lambda_l(S^6)",
    "dimensions_match_all_l": true,
    "only_symmetric_on_s6": true,
    "branching_rule": "Only (l,0) G2 irreps contain trivial SU(3) in G2->SU(3) branching",
    "analog_to_so4_s3": true,
    "key_finding": "G2 Casimir on (l,0) = 2*l(l+5) exactly reproduces the S^6 Laplace-Beltrami spectrum up to a factor of 2 (normalization). This is structurally identical to the SO(4)/S^3 relationship that gives the hydrogen spectrum."
  },
  "part3": {
    "spectrum_6d_hydrogen": [
      {
        "N": 1,
        "E": -0.08,
        "degeneracy": 1,
        "l": 0,
        "cumulative_deg": 1
      },
      {
        "N": 2,
        "E": -0.04081632653061224,
        "degeneracy": 7,
        "l": 1,
        "cumulative_deg": 8
      },
      {
        "N": 3,
        "E": -0.024691358024691357,
        "degeneracy": 27,
        "l": 2,
        "cumulative_deg": 35
      },
      {
        "N": 4,
        "E": -0.01652892561983471,
        "degeneracy": 77,
        "l": 3,
        "cumulative_deg": 112
      },
      {
        "N": 5,
        "E": -0.011834319526627219,
        "degeneracy": 182,
        "l": 4,
        "cumulative_deg": 294
      },
      {
        "N": 6,
        "E": -0.008888888888888889,
        "degeneracy": 378,
        "l": 5,
        "cumulative_deg": 672
      }
    ],
    "kappa_values": [
      {
        "N": 1,
        "E": -0.08,
        "lambda": 0,
        "kappa_eff": null
      },
      {
        "N": 2,
        "E": -0.04081632653061224,
        "lambda": 6,
        "kappa_eff": -0.006802721088435374
      },
      {
        "N": 3,
        "E": -0.024691358024691357,
        "lambda": 14,
        "kappa_eff": -0.001763668430335097
      },
      {
        "N": 4,
        "E": -0.01652892561983471,
        "lambda": 24,
        "kappa_eff": -0.0006887052341597796
      },
      {
        "N": 5,
        "E": -0.011834319526627219,
        "lambda": 36,
        "kappa_eff": -0.0003287310979618672
      },
      {
        "N": 6,
        "E": -0.008888888888888889,
        "lambda": 50,
        "kappa_eff": -0.00017777777777777779
      }
    ],
    "kappa_constant": false,
    "key_finding": "The 6D hydrogen spectrum maps to S^6 via generalized Fock projection, but unlike d=3, the mapping constant kappa is NOT constant across levels. The Fock projection rigidity theorem (Paper 23) already proved this: only d=3 with V=-Z/r gives a constant kappa (equivalently, the S^3 projection is unique to the Coulomb potential). No standard physical system naturally maps to S^6.",
    "physical_candidates": [
      "G2 gauge theories (most natural -- G2 is automorphism group of octonions)",
      "Two-body Coulomb in d=6 (mathematical, not physical)",
      "7D harmonic oscillator on Im(O) (octonionic)",
      "Critical phenomena above upper critical dimension (formal, no 1/r)"
    ]
  },
  "part4": {
    "fano_triples": [
      [
        1,
        2,
        3
      ],
      [
        1,
        4,
        5
      ],
      [
        1,
        7,
        6
      ],
      [
        2,
        4,
        6
      ],
      [
        2,
        5,
        7
      ],
      [
        3,
        4,
        7
      ],
      [
        3,
        6,
        5
      ]
    ],
    "cross_product_nonzero": 42,
    "cross_product_density": 0.12244897959183673,
    "j_squared_equals_minus_identity": true,
    "octonions_non_associative": true,
    "non_associative_triples": 28,
    "total_triples": 35,
    "tensor_product_mixes_shells": true,