{
  "setup": {
    "R": 10.0,
    "N_rho": 200,
    "a": 0.05,
    "N_0": 120,
    "alpha_values": [
      [
        "1/3",
        0.3333333333333333,
        40
      ],
      [
        "1/2",
        0.5,
        60
      ],
      [
        "2/3",
        0.6666666666666666,
        80
      ],
      [
        "1",
        1.0,
        120
      ],
      [
        "3/2",
        1.5,
        180
      ],
      [
        "2",
        2.0,
        240
      ],
      [
        "3",
        3.0,
        360
      ]
    ],
    "t_values": [
      0.005,
      0.01,
      0.02,
      0.05,
      0.1,
      0.2,
      0.5,
      1.0
    ]
  },
  "K_wedge": {
    "1/3": {
      "alpha": 0.3333333333333333,
      "N_phi": 40,
      "K": {
        "0.005": 1209.6428552333552,
        "0.01": 731.2585934745334,
        "0.02": 422.2643782747768,
        "0.05": 182.75922665658825,
        "0.1": 88.48373147221272,
        "0.2": 41.15283213037144,
        "0.5": 15.184068792460764,
        "1.0": 7.184054501893458
      }
    },
    "1/2": {
      "alpha": 0.5,
      "N_phi": 60,
      "K": {
        "0.005": 1814.3172006774791,
        "0.01": 1096.7388393939618,
        "0.02": 633.2444032435458,
        "0.05": 273.9823359015443,
        "0.1": 132.56598353947703,
        "0.2": 61.56676651069241,
        "0.5": 22.6102219716671,
        "1.0": 10.607908964309841
      }
    },
    "2/3": {
      "alpha": 0.6666666666666666,
      "N_phi": 80,
      "K": {
        "0.005": 2419.037504193256,
        "0.01": 1462.2627669581718,
        "0.02": 844.2670747727266,
        "0.05": 365.24750378122957,
        "0.1": 176.69010366938141,
        "0.2": 82.02247471945829,
        "0.5": 30.078092796450978,
        "1.0": 14.073462408666966
      }
    },
    "1": {
      "alpha": 1.0,
      "N_phi": 120,
      "K": {
        "0.005": 3628.529407722676,
        "0.01": 2193.357429906277,
        "0.02": 1266.357064714114,
        "0.05": 547.8209499999242,
        "0.1": 264.98083419239987,
        "0.2": 122.97602293256007,
        "0.5": 45.055717791148695,
        "1.0": 21.046357713498136
      }
    },
    "3/2": {
      "alpha": 1.5,
      "N_phi": 180,
      "K": {
        "0.005": 5442.792397346913,
        "0.01": 3290.030447528792,
        "0.02": 1899.5255975703358,
        "0.05": 821.7160017938348,
        "0.1": 397.452115696162,
        "0.2": 184.44157349791863,
        "0.5": 67.55729126502995,
        "1.0": 31.540742451318806
      }
    },
    "2": {
      "alpha": 2.0,
      "N_phi": 240,
      "K": {
        "0.005": 7257.056526351567,
        "0.01": 4386.707141384377,
        "0.02": 2532.7002609092,
        "0.05": 1095.6198248004544,
        "0.1": 529.9336662061168,
        "0.2": 245.91850677698505,
        "0.5": 90.07125176275932,
        "1.0": 42.048012285619905
      }
    },
    "3": {
      "alpha": 3.0,
      "N_phi": 360,
      "K": {
        "0.005": 10885.584789526545,
        "0.01": 6580.06071084636,
        "0.02": 3799.0503685971053,
        "0.05": 1643.429588652622,
        "0.1": 794.9001425064665,
        "0.2": 368.8770808175037,
        "0.5": 135.1055972100908,
        "1.0": 63.070164923336485
      }
    }
  },
  "delta_K": {
    "1/3": {
      "alpha": 0.3333333333333333,
      "SC_prediction": 0.2222222222222222,
      "delta_K": {
        "0.005": 0.13305265913004405,
        "0.01": 0.13945017244111568,
        "0.02": 0.14535670340552542,
        "0.05": 0.15224332328020296,
        "0.1": 0.15678674141277327,
        "0.2": 0.1608244861847581,
        "0.5": 0.1654961954111993,
        "1.0": 0.16860193072741314
      }
    },
    "1/2": {
      "alpha": 0.5,
      "SC_prediction": 0.125,
      "delta_K": {
        "0.005": 0.05249681614122892,
        "0.01": 0.060124440823301484,
        "0.02": 0.065870886488824,
        "0.05": 0.07186090158216984,
        "0.1": 0.07556644327709705,
        "0.2": 0.07875504441237524,
        "0.5": 0.08236307609275428,
        "1.0": 0.08473010756077315
      }
    },
    "2/3": {
      "alpha": 0.6666666666666666,
      "SC_prediction": 0.06944444444444445,
      "delta_K": {
        "0.005": 0.01789904480574478,
        "0.01": 0.024480353987200942,
        "0.02": 0.02903162998404696,
        "0.05": 0.0335371146134662,
        "0.1": 0.03621420778151219,
        "0.2": 0.03845943108491667,
        "0.5": 0.040947602351849355,
        "1.0": 0.04255726633487633
      }
    },
    "1": {
      "alpha": 1.0,
      "SC_prediction": 0.0,
      "delta_K": {
        "0.005": 0.0,
        "0.01": 0.0,
        "0.02": 0.0,
        "0.05": 0.0,
        "0.1": 0.0,
        "0.2": 0.0,
        "0.5": 0.0,
        "1.0": 0.0
      }
    },
    "3/2": {
      "alpha": 1.5,
      "SC_prediction": -0.06944444444444445,
      "delta_K": {
        "0.005": -0.0017142371007139445,
        "0.01": -0.005697330623661401,
        "0.02": -0.009999500834965147,
        "0.05": -0.015423206051423222,
        "0.1": -0.019135592437748983,
        "0.2": -0.022460900921487337,
        "0.5": -0.026285421693089006,
        "1.0": -0.028794118928395562
      }
    },
    "2": {
      "alpha": 2.0,
      "SC_prediction": -0.125,
      "delta_K": {
        "0.005": -0.002289093784384022,
        "0.01": -0.0077184281772133545,
        "0.02": -0.013868519027710136,
        "0.05": -0.022075199394066658,
        "0.1": -0.02800217868298205,
        "0.2": -0.033539088135086104,
        "0.5": -0.04018381953807193,
        "1.0": -0.04470314137636677
      }
    },
    "3": {
      "alpha": 3.0,
      "SC_prediction": -0.2222222222222222,
      "delta_K": {
        "0.005": -0.003433641482843086,
        "0.01": -0.011578872471545765,
        "0.02": -0.020825545236220933,
        "0.05": -0.03326134715052831,
        "0.1": -0.04236007073302517,
        "0.2": -0.05098798017650097,
        "0.5": -0.06155616335527725,
        "1.0": -0.06890821715791873
      }
    }
  },
  "slope_test": {
    "0.005": {
      "slope_through_origin": 0.022996577972395064,
      "slope_unconstrained": 0.02299657797239507,
      "intercept_unconstrained": 0.02800164967272525,
      "resid_rms_origin": 0.03810447631559296
    },
    "0.01": {
      "slope_through_origin": 0.026336510740288907,
      "slope_unconstrained": 0.026336510740288924,
      "intercept_unconstrained": 0.02843719085417109,
      "resid_rms_origin": 0.037677933614034285
    },
    "0.02": {
      "slope_through_origin": 0.02959994156363378,
      "slope_unconstrained": 0.029599941563633794,
      "intercept_unconstrained": 0.02793795068278575,
      "resid_rms_origin": 0.03667604918061376
    },
    "0.05": {
      "slope_through_origin": 0.03363233070996361,
      "slope_unconstrained": 0.033632330709963625,
      "intercept_unconstrained": 0.026697369554260126,
      "resid_rms_origin": 0.034948755843779135
    },
    "0.1": {
      "slope_through_origin": 0.036424438616600496,
      "slope_unconstrained": 0.0364244386166005,
      "intercept_unconstrained": 0.025581364373946626,
      "resid_rms_origin": 0.033522480480568384
    },
    "0.2": {
      "slope_through_origin": 0.038985483271320315,
      "slope_unconstrained": 0.03898548327132032,
      "intercept_unconstrained": 0.02443585606413938,
      "resid_rms_origin": 0.032091174826566746
    },
    "0.5": {
      "slope_through_origin": 0.0420325269709869,
      "slope_unconstrained": 0.042032526970986916,
      "intercept_unconstrained": 0.022968781324194974,
      "resid_rms_origin": 0.030268387461715965
    },
    "1.0": {
      "slope_through_origin": 0.04410346850482813,
      "slope_unconstrained": 0.04410346850482817,
      "intercept_unconstrained": 0.021926261022911668,
      "resid_rms_origin": 0.028968689846647293
    }
  },
  "reciprocal_cancellation": {
    "1/3+3": {
      "0.005": 0.12961901764720096,
      "0.01": 0.12787129996956992,
      "0.02": 0.12453115816930449,
      "0.05": 0.11898197612967465,
      "0.1": 0.1144266706797481,