{
  "setup": {
    "N_rho": 50,
    "a": 0.2,
    "R": 10.0,
    "N_0": 12
  },
  "heat_trace_table": {
    "0.5": {
      "0.05": 77.32095154438565,
      "0.1": 50.9966367369584,
      "0.2": 34.02953834796359,
      "0.5": 19.55488584767986,
      "1.0": 12.423198893394686
    },
    "1.0": {
      "0.05": 147.25931817340881,
      "0.1": 95.10382527554005,
      "0.2": 61.537043523361504,
      "0.5": 33.15483223790802,
      "1.0": 19.49570515700197
    },
    "1.5": {
      "0.05": 210.26444467517007,
      "0.1": 132.90926868295298,
      "0.2": 83.33977195309247,
      "0.5": 42.07630935963765,
      "1.0": 22.959735509695122
    },
    "2.0": {
      "0.05": 266.7769049311789,
      "0.1": 165.00344861930162,
      "0.2": 100.24320255281684,
      "0.5": 47.491025396836825,
      "1.0": 24.23850632385381
    },
    "3.0": {
      "0.05": 362.04257309125313,
      "0.1": 214.33112425079432,
      "0.2": 122.33883081256835,
      "0.5": 51.64716391113442,
      "1.0": 23.998124813918956
    },
    "4.0": {
      "0.05": 436.40008960285815,
      "0.1": 247.39722097093883,
      "0.2": 133.1880755407653,
      "0.5": 51.464645615650944,
      "1.0": 23.064173876089207
    }
  },
  "heat_per_mode": {
    "0.5": {
      "0.05": 12.886825257397609,
      "0.1": 8.499439456159733,
      "0.2": 5.671589724660598,
      "0.5": 3.2591476412799767,
      "1.0": 2.070533148899114
    },
    "1.0": {
      "0.05": 12.271609847784068,
      "0.1": 7.9253187729616705,
      "0.2": 5.128086960280125,
      "0.5": 2.762902686492335,
      "1.0": 1.6246420964168309
    },
    "1.5": {
      "0.05": 11.681358037509447,
      "0.1": 7.383848260164054,
      "0.2": 4.629987330727359,
      "0.5": 2.3375727422020915,
      "1.0": 1.275540861649729
    },
    "2.0": {
      "0.05": 11.115704372132454,
      "0.1": 6.875143692470901,
      "0.2": 4.176800106367368,
      "0.5": 1.9787927248682011,
      "1.0": 1.0099377634939086
    },
    "3.0": {
      "0.05": 10.056738141423699,
      "0.1": 5.953642340299842,
      "0.2": 3.3983008559046763,
      "0.5": 1.4346434419759562,
      "1.0": 0.6666145781644155
    },
    "4.0": {
      "0.05": 9.091668533392879,
      "0.1": 5.154108770227892,
      "0.2": 2.774751573765944,
      "0.5": 1.072180116992728,
      "1.0": 0.4805036224185251
    }
  },
  "correction_table": [
    {
      "t": 0.05,
      "alpha": 0.5,
      "N_phi": 6,
      "K_alpha": 77.32095154438565,
      "K_minus_bulk_naive": 3.691292457681243,
      "1_over_alpha_minus_alpha": 1.5
    },
    {
      "t": 0.05,
      "alpha": 1.0,
      "N_phi": 12,
      "K_alpha": 147.25931817340881,
      "K_minus_bulk_naive": 0.0,
      "1_over_alpha_minus_alpha": 0.0
    },
    {
      "t": 0.05,
      "alpha": 1.5,
      "N_phi": 18,
      "K_alpha": 210.26444467517007,
      "K_minus_bulk_naive": -10.624532584943154,
      "1_over_alpha_minus_alpha": -0.8333333333333334
    },
    {
      "t": 0.05,
      "alpha": 2.0,
      "N_phi": 24,
      "K_alpha": 266.7769049311789,
      "K_minus_bulk_naive": -27.741731415638753,
      "1_over_alpha_minus_alpha": -1.5
    },
    {
      "t": 0.05,
      "alpha": 3.0,
      "N_phi": 36,
      "K_alpha": 362.04257309125313,
      "K_minus_bulk_naive": -79.73538142897331,
      "1_over_alpha_minus_alpha": -2.6666666666666665
    },
    {
      "t": 0.05,
      "alpha": 4.0,
      "N_phi": 48,
      "K_alpha": 436.40008960285815,
      "K_minus_bulk_naive": -152.6371830907771,
      "1_over_alpha_minus_alpha": -3.75
    },
    {
      "t": 0.1,
      "alpha": 0.5,
      "N_phi": 6,
      "K_alpha": 50.9966367369584,
      "K_minus_bulk_naive": 3.4447240991883774,
      "1_over_alpha_minus_alpha": 1.5
    },
    {
      "t": 0.1,
      "alpha": 1.0,
      "N_phi": 12,
      "K_alpha": 95.10382527554005,
      "K_minus_bulk_naive": 0.0,
      "1_over_alpha_minus_alpha": 0.0
    },
    {
      "t": 0.1,
      "alpha": 1.5,
      "N_phi": 18,
      "K_alpha": 132.90926868295298,
      "K_minus_bulk_naive": -9.746469230357093,
      "1_over_alpha_minus_alpha": -0.8333333333333334
    },
    {
      "t": 0.1,
      "alpha": 2.0,
      "N_phi": 24,
      "K_alpha": 165.00344861930162,
      "K_minus_bulk_naive": -25.20420193177847,
      "1_over_alpha_minus_alpha": -1.5
    },
    {
      "t": 0.1,
      "alpha": 3.0,
      "N_phi": 36,
      "K_alpha": 214.33112425079432,
      "K_minus_bulk_naive": -70.98035157582584,
      "1_over_alpha_minus_alpha": -2.6666666666666665
    },
    {
      "t": 0.1,
      "alpha": 4.0,
      "N_phi": 48,
      "K_alpha": 247.39722097093883,
      "K_minus_bulk_naive": -133.01808013122135,
      "1_over_alpha_minus_alpha": -3.75
    },
    {
      "t": 0.2,
      "alpha": 0.5,
      "N_phi": 6,
      "K_alpha": 34.02953834796359,
      "K_minus_bulk_naive": 3.2610165862828353,
      "1_over_alpha_minus_alpha": 1.5
    },
    {
      "t": 0.2,
      "alpha": 1.0,
      "N_phi": 12,
      "K_alpha": 61.537043523361504,
      "K_minus_bulk_naive": 0.0,
      "1_over_alpha_minus_alpha": 0.0
    },
    {
      "t": 0.2,
      "alpha": 1.5,
      "N_phi": 18,
      "K_alpha": 83.33977195309247,
      "K_minus_bulk_naive": -8.965793331949797,
      "1_over_alpha_minus_alpha": -0.8333333333333334
    },
    {
      "t": 0.2,
      "alpha": 2.0,
      "N_phi": 24,
      "K_alpha": 100.24320255281684,
      "K_minus_bulk_naive": -22.83088449390617,
      "1_over_alpha_minus_alpha": -1.5
    },
    {
      "t": 0.2,
      "alpha": 3.0,
      "N_phi": 36,
      "K_alpha": 122.33883081256835,
      "K_minus_bulk_naive": -62.27229975751618,
      "1_over_alpha_minus_alpha": -2.6666666666666665
    },
    {
      "t": 0.2,
      "alpha": 4.0,
      "N_phi": 48,
      "K_alpha": 133.1880755407653,
      "K_minus_bulk_naive": -112.9600985526807,
      "1_over_alpha_minus_alpha": -3.75
    }
  ],
  "verdict": "POSITIVE-G4-3c-PARTIAL",
  "notes": "The discrete substrate framework computes heat traces for any N_phi, but the literal Sommerfeld/Cheeger (1/12)(1/alpha - alpha) extraction requires either a wedge-respecting discretization or the discrete replica method (G4-5 multi-month target). G4-3c verifies the sweep framework works."
}