{
  "setup": {
    "R": 10.0,
    "N_phi": 24,
    "A_disk": 314.1592653589793,
    "grid_configs": [
      [
        20,
        0.5
      ],
      [
        50,
        0.2
      ],
      [
        100,
        0.1
      ],
      [
        200,
        0.05
      ],
      [
        400,
        0.025
      ]
    ]
  },
  "heat_traces": {
    "N_rho=20,a=0.5": {
      "0.01": 417.4618154050535,
      "0.05": 283.14319908752555,
      "0.1": 195.68249156667488,
      "0.5": 51.81613538422951,
      "1.0": 26.194089268733084
    },
    "N_rho=50,a=0.2": {
      "0.01": 717.0086364571644,
      "0.05": 266.7769049311789,
      "0.1": 165.00344861930162,
      "0.5": 47.491025396836825,
      "1.0": 24.23850632385381
    },
    "N_rho=100,a=0.1": {
      "0.01": 680.1377600110872,
      "0.05": 249.18932952091083,
      "0.1": 159.17847267806522,
      "0.5": 46.47103673014611,
      "1.0": 23.69496136596815
    },
    "N_rho=200,a=0.05": {
      "0.01": 628.5631241712033,
      "0.05": 245.1382256289848,
      "0.1": 157.34355675073442,
      "0.5": 46.02112331518544,
      "1.0": 23.443249645248166
    },
    "N_rho=400,a=0.025": {
      "0.01": 618.7900908513354,
      "0.05": 243.80158074349828,
      "0.1": 156.63974975233367,
      "0.5": 45.812707181125624,
      "1.0": 23.32438691719577
    }
  },
  "weyl_ratios": {
    "N_rho=20,a=0.5": {
      "0.01": 0.1669847261620214,
      "0.05": 0.5662863981750511,
      "0.1": 0.7827299662666996,
      "0.5": 1.03632270768459,
      "1.0": 1.0477635707493234
    },
    "N_rho=50,a=0.2": {
      "0.01": 0.2868034545828657,
      "0.05": 0.5335538098623577,
      "0.1": 0.6600137944772065,
      "0.5": 0.9498205079367364,
      "1.0": 0.9695402529541522
    },
    "N_rho=100,a=0.1": {
      "0.01": 0.27205510400443483,
      "0.05": 0.49837865904182166,
      "0.1": 0.6367138907122609,
      "0.5": 0.9294207346029222,
      "1.0": 0.947798454638726
    },
    "N_rho=200,a=0.05": {
      "0.01": 0.2514252496684813,
      "0.05": 0.4902764512579696,
      "0.1": 0.6293742270029378,
      "0.5": 0.9204224663037088,
      "1.0": 0.9377299858099266
    },
    "N_rho=400,a=0.025": {
      "0.01": 0.24751603634053418,
      "0.05": 0.4876031614869965,
      "0.1": 0.6265589990093346,
      "0.5": 0.9162541436225125,
      "1.0": 0.9329754766878309
    }
  },
  "convergence_t_001": [
    {
      "N_rho": 20,
      "a": 0.5,
      "K_discrete": 417.4618154050535,
      "K_Weyl": 2500.0,
      "ratio": 0.16698472616202142,
      "deficit": 0.8330152738379786
    },
    {
      "N_rho": 50,
      "a": 0.2,
      "K_discrete": 717.0086364571644,
      "K_Weyl": 2500.0,
      "ratio": 0.28680345458286577,
      "deficit": 0.7131965454171343
    },
    {
      "N_rho": 100,
      "a": 0.1,
      "K_discrete": 680.1377600110872,
      "K_Weyl": 2500.0,
      "ratio": 0.27205510400443483,
      "deficit": 0.7279448959955652
    },
    {
      "N_rho": 200,
      "a": 0.05,
      "K_discrete": 628.5631241712033,
      "K_Weyl": 2500.0,
      "ratio": 0.25142524966848134,
      "deficit": 0.7485747503315187
    },
    {
      "N_rho": 400,
      "a": 0.025,
      "K_discrete": 618.7900908513354,
      "K_Weyl": 2500.0,
      "ratio": 0.24751603634053418,
      "deficit": 0.7524839636594658
    }
  ],
  "convergence_rate": 0.023731230048843758,
  "verdict": "POSITIVE-G4-3d-CONVERGING"
}