{
  "hermiticity_residuals": {
    "m=0": 0.0,
    "m=1": 0.0,
    "m=2": 0.0,
    "m=5": 0.0
  },
  "bessel_check": {
    "m=0": {
      "discrete": [
        0.2729041993945954,
        1.3012511326455676,
        3.092608057518022,
        5.637625181293556,
        8.925116660024779
      ],
      "bessel": [
        0.23132743851787133,
        1.2188504937464835,
        2.9954802716278075,
        5.561611377058394,
        8.917292144705367
      ],
      "rel_err": [
        0.17973121192673416,
        0.067605206152727,
        0.032424779027983165,
        0.013667586438836424,
        0.0008774541859164293
      ]
    },
    "m=1": {
      "discrete": [
        0.5641287932390262,
        1.8890132748499917,
        3.965448094828854,
        6.785496723177955,
        10.338569459987463
      ],
      "bessel": [
        0.5872788256849557,
        1.9687382528677841,
        4.139978155805463,
        7.100830672552187,
        10.851266170914936
      ],
      "rel_err": [
        -0.039419150552429894,
        -0.04049546855792545,
        -0.042157241997005865,
        -0.04440803673760804,
        -0.04724763938623808
      ]
    },
    "m=2": {
      "discrete": [
        1.013631132282175,
        2.720158350431,
        5.175341528269579,
        8.372071198376466,
        12.299383627192862
      ],
      "bessel": [
        1.054984657086536,
        2.8339999567638356,
        5.4008283546388185,
        8.75680756582654,
        12.90220465170179
      ],
      "rel_err": [
        -0.03919822390456717,
        -0.0401699393329675,
        -0.04175041522576202,
        -0.043935688269719275,
        -0.046722326980716204
      ]
    }
  },
  "heat_trace_cigar": [
    {
      "t": 0.1,
      "K_disk": 36.35295324092363,
      "K_S2": 28.546954456409342,
      "K_cigar": 1037.7661005246252,
      "K_continuum": 2500.0,
      "ratio": 0.4151064402098501
    },
    {
      "t": 0.5,
      "K_disk": 9.217174727825684,
      "K_S2": 8.325824165178846,
      "K_cigar": 76.74057608360683,
      "K_continuum": 100.0,
      "ratio": 0.7674057608360683
    },
    {
      "t": 1.0,
      "K_disk": 4.276251702125572,
      "K_S2": 4.350835683360039,
      "K_cigar": 18.60526849663704,
      "K_continuum": 25.0,
      "ratio": 0.7442107398654817
    },
    {
      "t": 5.0,
      "K_disk": 0.3897148066559951,
      "K_S2": 1.249022559163671,
      "K_cigar": 0.4867625851534463,
      "K_continuum": 1.0,
      "ratio": 0.4867625851534463
    }
  ],
  "convergence": [
    {
      "N_rho": 20,
      "a": 0.5,
      "R": 10.0,
      "lambda_discrete": 0.06645366853087907,
      "lambda_target": 0.05783185962946783,
      "rel_err": 0.14908406813565536
    },
    {
      "N_rho": 50,
      "a": 0.2,
      "R": 10.0,
      "lambda_discrete": 0.06822604984864886,
      "lambda_target": 0.05783185962946783,
      "rel_err": 0.17973121192673416
    },
    {
      "N_rho": 100,
      "a": 0.1,
      "R": 10.0,
      "lambda_discrete": 0.06821890179599188,
      "lambda_target": 0.05783185962946783,
      "rel_err": 0.17960761132487263
    },
    {
      "N_rho": 200,
      "a": 0.05,
      "R": 10.0,
      "lambda_discrete": 0.06776658418404094,
      "lambda_target": 0.05783185962946783,
      "rel_err": 0.17178635821544527
    }
  ],
  "verdict": "POSITIVE-CLEANUP"
}