{
  "finite_difference_data": {
    "1": {
      "alpha_plus": 1.0083333333333333,
      "alpha_minus": 0.9916666666666667,
      "eps": 0.008333333333333304,
      "K_plus": 42.35460304447891,
      "K_minus": 41.65199824864428,
      "dK_dalpha": 42.15628775007759,
      "tip_term": 0.15297860583406475,
      "tip_recovery_vs_1_6": 0.9178716350043885
    },
    "2": {
      "alpha_plus": 1.0166666666666666,
      "alpha_minus": 0.9833333333333333,
      "eps": 0.016666666666666663,
      "K_plus": 42.705880220607895,
      "K_minus": 41.30067008134924,
      "dK_dalpha": 42.1563041777597,
      "tip_term": 0.15299503351617716,
      "tip_recovery_vs_1_6": 0.917970201097063
    },
    "4": {
      "alpha_plus": 1.0333333333333334,
      "alpha_minus": 0.9666666666666667,
      "eps": 0.03333333333333338,
      "K_plus": 43.40838546121983,
      "K_minus": 40.59796079861519,
      "dK_dalpha": 42.15636993906952,
      "tip_term": 0.153060794825997,
      "tip_recovery_vs_1_6": 0.918364768955982
    },
    "6": {
      "alpha_plus": 1.05,
      "alpha_minus": 0.95,
      "eps": 0.050000000000000044,
      "K_plus": 44.11082694236849,
      "K_minus": 39.895178970545665,
      "dK_dalpha": 42.15647971822822,
      "tip_term": 0.15317057398469558,
      "tip_recovery_vs_1_6": 0.9190234439081735
    },
    "12": {
      "alpha_plus": 1.1,
      "alpha_minus": 0.9,
      "eps": 0.10000000000000003,
      "K_plus": 46.21778861136849,
      "K_minus": 37.78637332375682,
      "dK_dalpha": 42.15707643805834,
      "tip_term": 0.15376729381481624,
      "tip_recovery_vs_1_6": 0.9226037628888974
    },
    "24": {
      "alpha_plus": 1.2,
      "alpha_minus": 0.8,
      "eps": 0.19999999999999996,
      "K_plus": 50.43024399762328,
      "K_minus": 33.566429978042294,
      "dK_dalpha": 42.15953504895247,
      "tip_term": 0.15622590470894693,
      "tip_recovery_vs_1_6": 0.9373554282536816
    }
  },
  "smallest_eps_tip_term": 0.15297860583406475,
  "smallest_eps_recovery": 0.9178716350043885,
  "cross_t": {
    "0.5": {
      "K_disk": 90.03106794322123,
      "dK_dalpha": 90.17948242390997,
      "tip_term": 0.14841448068874286,
      "recovery_vs_1_6": 0.8904868841324571
    },
    "1.0": {
      "K_disk": 42.003309144243524,
      "dK_dalpha": 42.15707643805834,
      "tip_term": 0.15376729381481624,
      "recovery_vs_1_6": 0.9226037628888974
    },
    "2.0": {
      "K_disk": 19.106773599484253,
      "dK_dalpha": 19.26441713280588,
      "tip_term": 0.15764353332162884,
      "recovery_vs_1_6": 0.945861199929773
    },
    "5.0": {
      "K_disk": 6.214687961087619,
      "dK_dalpha": 6.375844758042651,
      "tip_term": 0.16115679695503182,
      "recovery_vs_1_6": 0.9669407817301909
    }
  },
  "verdict": "POSITIVE-G4-4f-VERIFIED"
}