{
  "sweep": {
    "1.0": {
      "metrics": {
        "r_min": 1.044030650891055,
        "r_max": 6.082762530298219,
        "r_h": 1.0,
        "R_cutoff": 6.0,
        "warp_range": 5.038731879407164,
        "mass_deviation_integral": -0.7900606675429008,
        "r_prime_squared_mean": 0.7900606675429008,
        "r_prime_over_r_squared_mean": 0.10427084029449718,
        "rho_squared_mean": 12.914999999999997
      },
      "t_data": {
        "0.1": {
          "K_var": 7852.358948926625,
          "K_const": 3798.7373457131016,
          "Delta_fact": 4053.6216032135235,
          "Delta_over_K_const": 1.0670970994580766
        },
        "0.5": {
          "K_var": 1668.1694266062202,
          "K_const": 228.5354234402013,
          "Delta_fact": 1439.6340031660188,
          "Delta_over_K_const": 6.299391059358963
        },
        "1.0": {
          "K_var": 640.633492753344,
          "K_const": 51.46659514144506,
          "Delta_fact": 589.1668976118989,
          "Delta_over_K_const": 11.447559256498282
        }
      }
    },
    "2.0": {
      "metrics": {
        "r_min": 2.0223748416156684,
        "r_max": 6.324555320336759,
        "r_h": 2.0,
        "R_cutoff": 6.0,
        "warp_range": 4.302180478721091,
        "mass_deviation_integral": -0.15154722392866635,
        "r_prime_squared_mean": 0.6061888957146654,
        "r_prime_over_r_squared_mean": 0.04009857545353197,
        "rho_squared_mean": 12.914999999999997
      },
      "t_data": {
        "0.1": {
          "K_var": 8223.955265841898,
          "K_const": 6989.598546431694,
          "Delta_fact": 1234.3567194102043,
          "Delta_over_K_const": 0.17659908665861274
        },
        "0.5": {
          "K_var": 1831.762396751393,
          "K_const": 904.9630078190867,
          "Delta_fact": 926.7993889323063,
          "Delta_over_K_const": 1.0241295842200713
        },
        "1.0": {
          "K_var": 725.1945082971109,
          "K_const": 242.02994116807747,
          "Delta_fact": 483.16456712903346,
          "Delta_over_K_const": 1.9963008080620086
        }
      }
    },
    "5.0": {
      "metrics": {
        "r_min": 5.008991914547277,
        "r_max": 7.810249675906654,
        "r_h": 5.0,
        "R_cutoff": 6.0,
        "warp_range": 2.801257761359377,
        "mass_deviation_integral": -0.011392259874034005,
        "r_prime_squared_mean": 0.2848064968508502,
        "r_prime_over_r_squared_mean": 0.006645389105739153,
        "rho_squared_mean": 12.914999999999997
      },
      "t_data": {
        "0.1": {
          "K_var": 8654.108498672143,
          "K_const": 8544.016430088663,
          "Delta_fact": 110.0920685834808,
          "Delta_over_K_const": 0.012885282874197183
        },
        "0.5": {
          "K_var": 2204.40280757926,
          "K_const": 2064.3393874234202,
          "Delta_fact": 140.0634201558396,
          "Delta_over_K_const": 0.06784902764010041
        },
        "1.0": {
          "K_var": 989.913289682139,
          "K_const": 872.9353806950538,
          "Delta_fact": 116.97790898708513,
          "Delta_over_K_const": 0.13400523288899607
        }
      }
    },
    "10.0": {
      "metrics": {
        "r_min": 10.004498987955369,
        "r_max": 11.6619037896906,
        "r_h": 10.0,
        "R_cutoff": 6.0,
        "warp_range": 1.6574048017352307,
        "mass_deviation_integral": -0.0010599958360803078,
        "r_prime_squared_mean": 0.10599958360803075,
        "r_prime_over_r_squared_mean": 0.0008760660765474205,
        "rho_squared_mean": 12.914999999999997
      },
      "t_data": {
        "0.1": {
          "K_var": 8812.778980696741,
          "K_const": 8802.237087825928,
          "Delta_fact": 10.541892870813172,
          "Delta_over_K_const": 0.0011976379147288934
        },
        "0.5": {
          "K_var": 2399.7924738627194,
          "K_const": 2384.893335905428,
          "Delta_fact": 14.89913795729126,
          "Delta_over_K_const": 0.006247297408642714
        },
        "1.0": {
          "K_var": 1166.1230383088382,
          "K_const": 1151.9179550005852,
          "Delta_fact": 14.205083308253052,
          "Delta_over_K_const": 0.01233167974037338
        }
      }
    },
    "20.0": {
      "metrics": {
        "r_min": 20.002249873451735,
        "r_max": 20.8806130178211,
        "r_h": 20.0,
        "R_cutoff": 6.0,
        "warp_range": 0.8783631443693665,
        "mass_deviation_integral": -7.643284002916704e-05,
        "r_prime_squared_mean": 0.030573136011666745,
        "r_prime_over_r_squared_mean": 7.241465063677893e-05,
        "rho_squared_mean": 12.914999999999997
      },
      "t_data": {
        "0.1": {
          "K_var": 8869.14303756737,
          "K_const": 8868.377293356305,
          "Delta_fact": 0.7657442110648844,
          "Delta_over_K_const": 8.634547062386909e-05
        },
        "0.5": {
          "K_var": 2476.2665567724052,
          "K_const": 2475.1531073696488,
          "Delta_fact": 1.113449402756487,
          "Delta_over_K_const": 0.0004498507180995168
        },
        "1.0": {
          "K_var": 1240.988070026427,
          "K_const": 1239.8838392730709,
          "Delta_fact": 1.1042307533562052,
          "Delta_over_K_const": 0.0008905921009532656
        }
      }
    },
    "50.0": {
      "metrics": {
        "r_min": 50.00089999190014,
        "r_max": 50.35871324805669,
        "r_h": 50.0,
        "R_cutoff": 6.0,
        "warp_range": 0.3578132561565468,
        "mass_deviation_integral": -2.04786813575263e-06,
        "r_prime_squared_mean": 0.005119670339381549,
        "r_prime_over_r_squared_mean": 2.029533597696189e-06,
        "rho_squared_mean": 12.914999999999997
      },
      "t_data": {
        "0.1": {
          "K_var": 8887.032893823494,
          "K_const": 8887.012335160713,
          "Delta_fact": 0.020558662781695602,
          "Delta_over_K_const": 2.3133379370204082e-06
        },
        "0.5": {
          "K_var": 2501.2521280256296,
          "K_const": 2501.2219903043697,
          "Delta_fact": 0.030137721259961836,
          "Delta_over_K_const": 1.2049198902291126e-05
        },
        "1.0": {
          "K_var": 1266.11120122088,
          "K_const": 1266.0809604517574,
          "Delta_fact": 0.030240769122656275,
          "Delta_over_K_const": 2.3885335983463408e-05
        }
      }
    },
    "100.0": {
      "metrics": {
        "r_min": 100.00044999898749,
        "r_max": 100.17983829094554,
        "r_h": 100.0,
        "R_cutoff": 6.0,
        "warp_range": 0.17938829195804828,
        "mass_deviation_integral": -1.2885810694444784e-07,
        "r_prime_squared_mean": 0.0012885810694445031,
        "r_prime_over_r_squared_mean": 1.2856699826346272e-07,
        "rho_squared_mean": 12.914999999999997
      },
      "t_data": {
        "0.1": {
          "K_var": 8889.679932787312,
          "K_const": 8889.67863879624,
          "Delta_fact": 0.0012939910720888292,
          "Delta_over_K_const": 1.4556106296594428e-07
        },
        "0.5": {
          "K_var": 2504.9771285491984,
          "K_const": 2504.9752294246446,
          "Delta_fact": 0.001899124553801812,
          "Delta_over_K_const": 7.581410512542324e-07
        },
        "1.0": {
          "K_var": 1269.883957632247,
          "K_const": 1269.8820487629457,
          "Delta_fact": 0.0019088693013600277,
          "Delta_over_K_const": 1.5031863023967862e-06
        }
      }
    },
    "200.0": {
      "metrics": {
        "r_min": 200.00022499987344,
        "r_max": 200.08997975910736,
        "r_h": 200.0,
        "R_cutoff": 6.0,
        "warp_range": 0.0897547592339265,
        "mass_deviation_integral": -8.067304958919177e-09,
        "r_prime_squared_mean": 0.00032269219835677357,
        "r_prime_over_r_squared_mean": 8.062737995282895e-09,
        "rho_squared_mean": 12.914999999999997
      },
      "t_data": {
        "0.1": {
          "K_var": 8890.345458212558,