{
  "sweep_alpha_lt1": {
    "1/8": {
      "alpha": 0.125,
      "N_phi": 15,
      "slopes": {
        "0.1": {
          "slope": -0.0836048771352237,
          "recovery": 1.0032585256226845
        },
        "0.5": {
          "slope": -0.08347418358569494,
          "recovery": 1.0016902030283394
        },
        "1.0": {
          "slope": -0.08345592934914914,
          "recovery": 1.0014711521897897
        },
        "2.0": {
          "slope": -0.0830429683765005,
          "recovery": 0.9965156205180061
        },
        "5.0": {
          "slope": -0.06786848978997041,
          "recovery": 0.814421877479645
        },
        "10.0": {
          "slope": -0.035238197427837986,
          "recovery": 0.42285836913405583
        }
      }
    },
    "1/6": {
      "alpha": 0.16666666666666666,
      "N_phi": 20,
      "slopes": {
        "0.1": {
          "slope": -0.0835686069416795,
          "recovery": 1.002823283300154
        },
        "0.5": {
          "slope": -0.08342952794445639,
          "recovery": 1.0011543353334769
        },
        "1.0": {
          "slope": -0.08341225228282358,
          "recovery": 1.000947027393883
        },
        "2.0": {
          "slope": -0.08339545440152553,
          "recovery": 1.0007454528183064
        },
        "5.0": {
          "slope": -0.0794970175235008,
          "recovery": 0.9539642102820096
        },
        "10.0": {
          "slope": -0.054230283708372753,
          "recovery": 0.6507634045004731
        }
      }
    },
    "1/5": {
      "alpha": 0.2,
      "N_phi": 24,
      "slopes": {
        "0.1": {
          "slope": -0.08355442739020151,
          "recovery": 1.0026531286824183
        },
        "0.5": {
          "slope": -0.08341199601774966,
          "recovery": 1.0009439522129961
        },
        "1.0": {
          "slope": -0.08339431304865734,
          "recovery": 1.0007317565838882
        },
        "2.0": {
          "slope": -0.08338527288470585,
          "recovery": 1.0006232746164703
        },
        "5.0": {
          "slope": -0.08234443858122154,
          "recovery": 0.9881332629746584
        },
        "10.0": {
          "slope": -0.06562512384060323,
          "recovery": 0.7875014860872388
        }
      }
    },
    "1/4": {
      "alpha": 0.25,
      "N_phi": 30,
      "slopes": {
        "0.1": {
          "slope": -0.08353264472947709,
          "recovery": 1.0023917367537252
        },
        "0.5": {
          "slope": -0.08339557905511678,
          "recovery": 1.0007469486614016
        },
        "1.0": {
          "slope": -0.08337859586681352,
          "recovery": 1.0005431504017623
        },
        "2.0": {
          "slope": -0.08337011845541084,
          "recovery": 1.0004414214649302
        },
        "5.0": {
          "slope": -0.08325610740508532,
          "recovery": 0.9990732888610239
        },
        "10.0": {
          "slope": -0.07577675573450053,
          "recovery": 0.9093210688140064
        }
      }
    },
    "1/3": {
      "alpha": 0.3333333333333333,
      "N_phi": 40,
      "slopes": {
        "0.1": {
          "slope": -0.0834288555527074,
          "recovery": 1.0011462666324888
        },
        "0.5": {
          "slope": -0.08336548990999315,
          "recovery": 1.0003858789199178
        },
        "1.0": {
          "slope": -0.08335771295030825,
          "recovery": 1.000292555403699
        },
        "2.0": {
          "slope": -0.08335383980503841,
          "recovery": 1.000246077660461
        },
        "5.0": {
          "slope": -0.08334938087242236,
          "recovery": 1.0001925704690684
        },
        "10.0": {
          "slope": -0.08165189745586755,
          "recovery": 0.9798227694704107
        }
      }
    },
    "2/5": {
      "alpha": 0.4,
      "N_phi": 48,
      "slopes": {
        "0.1": {
          "slope": -0.08316359794586484,
          "recovery": 0.997963175350378
        },
        "0.5": {
          "slope": -0.08330596333071041,
          "recovery": 0.999671559968525
        },
        "1.0": {
          "slope": -0.08332519889760041,
          "recovery": 0.999902386771205
        },
        "2.0": {
          "slope": -0.08333509614403531,
          "recovery": 1.0000211537284238
        },
        "5.0": {
          "slope": -0.08334102765739876,
          "recovery": 1.000092331888785
        },
        "10.0": {
          "slope": -0.0827397941113393,
          "recovery": 0.9928775293360717
        }
      }
    },
    "1/2": {
      "alpha": 0.5,
      "N_phi": 60,
      "slopes": {
        "0.1": {
          "slope": -0.08208713858073224,
          "recovery": 0.9850456629687869
        },
        "0.5": {
          "slope": -0.08302822176495302,
          "recovery": 0.9963386611794363
        },
        "1.0": {
          "slope": -0.08317138249678162,
          "recovery": 0.9980565899613795
        },
        "2.0": {
          "slope": -0.08324972633107208,
          "recovery": 0.998996715972865
        },
        "5.0": {
          "slope": -0.08330126483586782,
          "recovery": 0.9996151780304139
        },
        "10.0": {
          "slope": -0.08310389627112746,
          "recovery": 0.9972467552535296
        }
      }
    },
    "3/5": {
      "alpha": 0.6,
      "N_phi": 72,
      "slopes": {
        "0.1": {
          "slope": -0.0798505425733431,
          "recovery": 0.9582065108801173
        },
        "0.5": {
          "slope": -0.08230616355143548,
          "recovery": 0.9876739626172258
        },
        "1.0": {
          "slope": -0.08273510443725594,
          "recovery": 0.9928212532470714
        },
        "2.0": {
          "slope": -0.08298802677587867,
          "recovery": 0.9958563213105441
        },
        "5.0": {
          "slope": -0.08316910075538918,
          "recovery": 0.9980292090646702
        },
        "10.0": {
          "slope": -0.08311500907679333,
          "recovery": 0.99738010892152
        }
      }
    },
    "2/3": {
      "alpha": 0.6666666666666666,
      "N_phi": 80,
      "slopes": {
        "0.1": {
          "slope": -0.07770131405472966,
          "recovery": 0.9324157686567559
        },
        "0.5": {
          "slope": -0.08148771257208694,
          "recovery": 0.9778525508650433
        },
        "1.0": {
          "slope": -0.0822058054372576,
          "recovery": 0.9864696652470912
        },
        "2.0": {
          "slope": -0.08264881724325121,
          "recovery": 0.9917858069190145
        },
        "5.0": {
          "slope": -0.08298280858738884,
          "recovery": 0.9957937030486661
        },
        "10.0": {
          "slope": -0.08302152123332363,
          "recovery": 0.9962582547998835
        }
      }
    },
    "3/4": {
      "alpha": 0.75,
      "N_phi": 90,
      "slopes": {
        "0.1": {
          "slope": -0.07442517011018676,
          "recovery": 0.8931020413222411
        },
        "0.5": {
          "slope": -0.08006350956536934,
          "recovery": 0.9607621147844321
        },
        "1.0": {
          "slope": -0.08123242293096464,
          "recovery": 0.9747890751715756
        },
        "2.0": {
          "slope": -0.08198996304486986,
          "recovery": 0.9838795565384383
        },
        "5.0": {
          "slope": -0.08259418553575111,
          "recovery": 0.9911302264290134
        },
        "10.0": {
          "slope": -0.08277955847337397,
          "recovery": 0.9933547016804877
        }
      }
    },
    "4/5": {
      "alpha": 0.8,
      "N_phi": 96,
      "slopes": {
        "0.1": {
          "slope": -0.0722379288271845,
          "recovery": 0.8668551459262139
        },
        "0.5": {
          "slope": -0.079011531210761,
          "recovery": 0.9481383745291321
        },
        "1.0": {
          "slope": -0.08048297189450043,
          "recovery": 0.9657956627340052
        },
        "2.0": {
          "slope": -0.08146156813087342,