{
  "F6_extension_constant_warp": {
    "small": {
      "0.1": {
        "K_lvl15_const": 2140.697733333919,
        "K_lvl1_const": 2140.697733333919,
        "K_g4_4a": 2140.6977333339196,
        "rel_err_lvl15": 2.1242950081431685e-16,
        "rel_err_lvl1": 2.1242950081431685e-16,
        "passed": true
      },
      "0.5": {
        "K_lvl15_const": 284.92495307520574,
        "K_lvl1_const": 284.92495307520574,
        "K_g4_4a": 284.92495307520585,
        "rel_err_lvl15": 3.9900625232921746e-16,
        "rel_err_lvl1": 3.9900625232921746e-16,
        "passed": true
      },
      "1.0": {
        "K_lvl15_const": 79.68126437216416,
        "K_lvl1_const": 79.68126437216416,
        "K_g4_4a": 79.68126437216421,
        "rel_err_lvl15": 5.35038750721672e-16,
        "rel_err_lvl1": 5.35038750721672e-16,
        "passed": true
      }
    },
    "medium": {
      "0.1": {
        "K_lvl15_const": 6989.598546431695,
        "K_lvl1_const": 6989.598546431695,
        "K_g4_4a": 6989.598546431694,
        "rel_err_lvl15": 1.3012116443186003e-16,
        "rel_err_lvl1": 1.3012116443186003e-16,
        "passed": true
      },
      "0.5": {
        "K_lvl15_const": 904.9630078190863,
        "K_lvl1_const": 904.9630078190863,
        "K_g4_4a": 904.9630078190867,
        "rel_err_lvl15": 3.768778504955534e-16,
        "rel_err_lvl1": 3.768778504955534e-16,
        "passed": true
      },
      "1.0": {
        "K_lvl15_const": 242.02994116807758,
        "K_lvl1_const": 242.02994116807758,
        "K_g4_4a": 242.02994116807747,
        "rel_err_lvl15": 4.697222053310598e-16,
        "rel_err_lvl1": 4.697222053310598e-16,
        "passed": true
      }
    }
  },
  "quant_variable_warp": {
    "rh_5": {
      "spin_conn_sq_mean": 0.006634651958198368,
      "0.1": {
        "K_lvl15": 8647.616237918277,
        "K_lvl1": 8654.108498672143,
        "Delta_lvl1_minus_lvl15": 6.492260753866503,
        "ratio_lvl15_over_lvl1": 0.9992498059442099
      },
      "0.5": {
        "K_lvl15": 2195.503181723921,
        "K_lvl1": 2204.40280757926,
        "Delta_lvl1_minus_lvl15": 8.899625855338854,
        "ratio_lvl15_over_lvl1": 0.9959627950823053
      },
      "1.0": {
        "K_lvl15": 981.774999933688,
        "K_lvl1": 989.913289682139,
        "Delta_lvl1_minus_lvl15": 8.138289748450916,
        "ratio_lvl15_over_lvl1": 0.991778785239802
      }
    },
    "rh_2": {
      "spin_conn_sq_mean": 0.04023365988286088,
      "0.1": {
        "K_lvl15": 8189.592790773867,
        "K_lvl1": 8223.955265841898,
        "Delta_lvl1_minus_lvl15": 34.36247506803102,
        "ratio_lvl15_over_lvl1": 0.9958216607511527
      },
      "0.5": {
        "K_lvl15": 1794.7138595319739,
        "K_lvl1": 1831.762396751393,
        "Delta_lvl1_minus_lvl15": 37.04853721941913,
        "ratio_lvl15_over_lvl1": 0.9797743761499176
      },
      "1.0": {
        "K_lvl15": 696.5665615702064,
        "K_lvl1": 725.1945082971109,
        "Delta_lvl1_minus_lvl15": 28.627946726904497,
        "ratio_lvl15_over_lvl1": 0.9605237679003829
      }
    },
    "rh_1": {
      "spin_conn_sq_mean": 0.10691564699440151,
      "0.1": {
        "K_lvl15": 7784.887264227882,
        "K_lvl1": 7852.358948926625,
        "Delta_lvl1_minus_lvl15": 67.47168469874305,
        "ratio_lvl15_over_lvl1": 0.9914074630136507
      },
      "0.5": {
        "K_lvl15": 1612.8629631523445,
        "K_lvl1": 1668.1694266062202,
        "Delta_lvl1_minus_lvl15": 55.30646345387572,
        "ratio_lvl15_over_lvl1": 0.9668460154155966
      },
      "1.0": {
        "K_lvl15": 601.913722900786,
        "K_lvl1": 640.633492753344,
        "Delta_lvl1_minus_lvl15": 38.71976985255799,
        "ratio_lvl15_over_lvl1": 0.9395601848942577
      }
    },
    "rh_05": {
      "spin_conn_sq_mean": 0.2557051151201413,
      "0.1": {
        "K_lvl15": 7538.059209821935,
        "K_lvl1": 7630.827492455819,
        "Delta_lvl1_minus_lvl15": 92.76828263388416,
        "ratio_lvl15_over_lvl1": 0.9878429590073162
      },
      "0.5": {
        "K_lvl15": 1550.2999535205458,
        "K_lvl1": 1613.3651039636427,
        "Delta_lvl1_minus_lvl15": 63.065150443096854,
        "ratio_lvl15_over_lvl1": 0.9609108004826922
      },
      "1.0": {
        "K_lvl15": 573.055342980919,
        "K_lvl1": 615.4014500205519,
        "Delta_lvl1_minus_lvl15": 42.3461070396329,
        "ratio_lvl15_over_lvl1": 0.9311894584612715
      }
    }
  },
  "scaling_fit": {
    "slope": 0.5531890971743018,
    "intercept": 5.124596729986277
  },
  "verdict": "POSITIVE-G4-4b-d-FIRST-MOVE-VERIFIED",
  "F6_all": true,
  "sign_correct": true
}