{
  "setup": {
    "R": 10.0,
    "a": 0.05,
    "N_rho": 200,
    "N_0_values": [
      120,
      240,
      480
    ],
    "t_focus": 1.0
  },
  "sweep": {
    "120": {
      "1/3": {
        "alpha": 0.3333333333333333,
        "N_phi": 40,
        "delta": -0.22228723453415533,
        "1/a-a": 2.6666666666666665,
        "slope": -0.08335771295030825,
        "deviation_from_minus_1_over_12": -2.4379616974920526e-05
      },
      "1/2": {
        "alpha": 0.5,
        "N_phi": 60,
        "delta": -0.12475707374517242,
        "1/a-a": 1.5,
        "slope": -0.08317138249678162,
        "deviation_from_minus_1_over_12": 0.00016195083655171083
      },
      "2/3": {
        "alpha": 0.6666666666666666,
        "N_phi": 80,
        "delta": -0.06850483786438133,
        "1/a-a": 0.8333333333333334,
        "slope": -0.0822058054372576,
        "deviation_from_minus_1_over_12": 0.0011275278960757307
      },
      "3/2": {
        "alpha": 1.5,
        "N_phi": 180,
        "delta": 0.053881227670061094,
        "1/a-a": -0.8333333333333334,
        "slope": -0.0646574732040733,
        "deviation_from_minus_1_over_12": 0.018675860129260022
      },
      "2": {
        "alpha": 2.0,
        "N_phi": 240,
        "delta": 0.08433686779575567,
        "1/a-a": -1.5,
        "slope": -0.05622457853050378,
        "deviation_from_minus_1_over_12": 0.02710875480282955
      },
      "3": {
        "alpha": 3.0,
        "N_phi": 360,
        "delta": 0.1302079135513594,
        "1/a-a": -2.6666666666666665,
        "slope": -0.04882796758175978,
        "deviation_from_minus_1_over_12": 0.03450536575157355
      }
    },
    "240": {
      "1/3": {
        "alpha": 0.3333333333333333,
        "N_phi": 80,
        "delta": -0.22225402314252207,
        "1/a-a": 2.6666666666666665,
        "slope": -0.08334525867844578,
        "deviation_from_minus_1_over_12": -1.1925345112448471e-05
      },
      "1/2": {
        "alpha": 0.5,
        "N_phi": 120,
        "delta": -0.12474795956715568,
        "1/a-a": 1.5,
        "slope": -0.08316530637810378,
        "deviation_from_minus_1_over_12": 0.0001680269552295499
      },
      "2/3": {
        "alpha": 0.6666666666666666,
        "N_phi": 160,
        "delta": -0.06850176998952406,
        "1/a-a": 0.8333333333333334,
        "slope": -0.08220212398742888,
        "deviation_from_minus_1_over_12": 0.001131209345904452
      },
      "3/2": {
        "alpha": 1.5,
        "N_phi": 360,
        "delta": 0.05387982804267466,
        "1/a-a": -0.8333333333333334,
        "slope": -0.06465579365120959,
        "deviation_from_minus_1_over_12": 0.01867753968212374
      },
      "2": {
        "alpha": 2.0,
        "N_phi": 480,
        "delta": 0.08433435920382237,
        "1/a-a": -1.5,
        "slope": -0.05622290613588158,
        "deviation_from_minus_1_over_12": 0.02711042719745175
      },
      "3": {
        "alpha": 3.0,
        "N_phi": 720,
        "delta": 0.1302037462568535,
        "1/a-a": -2.6666666666666665,
        "slope": -0.04882640484632006,
        "deviation_from_minus_1_over_12": 0.03450692848701327
      }
    },
    "480": {
      "1/3": {
        "alpha": 0.3333333333333333,
        "N_phi": 160,
        "delta": -0.22224572157266032,
        "1/a-a": 2.6666666666666665,
        "slope": -0.08334214558974762,
        "deviation_from_minus_1_over_12": -8.81225641428951e-06
      },
      "1/2": {
        "alpha": 0.5,
        "N_phi": 240,
        "delta": -0.12474568117258755,
        "1/a-a": 1.5,
        "slope": -0.0831637874483917,
        "deviation_from_minus_1_over_12": 0.00016954588494162703
      },
      "2/3": {
        "alpha": 0.6666666666666666,
        "N_phi": 320,
        "delta": -0.06850100305923945,
        "1/a-a": 0.8333333333333334,
        "slope": -0.08220120367108734,
        "deviation_from_minus_1_over_12": 0.0011321296622459898
      },
      "3/2": {
        "alpha": 1.5,
        "N_phi": 720,
        "delta": 0.053879478166642514,
        "1/a-a": -0.8333333333333334,
        "slope": -0.06465537379997101,
        "deviation_from_minus_1_over_12": 0.01867795953336232
      },
      "2": {
        "alpha": 2.0,
        "N_phi": 960,
        "delta": 0.0843337320819586,
        "1/a-a": -1.5,
        "slope": -0.056222488054639065,
        "deviation_from_minus_1_over_12": 0.027110845278694264
      },
      "3": {
        "alpha": 3.0,
        "N_phi": 1440,
        "delta": 0.1302027044829117,
        "1/a-a": -2.6666666666666665,
        "slope": -0.04882601418109189,
        "deviation_from_minus_1_over_12": 0.034507319152241436
      }
    }
  },
  "verdict": "PARTIAL-G4-4c-WEEK2",
  "mean_slope_gt1_finest": -0.05656795867856732,
  "recovery_gt1_finest": 0.6788155041428079
}