{
  "K_disk": {
    "0.1": 111.13209547217625,
    "0.5": 31.32784920285424,
    "1.0": 15.889404691065163
  },
  "sweep": {
    "2.0": {
      "R_over_r_h": 3.0,
      "ratios": {
        "0.1": 74.00162150187208,
        "0.5": 58.47073589030502,
        "1.0": 45.640130791363006
      }
    },
    "1.0": {
      "R_over_r_h": 6.0,
      "ratios": {
        "0.1": 70.65788614498494,
        "0.5": 53.24876967469045,
        "1.0": 40.31828159764734
      }
    },
    "0.5": {
      "R_over_r_h": 12.0,
      "ratios": {
        "0.1": 68.66447951002888,
        "0.5": 51.49938936173924,
        "1.0": 38.73030248682638
      }
    },
    "0.2": {
      "R_over_r_h": 30.0,
      "ratios": {
        "0.1": 67.88701926450058,
        "0.5": 50.95669267600318,
        "1.0": 38.248976480150446
      }
    },
    "0.1": {
      "R_over_r_h": 60.0,
      "ratios": {
        "0.1": 67.76475324337532,
        "0.5": 50.87528440028475,
        "1.0": 38.1770998492597
      }
    },
    "0.05": {
      "R_over_r_h": 120.0,
      "ratios": {
        "0.1": 67.73359460721963,
        "0.5": 50.85467901554992,
        "1.0": 38.15891754764815
      }
    },
    "0.02": {
      "R_over_r_h": 300.0,
      "ratios": {
        "0.1": 67.72482276036831,
        "0.5": 50.84888877083806,
        "1.0": 38.15380881036738
      }
    },
    "0.01": {
      "R_over_r_h": 600.0,
      "ratios": {
        "0.1": 67.72356788754476,
        "0.5": 50.848060824628185,
        "1.0": 38.153078332456076
      }
    }
  },
  "convergence_fit": {
    "slope": -0.0401936146409172,
    "intercept": -1.1390742913406608
  },
  "l_max_check": {
    "r_h": 0.02,
    "t": 0.5,
    "data": {
      "1": {
        "ratio": 19.95699561601016,
        "prediction": 24,
        "rel_err": -0.16845851599957662
      },
      "2": {
        "ratio": 35.13862397543223,
        "prediction": 48,
        "rel_err": -0.26794533384516184
      },
      "3": {
        "ratio": 50.84888877083806,
        "prediction": 80,
        "rel_err": -0.36438889036452426
      },
      "4": {
        "ratio": 65.61199352830114,
        "prediction": 120,
        "rel_err": -0.45323338726415713
      }
    }
  },
  "verdict": "PARTIAL-G4-4b-c",
  "saturation_predicted": 80
}