{
  "F6": {
    "0.005": {
      "K_disk": 7257.054237257785,
      "K_wedge_alpha1": 7257.054237257785,
      "rel_err": 0.0,
      "passed": true
    },
    "0.01": {
      "K_disk": 4386.6994229562015,
      "K_wedge_alpha1": 4386.6994229562015,
      "rel_err": 0.0,
      "passed": true
    },
    "0.05": {
      "K_disk": 1095.5977496010605,
      "K_wedge_alpha1": 1095.5977496010605,
      "rel_err": 0.0,
      "passed": true
    },
    "0.1": {
      "K_disk": 529.9056640274337,
      "K_wedge_alpha1": 529.9056640274337,
      "rel_err": 0.0,
      "passed": true
    },
    "0.5": {
      "K_disk": 90.03106794322123,
      "K_wedge_alpha1": 90.03106794322123,
      "rel_err": 0.0,
      "passed": true
    },
    "1.0": {
      "K_disk": 42.003309144243524,
      "K_wedge_alpha1": 42.003309144243524,
      "rel_err": 0.0,
      "passed": true
    }
  },
  "K_wedge_dirac": {
    "1/3": {
      "alpha": 0.3333333333333333,
      "N_phi": 40,
      "K": {
        "0.005": 2418.7892979198014,
        "0.01": 1462.0083469672768,
        "0.05": 364.97655424928263,
        "0.1": 176.41274439433732,
        "0.5": 29.78804800798043,
        "1.0": 13.778815813547018
      }
    },
    "1/2": {
      "alpha": 0.5,
      "N_phi": 60,
      "K": {
        "0.005": 3628.424414090394,
        "0.01": 2193.237181024631,
        "0.05": 547.6772281967602,
        "0.1": 264.82970130584573,
        "0.5": 44.890991638963186,
        "1.0": 20.87689749837659
      }
    },
    "2/3": {
      "alpha": 0.6666666666666666,
      "N_phi": 80,
      "K": {
        "0.005": 4838.000411217637,
        "0.01": 2924.4180326573805,
        "0.05": 730.3365294431725,
        "0.1": 353.20569158991015,
        "0.5": 59.95280553500408,
        "1.0": 27.933701258297965
      }
    },
    "1": {
      "alpha": 1.0,
      "N_phi": 120,
      "K": {
        "0.005": 7257.054237257785,
        "0.01": 4386.6994229562015,
        "0.05": 1095.5977496010605,
        "0.1": 529.9056640274337,
        "0.5": 90.03106794322123,
        "1.0": 42.003309144243524
      }
    },
    "3/2": {
      "alpha": 1.5,
      "N_phi": 180,
      "K": {
        "0.005": 10885.584784359266,
        "0.01": 6580.060526635137,
        "0.05": 1643.4271737175739,
        "0.1": 794.8960536206089,
        "0.5": 135.09661189012172,
        "1.0": 63.05884494403534
      }
    },
    "2": {
      "alpha": 2.0,
      "N_phi": 240,
      "K": {
        "0.005": 14514.113052700986,
        "0.01": 8773.414279488201,
        "0.05": 2191.2392525416844,
        "0.1": 1059.8663755175714,
        "0.5": 180.13902598706045,
        "1.0": 84.0909551562828
      }
    },
    "3": {
      "alpha": 3.0,
      "N_phi": 360,
      "K": {
        "0.005": 21771.169579053094,
        "0.01": 13160.121421692711,
        "0.05": 3286.859175906868,
        "0.1": 1589.8002768496096,
        "0.5": 270.2110983435268,
        "1.0": 126.14013534628192
      }
    }
  },
  "delta_K_dirac": {
    "1/3": {
      "alpha": 0.3333333333333333,
      "delta": {
        "0.005": -0.22878116612673693,
        "0.01": -0.2247940181237027,
        "0.05": -0.22269561773754276,
        "0.1": -0.22247694814055308,
        "0.5": -0.22230797309331507,
        "1.0": -0.22228723453415533
      }
    },
    "1/2": {
      "alpha": 0.5,
      "delta": {
        "0.005": -0.10270453849852856,
        "0.01": -0.11253045346984436,
        "0.05": -0.12164660377004566,
        "0.1": -0.12313070787109837,
        "0.5": -0.12454233264742953,
        "1.0": -0.12475707374517242
      }
    },
    "2/3": {
      "alpha": 0.6666666666666666,
      "delta": {
        "0.005": -0.035746954219575855,
        "0.01": -0.04824931342045602,
        "0.05": -0.06197029086786188,
        "0.1": -0.06475109504560805,
        "0.5": -0.06790642714340578,
        "1.0": -0.06850483786438133
      }
    },
    "1": {
      "alpha": 1.0,
      "delta": {
        "0.005": 0.0,
        "0.01": 0.0,
        "0.05": 0.0,
        "0.1": 0.0,
        "0.5": 0.0,
        "1.0": 0.0
      }
    },
    "3/2": {
      "alpha": 1.5,
      "delta": {
        "0.005": 0.003428472587984288,
        "0.01": 0.011392200834052346,
        "0.05": 0.030549315983080305,
        "0.1": 0.037557579458393775,
        "0.5": 0.050009975289867725,
        "1.0": 0.053881227670061094
      }
    },
    "2": {
      "alpha": 2.0,
      "delta": {
        "0.005": 0.00457818541690358,
        "0.01": 0.015433575797942467,
        "0.05": 0.0437533395634091,
        "0.1": 0.05504746270412397,
        "0.5": 0.0768901006179874,
        "1.0": 0.08433686779575567
      }
    },
    "3": {
      "alpha": 3.0,
      "delta": {
        "0.005": 0.00686727973879897,
        "0.01": 0.023152824105636682,
        "0.05": 0.06592710368659027,
        "0.1": 0.08328476730866896,
        "0.5": 0.11789451386312066,
        "1.0": 0.1302079135513594
      }
    }
  },
  "sign_test_t005": {
    "1/3": {
      "delta": -0.22878116612673693,
      "sign": "-",
      "predicted": "+",
      "match": false
    },
    "1/2": {
      "delta": -0.10270453849852856,
      "sign": "-",
      "predicted": "+",
      "match": false
    },
    "2/3": {
      "delta": -0.035746954219575855,
      "sign": "-",
      "predicted": "+",
      "match": false
    },
    "1": {
      "delta": 0.0,
      "sign": "0",
      "predicted": "0",
      "match": true
    },
    "3/2": {
      "delta": 0.003428472587984288,
      "sign": "+",
      "predicted": "-",
      "match": false
    },
    "2": {
      "delta": 0.00457818541690358,
      "sign": "+",
      "predicted": "-",
      "match": false
    },
    "3": {
      "delta": 0.00686727973879897,
      "sign": "+",
      "predicted": "-",
      "match": false
    }
  },
  "reciprocal_cancellation": {
    "1/3+3": {
      "0.005": {
        "d_inv": -0.22878116612673693,
        "d_n": 0.00686727973879897,
        "sum": -0.22191388638793796
      },
      "0.01": {
        "d_inv": -0.2247940181237027,
        "d_n": 0.023152824105636682,
        "sum": -0.20164119401806602
      },
      "0.05": {
        "d_inv": -0.22269561773754276,
        "d_n": 0.06592710368659027,
        "sum": -0.1567685140509525
      },
      "0.1": {
        "d_inv": -0.22247694814055308,
        "d_n": 0.08328476730866896,
        "sum": -0.13919218083188412
      },
      "0.5": {
        "d_inv": -0.22230797309331507,
        "d_n": 0.11789451386312066,
        "sum": -0.1044134592301944
      },
      "1.0": {
        "d_inv": -0.22228723453415533,
        "d_n": 0.1302079135513594,
        "sum": -0.09207932098279592
      }
    },
    "1/2+2": {
      "0.005": {
        "d_inv": -0.10270453849852856,
        "d_n": 0.00457818541690358,
        "sum": -0.09812635308162498
      },
      "0.01": {
        "d_inv": -0.11253045346984436,
        "d_n": 0.015433575797942467,
        "sum": -0.0970968776719019
      },
      "0.05": {
        "d_inv": -0.12164660377004566,
        "d_n": 0.0437533395634091,
        "sum": -0.07789326420663656
      },
      "0.1": {
        "d_inv": -0.12313070787109837,
        "d_n": 0.05504746270412397,
        "sum": -0.0680832451669744
      },
      "0.5": {
        "d_inv": -0.12454233264742953,
        "d_n": 0.0768901006179874,
        "sum": -0.04765223202944213
      },
      "1.0": {
        "d_inv": -0.12475707374517242,
        "d_n": 0.08433686779575567,
        "sum": -0.040420205949416754
      }
    },
    "2/3+3/2": {
      "0.005": {
        "d_inv": -0.035746954219575855,
        "d_n": 0.003428472587984288,
        "sum": -0.03231848163159157
      },
      "0.01": {
        "d_inv": -0.04824931342045602,
        "d_n": 0.011392200834052346,
        "sum": -0.03685711258640367
      },
      "0.05": {
        "d_inv": -0.06197029086786188,
        "d_n": 0.030549315983080305,
        "sum": -0.03142097488478157
      },
      "0.1": {
        "d_inv": -0.06475109504560805,
        "d_n": 0.037557579458393775,