{
  "t_grid": [
    0.005,
    0.01,
    0.02,
    0.03,
    0.05,
    0.075,
    0.1,
    0.15,
    0.2,
    0.3,
    0.5,
    0.75,
    1.0,
    1.5,
    2.0,
    3.0,
    5.0,
    7.5,
    10.0
  ],
  "K_disk": [
    9581.24691026087,
    5351.447397665322,
    2794.76800347321,
    1844.9280172918018,
    1063.5780038098533,
    681.430764170524,
    497.97815966676905,
    321.96486010664836,
    236.95321430268706,
    153.91542027758615,
    89.0710713671564,
    57.376071624447704,
    41.80841276897881,
    26.534003077349674,
    19.06724332200753,
    11.790637698590531,
    6.2104333004812196,
    3.5744240735595474,
    2.327914927970266
  ],
  "Lambda_values": [
    0.5,
    1.0,
    2.0,
    3.0,
    5.0,
    10.0
  ],
  "I_CC": [
    10593.02787014652,
    10398.525195797269,
    9801.338238773475,
    9040.942010629258,
    7342.871003927624,
    3631.9086657707367
  ],
  "fit_coefficients": {
    "c4": 0.7368698404686878,
    "c2": -140.89399844019653,
    "c0": 10353.91683333275,
    "c_minus_2": 74.49485066150764,
    "rms_residual": 68.47114205038616,
    "rank": 4
  },
  "fit_residuals": [
    -23.690920587241635,
    110.27064040273945,
    -19.416230911365346,
    -112.89249944874427,
    47.780687280396705,
    -2.0516767358558354
  ],
  "predictions": {
    "c4_predicted_4D_style": 2.5330295910584444,
    "c4_ratio_measured_predicted": 0.290904552820791,
    "c2_predicted_2D_Weyl": 50.0,
    "c2_ratio_measured_predicted": -2.8178799688039304
  },
  "fit_3param": {
    "c4": 0.8151268764963523,
    "c2": -150.10132392485926,
    "c0": 10494.927649913561,
    "rms_residual": 107.51583578835245
  },
  "fit_2D_small_Lambda": {
    "c2": -195.0440136663014,
    "c0": 10577.495988097056,
    "c_minus_2": 16.073221366508733,
    "rms_residual": 4.330060879233527e-12,
    "c2_pred_2D_Weyl": 50.0,
    "c2_ratio_2D": -3.900880273326028
  },
  "uv_aware_predictions": {
    "c0_pred_UV_cutoff_Weyl": 20000.0,
    "c2_pred_strict_2D_negative": -50.0,
    "c0_ratio_4param_to_UV_pred": 0.5176958416666375,
    "c2_ratio_4param_to_strict_pred": 2.8178799688039304,
    "c0_ratio_2D_small_Lambda_to_UV_pred": 0.5288747994048528,
    "c2_ratio_2D_small_Lambda_to_strict_pred": 3.900880273326028
  },
  "verdict": "POSITIVE-G4-5b-2D-WEYL",
  "c4_within_10pct_4D_pred": false,
  "c2_within_10pct_2D_pred": false,
  "c2_sign_OoM_correct": true
}