{
  "heat_trace_data": {
    "t_grid": [
      0.1,
      0.2,
      0.5,
      1.0,
      2.0,
      5.0,
      10.0,
      20.0
    ],
    "K_disk": [
      529.9056640274337,
      245.88496768885003,
      90.03106794322123,
      42.003309144243524,
      19.106773599484253,
      6.214687961087619,
      2.3285610491026434,
      0.6476529303966693
    ],
    "dK_dalpha": [
      530.0328955144349,
      246.02315680227966,
      90.17948242390997,
      42.15707643805834,
      19.26441713280588,
      6.375844758042651,
      2.491390998363169,
      0.7985827622024575
    ],
    "tip_term": [
      0.12723148700126785,
      0.13818911342963247,
      0.14841448068874286,
      0.15376729381481624,
      0.15764353332162884,
      0.16115679695503182,
      0.16282994926052563,
      0.15092983180578823
    ]
  },
  "integrate_results": {
    "0.5": {
      "J": 0.46090817842647785,
      "S_tip": 0.23045408921323893,
      "log_S_tip": -1.467703615502498
    },
    "1.0": {
      "J": 0.26064088565469207,
      "S_tip": 0.13032044282734603,
      "log_S_tip": -2.037758916694228
    },
    "1.5": {
      "J": 0.15753568926282577,
      "S_tip": 0.07876784463141288,
      "log_S_tip": -2.5412504284518236
    },
    "2.0": {
      "J": 0.0976827749788842,
      "S_tip": 0.0488413874894421,
      "log_S_tip": -3.019177221268422
    }
  },
  "verdict": "POSITIVE-G4-5a-FIRST-MOVE-VERIFIED",
  "S_finite": true,
  "S_positive": true
}