{
  "substrate": {
    "R": 10.0,
    "a": 0.05,
    "N_rho": 200,
    "N_0": 120,
    "alpha_plus": 1.1,
    "alpha_minus": 0.9,
    "eps": 0.10000000000000003
  },
  "heat_trace_data": {
    "t_grid": [
      0.1,
      0.2,
      0.5,
      1.0,
      2.0,
      5.0,
      10.0,
      20.0
    ],
    "K_disk": [
      529.9056640274337,
      245.88496768885003,
      90.03106794322123,
      42.003309144243524,
      19.106773599484253,
      6.214687961087619,
      2.3285610491026434,
      0.6476529303966693
    ],
    "K_plus": [
      582.9074028894057,
      270.48583127594725,
      99.0476970710045,
      46.21778861136849,
      21.03206573323066,
      6.851207016456751,
      2.5766864077703993,
      0.7266877805284047
    ],
    "K_minus": [
      476.9008237865187,
      221.2811999154913,
      81.0118005862225,
      37.78637332375682,
      17.17918230666948,
      5.576038064848221,
      2.0784082080977653,
      0.5669712280879131
    ],
    "dK_dalpha": [
      530.0328955144349,
      246.02315680227966,
      90.17948242390997,
      42.15707643805834,
      19.26441713280588,
      6.375844758042651,
      2.491390998363169,
      0.7985827622024575
    ],
    "tip_term": [
      0.12723148700126785,
      0.13818911342963247,
      0.14841448068874286,
      0.15376729381481624,
      0.15764353332162884,
      0.16115679695503182,
      0.16282994926052563,
      0.15092983180578823
    ]
  },
  "sweep": {
    "0.5": {
      "gauss": {
        "J": 0.46090817842647785,
        "S_tip": 0.23045408921323893,
        "log_S_tip": -1.467703615502498,
        "x_grid": [
          0.025,
          0.05,
          0.125,
          0.25,
          0.5,
          1.25,
          2.5,
          5.0
        ],
        "f_x": [
          0.9753099120283326,
          0.951229424500714,
          0.8824969025845955,
          0.7788007830714049,
          0.6065306597126334,
          0.2865047968601901,
          0.0820849986238988,
          0.006737946999085467
        ],
        "integrand_log": [
          0.12409013039444049,
          0.13144955083993318,
          0.13097531950651684,
          0.11975408883374968,
          0.09561563626499806,
          0.04617219537424029,
          0.013365896160979758,
          0.001016957207288285
        ],
        "phi_2": 1.0,
        "label": "Gaussian f(x)=exp(-x)"
      },
      "sharp": {
        "J": 0.5081725241127046,
        "S_tip": 0.2540862620563523,
        "log_S_tip": -1.3700814552244278,
        "x_grid": [
          0.025,
          0.05,
          0.125,
          0.25,
          0.5,
          1.25,
          2.5,
          5.0
        ],
        "f_x": [
          1.0,
          1.0,
          1.0,
          1.0,
          1.0,
          0.0,
          0.0,
          0.0
        ],
        "integrand_log": [
          0.12723148700126785,
          0.13818911342963247,
          0.14841448068874286,
          0.15376729381481624,
          0.15764353332162884,
          0.0,
          0.0,
          0.0
        ],
        "phi_2": 0.5,
        "label": "Sharp f(x)=Theta(1-x)"
      },
      "poly": {
        "J": 0.49889860626013044,
        "S_tip": 0.24944930313006522,
        "log_S_tip": -1.3884995783047085,
        "x_grid": [
          0.025,
          0.05,
          0.125,
          0.25,
          0.5,
          1.25,
          2.5,
          5.0
        ],
        "f_x": [
          0.9993751952718163,
          0.9975031223974601,
          0.9844964370054085,
          0.9394130628134758,
          0.7788007830714049,
          0.2096113871510978,
          0.0019304541362277093,
          1.3887943864964021e-11
        ],
        "integrand_log": [
          0.1271519921666156,
          0.13784407212739516,
          0.14611352743807535,
          0.14445100444311615,
          0.12277290719702764,
          0.03378029975857204,
          0.0003143357490517297,
          2.096105031667248e-12
        ],
        "phi_2": 0.5,
        "label": "Polynomial f(x)=exp(-x^2)"
      }
    },
    "1.0": {
      "gauss": {
        "J": 0.26064088565469207,
        "S_tip": 0.13032044282734603,
        "log_S_tip": -2.037758916694228,
        "x_grid": [
          0.1,
          0.2,
          0.5,
          1.0,
          2.0,
          5.0,
          10.0,
          20.0
        ],
        "f_x": [
          0.9048374180359595,
          0.8187307530779818,
          0.6065306597126334,
          0.36787944117144233,
          0.1353352832366127,
          0.006737946999085467,
          4.5399929762484854e-05,
          2.061153622438558e-09
        ],
        "integrand_log": [
          0.11512381019110295,
          0.11313967690542165,
          0.0900179328830511,
          0.05656782611903958,
          0.021334732232503033,
          0.0010858659564253826,
          7.392468259656836e-06,
          3.110895695605427e-10
        ],
        "phi_2": 1.0,
        "label": "Gaussian f(x)=exp(-x)"
      },
      "sharp": {
        "J": 0.3813137845237557,
        "S_tip": 0.19065689226187785,
        "log_S_tip": -1.6572798419452917,
        "x_grid": [
          0.1,
          0.2,
          0.5,
          1.0,
          2.0,
          5.0,
          10.0,
          20.0
        ],
        "f_x": [
          1.0,
          1.0,
          1.0,
          1.0,
          0.0,
          0.0,
          0.0,
          0.0
        ],
        "integrand_log": [
          0.12723148700126785,
          0.13818911342963247,
          0.14841448068874286,
          0.15376729381481624,
          0.0,
          0.0,
          0.0,
          0.0
        ],
        "phi_2": 0.5,
        "label": "Sharp f(x)=Theta(1-x)"
      },
      "poly": {
        "J": 0.285046392518538,
        "S_tip": 0.142523196259269,
        "log_S_tip": -1.9482505117539832,
        "x_grid": [
          0.1,
          0.2,
          0.5,
          1.0,
          2.0,
          5.0,
          10.0,
          20.0
        ],
        "f_x": [
          0.9900498337491681,
          0.9607894391523232,
          0.7788007830714049,
          0.36787944117144233,
          0.01831563888873418,
          1.3887943864964021e-11,
          3.720075976020836e-44,
          1.9151695967140057e-174
        ],
        "integrand_log": [
          0.12596551255326469,
          0.13277064078901335,
          0.11558531377952884,
          0.05656782611903958,
          0.0028873420294630876,
          2.2381365495688867e-12,
          6.057397824207731e-45,
          2.8905622511160414e-175
        ],
        "phi_2": 0.5,
        "label": "Polynomial f(x)=exp(-x^2)"
      }
    },
    "2.0": {
      "gauss": {
        "J": 0.0976827749788842,
        "S_tip": 0.0488413874894421,
        "log_S_tip": -3.019177221268422,
        "x_grid": [
          0.4,
          0.8,
          2.0,
          4.0,
          8.0,
          20.0,
          40.0,
          80.0
        ],
        "f_x": [
          0.6703200460356393,
          0.44932896411722156,
          0.1353352832366127,
          0.01831563888873418,
          0.00033546262790251185,
          2.061153622438558e-09,
          4.248354255291589e-18,
          1.8048513878454153e-35
        ],
        "integrand_log": [
          0.08528581622387271,
          0.06209237118961399,
          0.0200857157804258,
          0.002816346226410063,
          5.2883513959910806e-05,
          3.32168915824459e-10,
          6.917593078298675e-19,
          2.7240591640195198e-36
        ],
        "phi_2": 1.0,
        "label": "Gaussian f(x)=exp(-x)"
      },
      "sharp": {
        "J": 0.15529847236634242,
        "S_tip": 0.07764923618317121,
        "log_S_tip": -2.5555535660981366,
        "x_grid": [
          0.4,
          0.8,
          2.0,
          4.0,
          8.0,
          20.0,
          40.0,
          80.0
        ],