{
  "substrate": {
    "N_rho": 200,
    "a": 0.05,
    "N_0": 120,
    "r_h": 2.0,
    "l_max": 3,
    "R": 10.0
  },
  "F6_A_variable_warp_recovery": {
    "0.05": {
      "K_joint_alpha1": 86277.39707078328,
      "K_var_smooth_tip": 86277.39707078328,
      "rel_err": 0.0,
      "passed": true
    },
    "0.1": {
      "K_joint_alpha1": 41093.65117035161,
      "K_var_smooth_tip": 41093.65117035161,
      "rel_err": 0.0,
      "passed": true
    },
    "0.5": {
      "K_joint_alpha1": 6182.809375062875,
      "K_var_smooth_tip": 6182.809375062875,
      "rel_err": 0.0,
      "passed": true
    },
    "1.0": {
      "K_joint_alpha1": 2517.6069998539506,
      "K_var_smooth_tip": 2517.6069998539506,
      "rel_err": 0.0,
      "passed": true
    },
    "all_passed": true,
    "tolerance": 1e-10
  },
  "F6_B_constant_warp_factorization": {
    "0.5": {
      "0.05": {
        "K_joint_const_warp": 38756.93419270833,
        "K_wedge_times_K_S2": 38756.93419270828,
        "rel_err": 1.3141313770083048e-15,
        "passed": true
      },
      "0.1": {
        "K_joint_const_warp": 16656.33395496198,
        "K_wedge_times_K_S2": 16656.33395496192,
        "rel_err": 3.7130403297500715e-15,
        "passed": true
      },
      "0.5": {
        "K_joint_const_warp": 1296.7595239151492,
        "K_wedge_times_K_S2": 1296.7595239151092,
        "rel_err": 3.0859821069360085e-14,
        "passed": true
      },
      "1.0": {
        "K_joint_const_warp": 318.0002254046558,
        "K_wedge_times_K_S2": 318.0002254046276,
        "rel_err": 8.866137034678494e-14,
        "passed": true
      },
      "all_passed": true,
      "tolerance": 1e-10
    },
    "1.0": {
      "0.05": {
        "K_joint_const_warp": 77531.08527585618,
        "K_wedge_times_K_S2": 77531.08527585623,
        "rel_err": 5.630740951164692e-16,
        "passed": true
      },
      "0.1": {
        "K_joint_const_warp": 33328.15640068062,
        "K_wedge_times_K_S2": 33328.156400680724,
        "rel_err": 3.05637687767474e-15,
        "passed": true
      },
      "0.5": {
        "K_joint_const_warp": 2600.714320204105,
        "K_wedge_times_K_S2": 2600.714320204241,
        "rel_err": 5.228158158654454e-14,
        "passed": true
      },
      "1.0": {
        "K_joint_const_warp": 639.801090015736,
        "K_wedge_times_K_S2": 639.8010900158109,
        "rel_err": 1.170983095022447e-13,
        "passed": true
      },
      "all_passed": true,
      "tolerance": 1e-10
    },
    "1.5": {
      "0.05": {
        "K_joint_const_warp": 116298.78976709569,
        "K_wedge_times_K_S2": 116298.78976709544,
        "rel_err": 2.127129262287721e-15,
        "passed": true
      },
      "0.1": {
        "K_joint_const_warp": 49994.59676652961,
        "K_wedge_times_K_S2": 49994.59676652939,
        "rel_err": 4.511581263331473e-15,
        "passed": true
      },
      "0.5": {
        "K_joint_const_warp": 3902.5161111640264,
        "K_wedge_times_K_S2": 3902.516111163917,
        "rel_err": 2.8082936352299042e-14,
        "passed": true
      },
      "1.0": {
        "K_joint_const_warp": 960.5223624592163,
        "K_wedge_times_K_S2": 960.522362459174,
        "rel_err": 4.402969184826107e-14,
        "passed": true
      },
      "all_passed": true,
      "tolerance": 1e-10
    }
  },
  "F6_extensions_passed": true,
  "replica_data": {
    "k_step": 12,
    "eps_alpha": 0.10000000000000003,
    "alpha_plus": 1.1,
    "alpha_minus": 0.9,
    "t_grid": [
      0.05,
      0.1,
      0.2,
      0.5,
      1.0,
      2.0,
      5.0,
      10.0
    ],
    "K_alpha1": [
      86277.39707078328,
      41093.65117035161,
      18476.52722774361,
      6182.809375062875,
      2517.6069998539506,
      898.3005071718218,
      158.5128837692929,
      27.576940346074235
    ],
    "K_plus": [
      94905.8196104892,
      45203.722249095634,
      20324.813683876317,
      6801.511135350152,
      2769.6244518143835,
      988.279097797109,
      174.4389437807218,
      30.38065229648484
    ],
    "K_minus": [
      77648.743821549,
      36983.383832600244,
      16628.091113428593,
      5564.023354804869,
      2265.542104149497,
      808.2956283875287,
      142.57350031005294,
      24.764447678720828
    ],
    "dK_dalpha": [
      86285.37894470098,
      41101.69208247693,
      18483.612852238613,
      6187.438902726411,
      2520.411738324432,
      899.917347047901,
      159.3272173533442,
      28.08102308882005
    ],
    "tip_term": [
      7.981873917698977,
      8.040912125325121,
      7.085624495004595,
      4.629527663535555,
      2.804738470481425,
      1.6168398760792115,
      0.8143335840512975,
      0.5040827427458154
    ]
  },
  "S_BH_extraction": {
    "0.5": {
      "Lambda": 0.5,
      "J_integral": 19.384743519393453,
      "S_BH_extracted": 9.692371759696726,
      "S_BH_continuum_prediction": 0.3333333333333333,
      "ratio_disc_to_cont": 29.07711527909018
    },
    "1.0": {
      "Lambda": 1.0,
      "J_integral": 15.498198971297281,
      "S_BH_extracted": 7.749099485648641,
      "S_BH_continuum_prediction": 1.3333333333333333,
      "ratio_disc_to_cont": 5.811824614236481
    },
    "2.0": {
      "Lambda": 2.0,
      "J_integral": 9.10318934055995,
      "S_BH_extracted": 4.551594670279975,
      "S_BH_continuum_prediction": 5.333333333333333,
      "ratio_disc_to_cont": 0.8534240006774954
    }
  },
  "verdict": "PARTIAL-G4-5c-F11-MAGNITUDE-OFF",
  "F6_verified": true,
  "S_BH_positive": true,
  "S_BH_within_factor_2": false
}