{
  "heat_trace_data": {
    "t_grid": [
      0.0025,
      0.005,
      0.01,
      0.02,
      0.05,
      0.1,
      0.2,
      0.5,
      1.0,
      2.0,
      5.0,
      10.0
    ],
    "K_disk": [
      11898.94736334898,
      7257.054237257785,
      4386.6994229562015,
      2532.6863923901733,
      1095.5977496010605,
      529.9056640274337,
      245.88496768885003,
      90.03106794322123,
      42.003309144243524,
      19.106773599484253,
      6.214687961087619,
      2.3285610491026434
    ],
    "dK_dalpha": [
      11898.949553691187,
      7257.0817917758195,
      4386.759799306766,
      2532.772842592234,
      1095.7104009757281,
      530.0328955144349,
      246.02315680227966,
      90.17948242390997,
      42.15707643805834,
      19.26441713280588,
      6.375844758042651,
      2.491390998363169
    ],
    "tip_term": [
      0.002190342207541107,
      0.027554518034776265,
      0.06037635056418367,
      0.08645020206085974,
      0.11265137466762098,
      0.12723148700126785,
      0.13818911342963247,
      0.14841448068874286,
      0.15376729381481624,
      0.15764353332162884,
      0.16115679695503182,
      0.16282994926052563
    ],
    "tip_recovery_vs_1_over_6": [
      0.013142053245246643,
      0.1653271082086576,
      0.362258103385102,
      0.5187012123651584,
      0.6759082480057259,
      0.7633889220076071,
      0.8291346805777948,
      0.8904868841324571,
      0.9226037628888974,
      0.945861199929773,
      0.9669407817301909,
      0.9769796955631538
    ]
  },
  "integrate_results": {
    "0.5": {
      "J": 0.7192568792909435,
      "S_tip_disc": 0.35962843964547175,
      "M_0_rough": 7.3777589082278725,
      "S_tip_rough": 0.6148132423523227,
      "ratio_rough": 0.5849393195720797,
      "M_0_exact": 6.801168145683117,
      "S_tip_exact": 0.5667640121402597,
      "ratio_exact": 0.6345294195505004
    },
    "1.0": {
      "J": 0.5161538667753297,
      "S_tip_disc": 0.25807693338766485,
      "M_0_rough": 5.991464547107982,
      "S_tip_rough": 0.49928871225899846,
      "ratio_rough": 0.5168891806506359,
      "M_0_exact": 5.416747320574098,
      "S_tip_exact": 0.45139561004784146,
      "ratio_exact": 0.571731154763141
    },
    "1.5": {
      "J": 0.4008193966675721,
      "S_tip_disc": 0.20040969833378605,
      "M_0_rough": 5.180534330891653,
      "S_tip_rough": 0.4317111942409711,
      "ratio_rough": 0.46422168571779504,
      "M_0_exact": 4.608935765711147,
      "S_tip_exact": 0.3840779804759289,
      "ratio_exact": 0.5217942931418487
    },
    "2.0": {
      "J": 0.32536165530083466,
      "S_tip_disc": 0.16268082765041733,
      "M_0_rough": 4.605170185988091,
      "S_tip_rough": 0.3837641821656742,
      "ratio_rough": 0.4239083145601813,
      "M_0_exact": 4.037929576538113,
      "S_tip_exact": 0.3364941313781761,
      "ratio_exact": 0.4834581422984314
    },
    "3.0": {
      "J": 0.22873693351451374,
      "S_tip_disc": 0.11436846675725687,
      "M_0_rough": 3.794239969771762,
      "S_tip_rough": 0.31618666414764685,
      "ratio_rough": 0.36171186114241444,
      "M_0_exact": 3.2393983725226327,
      "S_tip_exact": 0.26994986437688606,
      "ratio_exact": 0.42366558331580867
    },
    "5.0": {
      "J": 0.12631724823659235,
      "S_tip_disc": 0.06315862411829617,
      "M_0_rough": 2.772588722239781,
      "S_tip_rough": 0.23104906018664842,
      "ratio_rough": 0.27335590141450794,
      "M_0_exact": 2.2569099008363493,
      "S_tip_exact": 0.18807582506969578,
      "ratio_exact": 0.3358146858847558
    }
  },
  "ratio_improvement_vs_g4_5a": {
    "0.5": {
      "baseline_rough": 0.37,
      "refined_rough": 0.5849393195720797,
      "refined_exact": 0.6345294195505004,
      "delta_rough": 0.21493931957207968
    },
    "1.0": {
      "baseline_rough": 0.26,
      "refined_rough": 0.5168891806506359,
      "refined_exact": 0.571731154763141,
      "delta_rough": 0.25688918065063593
    },
    "1.5": {
      "baseline_rough": 0.18,
      "refined_rough": 0.46422168571779504,
      "refined_exact": 0.5217942931418487,
      "delta_rough": 0.28422168571779505
    },
    "2.0": {
      "baseline_rough": 0.13,
      "refined_rough": 0.4239083145601813,
      "refined_exact": 0.4834581422984314,
      "delta_rough": 0.2939083145601813
    },
    "3.0": {
      "baseline_rough": null,
      "refined_rough": 0.36171186114241444,
      "refined_exact": 0.42366558331580867,
      "delta_rough": null
    },
    "5.0": {
      "baseline_rough": null,
      "refined_rough": 0.27335590141450794,
      "refined_exact": 0.3358146858847558,
      "delta_rough": null
    }
  },
  "verdict": "PARTIAL-G4-5a-REFINED-EXTENDED-UV",
  "min_ratio_rough": 0.4239083145601813,
  "min_ratio_exact": 0.4834581422984314,
  "avg_improvement_rough": 0.262489625125173,
  "positive_rough": false,
  "positive_exact": false,
  "improves_all_vs_g4_5a": true,
  "g4_5a_baseline_rough": {
    "0.5": 0.37,
    "1.0": 0.26,
    "1.5": 0.18,
    "2.0": 0.13
  },
  "uv_diagnostic": {
    "uv_t_values": [
      0.0025,
      0.005,
      0.01,
      0.02,
      0.05
    ],
    "uv_tip_terms": [
      0.002190342207541107,
      0.027554518034776265,
      0.06037635056418367,
      0.08645020206085974,
      0.11265137466762098
    ],
    "uv_recoveries": [
      0.013142053245246643,
      0.1653271082086576,
      0.362258103385102,
      0.5187012123651584,
      0.6759082480057259
    ],
    "min_uv_recovery": 0.013142053245246643,
    "max_uv_recovery": 0.6759082480057259
  }
}