{
  "substrate": {
    "R": 10.0,
    "a": 0.05,
    "N_rho": 200,
    "N_0": 120,
    "alpha_plus": 1.1,
    "alpha_minus": 0.9,
    "eps": 0.10000000000000003
  },
  "edge_ratio_check": {
    "edge_idx": 60,
    "m_FD_sq_edge": 1458.7750587282794,
    "m_spec_sq_edge": 3660.25,
    "m_GM_sq_edge": 2310.7317907343086,
    "ratio_FD_over_spec": 0.3985451973849544,
    "expected_FD_spec_ratio": 0.4052847345693511,
    "ratio_GM_over_spec": 0.631304361924543,
    "expected_GM_spec_ratio": 0.6366197723675814,
    "ratio_GM_over_FD": 1.5840220031926937,
    "expected_GM_FD_ratio": 1.5707963267948966
  },
  "F6_alpha1_match": {
    "max_diff": 0.0,
    "passed": true,
    "N_eigenvalues": 48000,
    "tolerance": 1e-13
  },
  "per_t_tip_recovery": {
    "t_grid": [
      0.0025,
      0.005,
      0.01,
      0.02,
      0.05,
      0.1,
      0.2,
      0.5,
      1.0,
      2.0,
      5.0,
      10.0
    ],
    "tip_FD": [
      0.002190342207541107,
      0.027554518034776265,
      0.06037635056418367,
      0.08645020206085974,
      0.11265137466762098,
      0.12723148700126785,
      0.13818911342963247,
      0.14841448068874286,
      0.15376729381481624,
      0.15764353332162884,
      0.16115679695503182,
      0.16282994926052563
    ],
    "tip_GM": [
      0.5932079226931819,
      0.509478964149821,
      0.4317275987541507,
      0.3345020806905268,
      0.2043821796987686,
      0.14815426158463652,
      0.139446031468907,
      0.1484120435948597,
      0.15376451798913848,
      0.15764067591709008,
      0.16115382008548984,
      0.1628269079419371
    ],
    "tip_spec": [
      1.3556320860789128,
      1.0755650744322338,
      0.7993312162907387,
      0.5074728638892338,
      0.21270191642645386,
      0.13835379445600893,
      0.13834119225020913,
      0.1484090207464419,
      0.15376174238028995,
      0.1576378186898708,
      0.161150843360633,
      0.162823866748115
    ],
    "recovery_FD": [
      0.013142053245246643,
      0.1653271082086576,
      0.362258103385102,
      0.5187012123651584,
      0.6759082480057259,
      0.7633889220076071,
      0.8291346805777948,
      0.8904868841324571,
      0.9226037628888974,
      0.945861199929773,
      0.9669407817301909,
      0.9769796955631538
    ],
    "recovery_GM": [
      3.5592475361590914,
      3.056873784898926,
      2.590365592524904,
      2.0070124841431607,
      1.2262930781926116,
      0.8889255695078191,
      0.836676188813442,
      0.8904722615691583,
      0.9225871079348309,
      0.9458440555025405,
      0.966922920512939,
      0.9769614476516226
    ],
    "recovery_spec": [
      8.133792516473477,
      6.453390446593403,
      4.795987297744432,
      3.044837183335403,
      1.2762114985587232,
      0.8301227667360536,
      0.8300471535012548,
      0.8904541244786515,
      0.9225704542817397,
      0.9458269121392249,
      0.9669050601637981,
      0.97694320048869
    ],
    "target_per_t": 0.16666666666666666
  },
  "verdict_t_eq_a2": {
    "rec_UV_FD_pct": 1.3142053245246643,
    "rec_UV_GM_pct": 355.92475361590914,
    "rec_UV_spec_pct": 813.3792516473477,
    "verdict": "PARTIAL-OVERSHOOT",
    "msg": "GM recovery 355.9% > 200% upper gate; GM still overshoots but less than spectral. The structural fact that the per-t UV target is below +1/6 means the GM is closer to the IR Lichnerowicz coefficient than to the true per-t UV target identified in task #28."
  }
}