{
  "parameters": {
    "a": 0.05,
    "N_rho": 200,
    "N_phi": 120,
    "R": 10.0
  },
  "A_continuum": 0.013262911924324612,
  "B_continuum": 0.16666666666666666,
  "t_values": [
    0.5,
    1.0,
    2.0,
    5.0,
    10.0
  ],
  "tips_raw": [
    0.1484087834511314,
    0.15376174238030416,
    0.15763781868986015,
    0.1611508433606348,
    0.1628238667481181
  ],
  "corrections": [
    0.7207640814587639,
    0.05232807098035193,
    0.01002210214919265,
    0.00635756402561672,
    0.004534381257589453
  ],
  "tips_corrected": [
    0.8691728649098953,
    0.20608981336065607,
    0.1676599208390528,
    0.1675084073862515,
    0.16735824800570756
  ]
}