{
  "method": "isotropic_refinement",
  "parameters": {
    "R": 10.0,
    "alpha_eps": 0.1
  },
  "substrates": [
    [
      0.2,
      50,
      50
    ],
    [
      0.1,
      100,
      100
    ],
    [
      0.05,
      200,
      200
    ],
    [
      0.025,
      400,
      400
    ]
  ],
  "A_continuum": 0.013262911924324612,
  "B_continuum": 0.16666666666666666,
  "t_values": [
    0.1,
    0.2,
    0.5,
    1.0,
    2.0,
    5.0,
    10.0
  ],
  "tips_by_a": {
    "0.2": [
      -147.9564486171838,
      -35.57617027531046,
      -1.3911034749098832,
      0.10003624637696618,
      0.1311042381105878,
      0.14368562847552546,
      0.1502379001778591
    ],
    "0.1": [
      -17.86337968917701,
      -0.4356600422038639,
      0.13104325811684703,
      0.1410699245601208,
      0.14840902032198855,
      0.1551495999758119,
      0.15852686469274868
    ],
    "0.05": [
      0.11966712738836804,
      0.1381832979980402,
      0.148409020317942,
      0.15376174238031126,
      0.15763781868987792,
      0.1611508433606348,
      0.1628238667481159
    ],
    "0.025": [
      0.1462911666905029,
      0.1522217495562188,
      0.1576378187512688,
      0.16043096890658148,
      0.16243734893056327,
      0.16424558965121694,
      0.16503100486562028
    ]
  }
}