{
  "parameters": {
    "R": 10.0,
    "N_phi": 120,
    "alpha_eps": 0.1,
    "substrates": [
      [
        0.1,
        100
      ],
      [
        0.05,
        200
      ],
      [
        0.025,
        400
      ],
      [
        0.0125,
        800
      ]
    ],
    "A_continuum": 0.013262911924324612,
    "B_continuum": 0.16666666666666666
  },
  "t_values": [
    0.025,
    0.05,
    0.1,
    0.2,
    0.5,
    1.0,
    2.0,
    5.0,
    10.0
  ],
  "tips_by_a": {
    "0.1": [
      -452.09736128744976,
      -81.79978809559077,
      -5.4011418305606185,
      0.05675950950001152,
      0.13110954421772192,
      0.1410699246231033,
      0.14840902032195302,
      0.15514959997581634,
      0.15852686469274735
    ],
    "0.05": [
      -433.09957867177354,
      -78.44098129269275,
      -5.069249558645822,
      0.08715968939020513,
      0.1484087834511314,
      0.15376174238030416,
      0.15763781868986015,
      0.1611508433606348,
      0.1628238667481181
    ],
    "0.025": [
      -426.604970757234,
      -77.02631981731963,
      -4.914179714650629,
      0.10343265089946385,
      0.1576376043937131,
      0.16043096890654596,
      0.16243734893056327,
      0.16424558965122227,
      0.16503100486562028
    ],
    "0.0125": [
      -423.9387180698884,
      -76.37635651113317,
      -4.838945671667489,
      0.11191303904121241,
      0.16243714521047536,
      0.16387574621830936,
      0.16490582357581118,
      0.165832626363958,
      0.16616179271253317
    ]
  },
  "A_extraction": {
    "0.025": {
      "A_ests": [
        -11.306600698852911,
        -10.831656133461006,
        -10.669290935597518,
        -10.602634618413878
      ],
      "A_richardson_order1": -10.535978301230239,
      "A_richardson_order2": -10.580415846019333,
      "recovery_order1_pct": -79439.40487086332,
      "recovery_order2_pct": -79774.4560650705
    },
    "0.05": {
      "A_ests": [
        -4.098322738112873,
        -3.9303823979679713,
        -3.8596493241993155,
        -3.827151158889992
      ],
      "A_richardson_order1": -3.7946529935806685,
      "A_richardson_order2": -3.8163184371202177,
      "recovery_order1_pct": -28611.009522133303,
      "recovery_order2_pct": -28774.363117958776
    },
    "0.1": {
      "A_ests": [
        -0.5567808497227286,
        -0.5235916225312489,
        -0.5080846381317297,
        -0.5005612338334156
      ],
      "A_richardson_order1": -0.49303782953510145,
      "A_richardson_order2": -0.4980534324006442,
      "recovery_order1_pct": -3717.4176557023957,
      "recovery_order2_pct": -3755.234410380107
    },
    "0.2": {
      "A_ests": [
        -0.02198143143333103,
        -0.015901395455292306,
        -0.012646803153440562,
        -0.010950725525090849
      ],
      "A_richardson_order1": -0.009254647896741136,
      "A_richardson_order2": -0.010385366315640944,
      "recovery_order1_pct": -69.77840122550923,
      "recovery_order2_pct": -78.30381725293557
    },
    "0.5": {
      "A_ests": [
        -0.01777856122447237,
        -0.00912894160776763,
        -0.0045145311364767765,
        -0.0021147607280956465
      ],
      "A_richardson_order1": 0.00028500968028548346,
      "A_richardson_order2": -0.0013148372586352698,
      "recovery_order1_pct": 2.1489223626884413,
      "recovery_order2_pct": -9.913639373747294
    },
    "1.0": {
      "A_ests": [
        -0.025596742043563353,
        -0.012904924286362501,
        -0.006235697760120701,
        -0.002790920448357298
      ],
      "A_richardson_order1": 0.0006538568634061048,
      "A_richardson_order2": -0.0016426613444361637,
      "recovery_order1_pct": 4.929964604582121,
      "recovery_order2_pct": -12.385374748839803
    },
    "2.0": {
      "A_ests": [
        -0.03651529268942727,
        -0.018057695953613007,
        -0.008458635472206766,
        -0.003521686181710948
      ],
      "A_richardson_order1": 0.00141526310878487,
      "A_richardson_order2": -0.001876036418212342,
      "recovery_order1_pct": 10.67083244509248,
      "recovery_order2_pct": -14.144981350374724
    },
    "5.0": {
      "A_ests": [
        -0.05758533345425157,
        -0.027579116530159348,
        -0.012105385077221947,
        -0.00417020151354322
      ],
      "A_richardson_order1": 0.003764982050135507,
      "A_richardson_order2": -0.001525140325650311,
      "recovery_order1_pct": 28.387295879047553,
      "recovery_order2_pct": -11.499287142615747
    },
    "10.0": {
      "A_ests": [
        -0.08139801973919308,
        -0.038427999185485506,
        -0.016356618010463786,
        -0.005048739541334835
      ],
      "A_richardson_order1": 0.006259138927794117,
      "A_richardson_order2": -0.0012794467182918508,
      "recovery_order1_pct": 47.19279569605414,
      "recovery_order2_pct": -9.646800986028595
    }
  }
}