{
  "n_max=1": {
    "dim_H": 16,
    "dim_graviton": 54,
    "eigenvalues": [
      0.25484825305544845,
      0.2548479724267468,
      0.2548479686541588,
      0.25484796744860677,
      0.25484782384294585,
      0.2548476203699877,
      0.25484759222886905,
      0.25484704131601976,
      0.12742378633708723,
      0.12742364570890125,
      6.917632332936842e-07,
      6.139022441729467e-07,
      5.433609463427477e-07,
      4.2254072270977777e-07,
      3.454087367576233e-07,
      2.2314127177864028e-07,
      1.1006120479511501e-07,
      7.401486837618811e-08,
      7.401486828165528e-08,
      7.401486650945345e-08,
      7.401486643168656e-08,
      7.401432497444738e-08,
      4.617383075615082e-08,
      -3.0904493687724716e-08,
      -4.440892088789826e-08,
      -4.440892093638758e-08,
      -4.440892095316921e-08,
      -4.440892096899793e-08,
      -4.440892098829112e-08,
      -4.440892099783604e-08,
      -4.440892101508123e-08,
      -1.3580101656387168e-07,
      -3.6040530194355684e-07,
      -4.436067187265623e-07,
      -9.864248281105982e-07,
      -1.601735396723447e-06,
      -0.3188496725906967,
      -0.31884967629144056,
      -0.31884978361299876,
      -0.31884978361299904,
      -0.3188497836129993,
      -0.3188497873137429,
      -0.31884979101448585,
      -0.31884979101448596,
      -0.3188497910144861,
      -0.31884979101448613,
      -0.3188497910144863,
      -0.3188497910144864,
      -0.3188497947152297,
      -0.31884979841597266,
      -0.3188497984159728,
      -0.31884979841597305,
      -0.318849905737532,
      -0.31884990943827507
    ],
    "clusters": [
      [
        0.25484825305544845,
        8
      ],
      [
        0.12742378633708723,
        2
      ],
      [
        6.917632332936842e-07,
        26
      ],
      [
        -0.3188496725906967,
        18
      ]
    ],
    "time_s": 0.2656872272491455
  },
  "n_max=2": {
    "dim_H": 40,
    "dim_graviton": 144,
    "eigenvalues": [
      0.26683719660462857,
      0.2668367234802314,
      0.2668365605267919,
      0.26683637152146594,
      0.2668361014748337,
      0.2668358398356116,
      0.266835765602091,
      0.26683465184682126,
      0.2548481641107984,
      0.25484815739802663,
      0.25484815739520955,
      0.2548481573940475,
      0.254848157393373,
      0.2548481573806999,
      0.2548481451420363,
      0.25484638656924175,
      0.19219759213210613,
      0.1921974291762123,
      0.19219742264366296,
      0.19219736172952195,
      0.19219717788473575,
      0.1921971471985219,
      0.1921969028374491,
      0.19219690283737478,
      0.19219690283733876,
      0.1921969028373382,
      0.1921969028373382,
      0.19219690283733817,
      0.19219665847615505,
      0.19219662778995383,
      0.19219644394515484,
      0.192196383031129,
      0.1921963764984631,
      0.19219621354263255,
      0.13341832849060156,
      0.1334181059600366,
      0.12742419712288924,
      0.1274239750816713,
      1.4407049214327827e-05,
      3.7693216727076637e-06,
      2.7757267108111243e-06,
      2.6867709353131375e-06,
      2.2531885412072407e-06,
      2.10014777438199e-06,
      1.7861931141753775e-06,
      1.7071228994788033e-06,
      1.6832637849990033e-06,
      1.6468631916990705e-06,
      1.5462993793531309e-06,
      1.2815050095391591e-06,
      1.050485540747836e-06,
      9.178725448236869e-07,
      7.910366297621069e-07,
      6.918986640387183e-07,
      6.36162822586289e-07,
      5.647996383509984e-07,
      5.019781971093941e-07,
      3.7625849969357886e-07,
      3.6484536908358645e-07,
      2.141648406580121e-07,
      1.9983992378923738e-07,
      1.5351535405921692e-07,
      9.048480417439331e-08,
      7.153455068524664e-08,
      1.831135300324668e-08,
      -2.2204460369787128e-08,
      -2.2204460426180084e-08,
      -2.220446044922886e-08,
      -2.2204460460281366e-08,
      -2.220446046999611e-08,
      -2.2204460487356426e-08,
      -2.220446048955563e-08,
      -2.220446049247298e-08,
      -2.2204460492539464e-08,
      -2.2204460492786652e-08,
      -2.2204460493006596e-08,
      -2.2204460508948997e-08,
      -2.2204460517029585e-08,
      -2.2204460534975828e-08,
      -2.2204460569718062e-08,
      -1.1132920421967142e-07,
      -1.9162015314771097e-07,
      -2.5439795150966865e-07,
      -3.3626952915972195e-07,
      -3.893062975293922e-07,
      -4.729838209120149e-07,
      -5.463656290311979e-07,
      -5.919780074256495e-07,
      -6.533881306958339e-07,
      -7.935836494634908e-07,
      -8.445704400126738e-07,
      -1.0071244598541245e-06,
      -1.0460951300490658e-06,
      -1.1297472180866766e-06,
      -1.2030870015791504e-06,
      -1.2808937904506086e-06,
      -1.478075336410904e-06,
      -1.6135898451003635e-06,
      -1.8786111253667186e-06,
      -1.9286440693207914e-06,
      -2.089373871817457e-06,
      -2.1033336484357404e-06,
      -2.4042677046005563e-06,
      -2.457517395434339e-06,
      -2.7036308906619248e-06,
      -3.7827027258456568e-06,
      -4.2367419795678834e-06,
      -7.061217090552916e-06,
      -0.14850001818161923,
      -0.14850089305545408,
      -0.14850108461205355,
      -0.1485011034936563,
      -0.14850129262854683,
      -0.14850129907199602,
      -0.1485013199993866,
      -0.1485014338579779,
      -0.14850149998579812,
      -0.14850152958449142,
      -0.14850152959174548,
      -0.1485015295917455,
      -0.14850172857474925,
      -0.14850176655494404,
      -0.14850192030414117,
      -0.1485019430210129,
      -0.14850213020164849,
      -0.14850342152268464,
      -0.31884976140853877,
      -0.31884976140853893,
      -0.3188497688100255,
      -0.3188497688100256,
      -0.3188497688100256,
      -0.31884976881002564,
      -0.3188497688100257,
      -0.31884976881002575,
      -0.3188497688100258,
      -0.31884976881002586,
      -0.31884976881002597,
      -0.3188497688100261,
      -0.31884976881002625,
      -0.3188497688101351,
      -0.31884976881013577,
      -0.31884976881014293,
      -0.31884977621151256,
      -0.3188497762115126
    ],
    "clusters": [
      [
        0.26683719660462857,
        8
      ],
      [
        0.2548481641107984,
        8
      ],
      [
        0.19219759213210613,
        18
      ],
      [
        0.13341832849060156,
        2
      ],
      [
        0.12742419712288924,
        2
      ],
      [
        1.4407049214327827e-05,
        70
      ],
      [
        -0.14850001818161923,
        18
      ],
      [
        -0.31884976140853877,
        18
      ]
    ],
    "time_s": 4.7828803062438965
  },
  "n_max=3": {
    "dim_H": 80,
    "dim_graviton": 234,