{
  "section5_pk": {
    "pk_A": 56.835793692620676,
    "pk_B": 40.814874328311724,
    "pk_r_core": 0.11068168709286468,
    "R_eq_nopk": 1.4999999999999998,
    "R_eq_pk": 1.4999999999999998,
    "R_eq_shift": 0.0
  }
}