{
  "uncoupled": {
    "R": [
      1.4,
      1.5999999999999999,
      1.7999999999999998,
      1.9999999999999998,
      2.1999999999999997,
      2.3999999999999995,
      2.5999999999999996,
      2.8,
      2.9999999999999996,
      3.1999999999999993,
      3.3999999999999995,
      3.599999999999999,
      3.7999999999999994,
      3.9999999999999996,
      4.199999999999999,
      4.399999999999999
    ],
    "E_bond": [
      -23.78912861285344,
      -23.163474381359272,
      -23.387697686856498,
      -23.59557584651362,
      -23.581387804212476,
      -23.571787821127977,
      -23.301768411364332,
      -23.11595944698289,
      -22.629382586408816,
      -22.041245412416853,
      -21.46266674428646,
      -20.825567861160017,
      -20.225623262556987,
      -19.626474733547415,
      -19.04919393671648,
      -18.473860081000918
    ],
    "V_NN": [
      11.880268806643112,
      10.395235205812723,
      9.240209071833533,
      8.31618816465018,
      7.560171058772891,
      6.930156803875151,
      6.397067818961677,
      5.940134403321556,
      5.54412544310012,
      5.197617602906362,
      4.891875390970695,
      4.620104535916767,
      4.376941139289569,
      4.15809408232509,
      3.9600896022143717,
      3.7800855293864464
    ],
    "V_cross_nuc": [
      -2.857142850625142,
      -2.4999999997370455,
      -2.22222222221159,
      -1.99999999999957,
      -1.818181818181801,
      -1.6666666666666663,
      -1.5384615384615388,
      -1.4285714285714286,
      -1.3333333333333335,
      -1.2500000000000002,
      -1.1764705882352944,
      -1.1111111111111114,
      -1.0526315789473686,
      -1.0000000000000002,
      -0.9523809523809526,
      -0.9090909090909094
    ],
    "E_coupling": [
      0.0,
      0.0,
      0.0,
      0.0,
      0.0,
      0.0,
      0.0,
      0.0,
      0.0,
      0.0,
      0.0,
      0.0,
      0.0,
      0.0,
      0.0,
      0.0
    ],
    "E_total": [
      -136.9756574226216,
      -137.4778939410697,
      -138.57936560302068,
      -139.48904244764913,
      -140.04905332940754,
      -140.5179524497056,
      -140.6528168966503,
      -140.81405123801886,
      -140.62824524242816,
      -140.30328257529663,
      -139.9569167073372,
      -139.52622920214048,
      -139.11096846800092,
      -138.67803541700846,
      -138.2511400526692,
      -137.8125202264915
    ],
    "wall_times": [
      29.067543983459473,
      29.098777770996094,
      28.94362235069275,
      28.8715238571167,
      28.878504276275635,
      28.83288812637329,
      28.895020246505737,
      28.751494884490967,
      28.811574697494507,
      28.749197483062744,
      28.848399877548218,
      28.740421056747437,
      28.73009204864502,
      28.801225185394287,
      28.75230646133423,
      28.68861198425293
    ],
    "R_eq": 2.8,
    "E_min": -140.81405123801886,
    "E_dissoc": -137.8125202264915,
    "D_e": 3.001531011527362,
    "R_valid": [
      1.4,
      1.5999999999999999,
      1.7999999999999998,
      1.9999999999999998,
      2.1999999999999997,
      2.3999999999999995,
      2.5999999999999996,
      2.8,
      2.9999999999999996,
      3.1999999999999993,
      3.3999999999999995,
      3.599999999999999,
      3.7999999999999994,
      3.9999999999999996,
      4.199999999999999,
      4.399999999999999
    ],
    "E_valid": [
      -136.9756574226216,
      -137.4778939410697,
      -138.57936560302068,
      -139.48904244764913,
      -140.04905332940754,
      -140.5179524497056,
      -140.6528168966503,
      -140.81405123801886,
      -140.62824524242816,
      -140.30328257529663,
      -139.9569167073372,
      -139.52622920214048,
      -139.11096846800092,
      -138.67803541700846,
      -138.2511400526692,
      -137.8125202264915
    ]
  },
  "coupled": {
    "R": [
      1.4,
      1.5999999999999999,
      1.7999999999999998,
      1.9999999999999998,
      2.1999999999999997,
      2.3999999999999995,
      2.5999999999999996,
      2.8,
      2.9999999999999996,
      3.1999999999999993,
      3.3999999999999995,
      3.599999999999999,
      3.7999999999999994,
      3.9999999999999996,
      4.199999999999999,
      4.399999999999999
    ],
    "E_bond": [
      -23.78912861285344,
      -23.163474381359272,
      -23.387697686856498,
      -23.59557584651362,
      -23.581387804212476,
      -23.571787821127977,
      -23.301768411364332,
      -23.11595944698289,
      -22.629382586408816,
      -22.041245412416853,
      -21.46266674428646,
      -20.825567861160017,
      -20.225623262556987,
      -19.626474733547415,
      -19.04919393671648,
      -18.473860081000918
    ],
    "V_NN": [
      11.880268806643112,
      10.395235205812723,
      9.240209071833533,
      8.31618816465018,
      7.560171058772891,
      6.930156803875151,
      6.397067818961677,
      5.940134403321556,
      5.54412544310012,
      5.197617602906362,
      4.891875390970695,
      4.620104535916767,
      4.376941139289569,
      4.15809408232509,
      3.9600896022143717,
      3.7800855293864464
    ],
    "V_cross_nuc": [
      -2.857142850625142,
      -2.4999999997370455,
      -2.22222222221159,
      -1.99999999999957,
      -1.818181818181801,
      -1.6666666666666663,
      -1.5384615384615388,
      -1.4285714285714286,
      -1.3333333333333335,
      -1.2500000000000002,
      -1.1764705882352944,
      -1.1111111111111114,
      -1.0526315789473686,
      -1.0000000000000002,
      -0.9523809523809526,
      -0.9090909090909094
    ],
    "E_coupling": [
      -20.004798656077202,
      -17.250338593134547,
      -17.141128753710095,
      -16.886246978495404,
      -16.849554355061546,
      -16.5463573250039,
      -16.50978304356342,
      -16.397889133811272,
      -16.25109401261916,
      -16.147924825942276,
      -16.062341688543405,
      -15.983153787728082,
      -15.915743903008698,
      -15.857230290729559,
      -15.805695442841143,
      -15.766212616469259
    ],
    "E_total": [
      -156.9804560786988,
      -154.72823253420427,
      -155.72049435673077,
      -156.37528942614452,
      -156.89860768446908,
      -157.0643097747095,
      -157.16259994021374,
      -157.21194037183014,
      -156.8793392550473,
      -156.45120740123892,
      -156.0192583958806,
      -155.50938298986856,
      -155.0267123710096,
      -154.535265707738,
      -154.05683549551034,
      -153.57873284296076
    ],
    "wall_times": [
      33.9003472328186,
      33.78659152984619,
      33.47730779647827,
      33.52816319465637,
      33.37657332420349,
      33.5722975730896,
      33.535404682159424,
      33.4189727306366,
      33.468642711639404,
      33.472187757492065,
      33.45849943161011,
      35.28199005126953,
      34.65429210662842,
      33.641769886016846,
      37.256269454956055,
      34.15523982048035
    ],
    "R_eq": 2.8,
    "E_min": -157.21194037183014,
    "E_dissoc": -153.57873284296076,
    "D_e": 3.6332075288693773,
    "R_valid": [
      1.4,
      1.5999999999999999,
      1.7999999999999998,
      1.9999999999999998,
      2.1999999999999997,
      2.3999999999999995,
      2.5999999999999996,
      2.8,
      2.9999999999999996,
      3.1999999999999993,
      3.3999999999999995,
      3.599999999999999,
      3.7999999999999994,
      3.9999999999999996,
      4.199999999999999,
      4.399999999999999
    ],
    "E_valid": [
      -156.9804560786988,
      -154.72823253420427,
      -155.72049435673077,
      -156.37528942614452,
      -156.89860768446908,
      -157.0643097747095,
      -157.16259994021374,
      -157.21194037183014,
      -156.8793392550473,
      -156.45120740123892,
      -156.0192583958806,
      -155.50938298986856,
      -155.0267123710096,
      -154.535265707738,
      -154.05683549551034,
      -153.57873284296076
    ]
  },
  "spectro_uncoupled": {
    "R_eq": 2.719738363784619,
    "D_e": 20.825113138153203,
    "a": 0.30734488067650356,
    "E_min": -140.7321107224518,