{
  "omega_s": 3,
  "omega_p": 2,
  "Z": 2,
  "n_r": 16,
  "n_theta": 8,
  "E_1s": -2.9036593134292987,
  "alpha_1s": 2.0742095547358086,
  "beta_1s": 0.3590177814058303,
  "E_2p": -2.123743788493874,
  "alpha_2p": 1.3093087572374036,
  "beta_2p": 0.7127280006971595,
  "D": 0.4164562107617277,
  "D_sym": 0.26849624453766474,
  "D_antisym": 0.14795996622406293,
  "D_squared": 0.17343577548201655,
  "delta_E": 0.7799155249354248,
  "f": 0.2705305077552788,
  "f_drake": 0.2761,
  "rel_err_pct": -2.017201102760303,
  "time_1s": 7.623738765716553,
  "time_2p": 167.26276326179504,
  "time_dipole": 0.05829143524169922,
  "n_basis_S": 13,
  "n_basis_P_sym": 7,
  "n_basis_P_anti": 7,
  "opt_n_iter": 51,
  "opt_n_eval": 99
}