{
  "omega_s": 3,
  "omega_p": 2,
  "Z": 2,
  "E_1s": -2.9036593134292987,
  "alpha_1s": 2.0742095547358086,
  "beta_1s": 0.3590177814058303,
  "E_2p": -2.07784132708601,
  "alpha_2p": 1.3259065694625376,
  "beta_2p": 0.8523859427507774,
  "D": -0.24612047813041854,
  "D_squared": 0.06057528975514583,
  "delta_E": 0.8258179863432886,
  "f": 0.033349442538503846,
  "f_drake": 0.2761,
  "rel_err_pct": -87.9212450059747,
  "time_1s": 7.6681671142578125,
  "time_2p": 5.274181604385376,
  "time_dipole": 0.011539220809936523
}