{
  "reference": {
    "f_drake": 0.27616,
    "E_1S_drake": -2.903724,
    "E_2P_drake": -2.123843,
    "omega_drake": 0.779881,
    "v1_track4_f": 0.444,
    "v1_track4_residual_pct": 60.8
  },
  "path_A_slater": [
    {
      "f_length": 0.45780560252713565,
      "omega_Ha": 0.7812127824626249,
      "dipole_z_au": 0.5413035600633455,
      "dipole_squared_au": 0.29300954413725183,
      "E_1S_Ha": -2.84923819647179,
      "E_2P_Ha": -2.068025414009165,
      "n_configs_1S": 3,
      "n_configs_2P": 2,
      "n_orbitals": 3,
      "Z_nuc": 2.0,
      "cond_S_1S": 1.882532560501198,
      "cond_S_2P": 1.3720541390561811,
      "n_quad": 100,
      "n_max": 2,
      "wall_seconds": 0.02582693099975586,
      "err_pct": 65.77549338323277,
      "E_1S_err_mHa": 54.485803528209864,
      "E_2P_err_mHa": 55.81758599083475,
      "omega_err_pct": 0.17076739433642907
    },
    {
      "f_length": 0.39743861097738953,
      "omega_Ha": 0.7798298272732245,
      "dipole_z_au": 0.5048008868351104,
      "dipole_squared_au": 0.2548239353495139,
      "E_1S_Ha": -2.8493611422619747,
      "E_2P_Ha": -2.06953131498875,
      "n_configs_1S": 6,
      "n_configs_2P": 6,
      "n_orbitals": 6,
      "Z_nuc": 2.0,
      "cond_S_1S": 2.243454256251083,
      "cond_S_2P": 1.876499999690825,
      "n_quad": 100,
      "n_max": 3,
      "wall_seconds": 0.19015765190124512,
      "err_pct": 43.916067126806745,
      "E_1S_err_mHa": 54.3628577380253,
      "E_2P_err_mHa": 54.31168501124972,
      "omega_err_pct": -0.006561607062561132
    },
    {
      "f_length": 0.37960595117338597,
      "omega_Ha": 0.779431879424608,
      "dipole_z_au": 0.49347189823698917,
      "dipole_squared_au": 0.2435145143496174,
      "E_1S_Ha": -2.8494277622564574,
      "E_2P_Ha": -2.0699958828318494,
      "n_configs_1S": 10,
      "n_configs_2P": 12,
      "n_orbitals": 10,
      "Z_nuc": 2.0,
      "cond_S_1S": 2.3218180080358017,
      "cond_S_2P": 1.9547819554765955,
      "n_quad": 100,
      "n_max": 4,
      "wall_seconds": 0.82267165184021,
      "err_pct": 37.458701902297925,
      "E_1S_err_mHa": 54.296237743542534,
      "E_2P_err_mHa": 53.84711716815049,
      "omega_err_pct": -0.05758834686215421
    }
  ],
  "path_B_uniform_lambda": [
    {
      "f_length": 1.66997303466066,
      "omega_Ha": 1.1486255876028806,
      "dipole_z_au": -0.8526101296819039,
      "dipole_squared_au": 0.7269440332361929,
      "E_1S_Ha": -2.8781158112763143,
      "E_2P_Ha": -1.7294902236734337,
      "n_configs_1S": 6,
      "n_configs_2P": 6,
      "n_orbitals": 6,
      "Z_nuc": 2.0,
      "cond_S_1S": 33.970562748477064,
      "cond_S_2P": 13.870466958094648,
      "n_quad": 100,
      "lam": 2.0,
      "err_pct": 504.71213595765494,
      "omega_err_pct": 47.28216068898723
    },
    {
      "f_length": 1.3866339108554429,
      "omega_Ha": 0.9864911586408338,
      "dipole_z_au": -0.8383383084080096,
      "dipole_squared_au": 0.702811119344403,
      "E_1S_Ha": -2.8772663215124274,
      "E_2P_Ha": -1.8907751628715936,
      "n_configs_1S": 6,
      "n_configs_2P": 6,
      "n_orbitals": 6,
      "Z_nuc": 2.0,
      "cond_S_1S": 33.97056274847687,
      "cond_S_2P": 13.87046695809464,
      "n_quad": 100,
      "lam": 1.6875,
      "err_pct": 402.1125111730312,
      "omega_err_pct": 26.49252368513065
    },
    {
      "f_length": 0.7269441027716799,
      "omega_Ha": 0.7740372677596006,
      "dipole_z_au": 0.6852587274350443,
      "dipole_squared_au": 0.4695795235258964,
      "E_1S_Ha": -2.8278102212263185,
      "E_2P_Ha": -2.053772953466718,
      "n_configs_1S": 6,
      "n_configs_2P": 6,
      "n_orbitals": 6,
      "Z_nuc": 2.0,
      "cond_S_1S": 33.97056274847713,
      "cond_S_2P": 13.870466958094667,
      "n_quad": 100,
      "lam": 1.0,
      "err_pct": 163.23294567340665,
      "omega_err_pct": -0.7493107590003434
    }
  ],
  "path_C_custom": [
    {
      "f_length": 0.31684338614609986,
      "omega_Ha": 0.7762050355624242,
      "dipole_z_au": 0.45177177800851637,
      "dipole_squared_au": 0.2040977394049762,
      "E_1S_Ha": -2.8493611422619747,
      "E_2P_Ha": -2.0731561066995505,
      "n_configs_1S": 6,
      "n_configs_2P": 9,
      "n_orbitals": 6,
      "Z_nuc": 2.0,
      "cond_S_1S": 2.243454256251083,
      "cond_S_2P": 39.14808066284547,
      "n_quad": 100,
      "err_pct": 14.731817115476478,
      "omega_err_pct": -0.4713494029955719,
      "E_1S_err_mHa": 54.3628577380253,
      "E_2P_err_mHa": 50.6868933004494,
      "spec_label": "C1: 2p_double"
    },
    {
      "f_length": 0.31361720847193736,
      "omega_Ha": 0.7759521168082242,
      "dipole_z_au": 0.4495391121054868,
      "dipole_squared_au": 0.20208541331258945,
      "E_1S_Ha": -2.8493611422619747,
      "E_2P_Ha": -2.0734090254537505,
      "n_configs_1S": 6,
      "n_configs_2P": 12,
      "n_orbitals": 7,
      "Z_nuc": 2.0,
      "cond_S_1S": 2.243454256251083,
      "cond_S_2P": 489.6615989271119,
      "n_quad": 100,
      "err_pct": 13.563589394531192,
      "omega_err_pct": -0.5037798320225607,
      "E_1S_err_mHa": 54.3628577380253,
      "E_2P_err_mHa": 50.43397454624943,
      "spec_label": "C2: 2p_triple"
    },
    {
      "f_length": 0.3315922363831673,
      "omega_Ha": 0.7421146085232269,
      "dipole_z_au": 0.47266308877822566,
      "dipole_squared_au": 0.22341039549337283,
      "E_1S_Ha": -2.8621365843628364,
      "E_2P_Ha": -2.1200219758396095,
      "n_configs_1S": 10,
      "n_configs_2P": 16,
      "n_orbitals": 8,
      "Z_nuc": 2.0,
      "cond_S_1S": 209617.10549312033,
      "cond_S_2P": 149675.5273122152,
      "n_quad": 100,
      "err_pct": 20.072507380926744,
      "omega_err_pct": -4.842583865586312,
      "E_1S_err_mHa": 41.587415637163616,
      "E_2P_err_mHa": 3.8210241603904294,
      "spec_label": "C3: 1s_double + 2p_triple"
    },
    {
      "f_length": 0.2650450718613808,
      "omega_Ha": 0.7549185875004141,
      "dipole_z_au": 0.4189814636971181,
      "dipole_squared_au": 0.17554546692177947,
      "E_1S_Ha": -2.877453753889917,
      "E_2P_Ha": -2.122535166389503,
      "n_configs_1S": 15,
      "n_configs_2P": 20,
      "n_orbitals": 9,
      "Z_nuc": 2.0,
      "cond_S_1S": 339704901.29486805,
      "cond_S_2P": 6025434.124923539,
      "n_quad": 100,
      "err_pct": -4.024814650426997,
      "omega_err_pct": -3.200797621635348,
      "E_1S_err_mHa": 26.270246110082773,
      "E_2P_err_mHa": 1.3078336104968002,
      "spec_label": "C4: 1s_triple + 2p_triple (saturated)"
    },
    {
      "f_length": 0.2777513122920631,
      "omega_Ha": 0.7556139805445068,
      "dipole_z_au": 0.4287094626707727,
      "dipole_squared_au": 0.18379180338346265,
      "E_1S_Ha": -2.8781939984043943,
      "E_2P_Ha": -2.1225800178598875,
      "n_configs_1S": 28,
      "n_configs_2P": 35,
      "n_orbitals": 12,
      "Z_nuc": 2.0,
      "cond_S_1S": 77518635161.68903,
      "cond_S_2P": 5124753394.972588,
      "n_quad": 100,
      "err_pct": 0.5762283792233152,
      "omega_err_pct": -3.111631063648589,
      "E_1S_err_mHa": 25.5300015956057,
      "E_2P_err_mHa": 1.2629821401124453,
      "spec_label": "C5: aggressive (1s_triple, 2s_double, 2p_quad)"
    }
  ],
  "verdict": "PARTIAL \u2014 multi-focal helps significantly (9-26%)"
}