{
  "reference": {
    "f_drake_yan_1992": 0.27616,
    "f_lower_uncertainty": 0.276,
    "f_upper_uncertainty": 0.27632,
    "source": "Drake & Yan 1992 / Theodosiou 1987 / Schiff-Pekeris"
  },
  "convergence_study": {
    "k_orb_Z": [
      {
        "n_max": 2,
        "Z": 2,
        "k_orb": 2.0,
        "n_configs_1S": 3,
        "n_configs_2P": 2,
        "E_1S_Ha": -2.8868241532812284,
        "E_2P_Ha": -1.9823916444956615,
        "omega_Ha": 0.9044325087855669,
        "omega_eV": 24.610860172026886,
        "dipole_z_au": 1.0520760349558689,
        "dipole_squared_au": 1.1068639833284626,
        "f_length": 2.002167538652295,
        "wall_seconds": 0.26833581924438477,
        "error_pct": 625.0027298132585
      },
      {
        "n_max": 3,
        "Z": 2,
        "k_orb": 2.0,
        "n_configs_1S": 6,
        "n_configs_2P": 6,
        "E_1S_Ha": -2.889578008480105,
        "E_2P_Ha": -2.1851224020925755,
        "omega_Ha": 0.7044556063875294,
        "omega_eV": 19.16921191774013,
        "dipole_z_au": 0.648271102769081,
        "dipole_squared_au": 0.4202554226854403,
        "f_length": 0.5921025772510387,
        "wall_seconds": 0.19330406188964844,
        "error_pct": 114.40562617723009
      },
      {
        "n_max": 4,
        "Z": 2,
        "k_orb": 2.0,
        "n_configs_1S": 10,
        "n_configs_2P": 12,
        "E_1S_Ha": -2.8914867456678106,
        "E_2P_Ha": -2.1984852484062154,
        "omega_Ha": 0.6930014972615952,
        "omega_eV": 18.857529757540007,
        "dipole_z_au": 0.6299488808614131,
        "dipole_squared_au": 0.39683559249854683,
        "f_length": 0.5500153195363704,
        "wall_seconds": 0.4133486747741699,
        "error_pct": 99.16545464092206
      },
      {
        "n_max": 5,
        "Z": 2,
        "k_orb": 2.0,
        "n_configs_1S": 15,
        "n_configs_2P": 20,
        "E_1S_Ha": -2.8923595153751585,
        "E_2P_Ha": -2.2032239743324937,
        "omega_Ha": 0.6891355410426647,
        "omega_eV": 18.752331738880734,
        "dipole_z_au": 0.5687134552270847,
        "dipole_squared_au": 0.3234349941563293,
        "f_length": 0.4457810993801062,
        "wall_seconds": 7.925266981124878,
        "error_pct": 61.421313506701246
      }
    ]
  },
  "z_eff_study": [
    {
      "n_max": 4,
      "Z": 2,
      "k_orb": 2.0,
      "n_configs_1S": 10,
      "n_configs_2P": 12,
      "E_1S_Ha": -2.8914867456678106,
      "E_2P_Ha": -2.1984852484062154,
      "omega_Ha": 0.6930014972615952,
      "omega_eV": 18.857529757540007,
      "dipole_z_au": 0.6299488808614131,
      "dipole_squared_au": 0.39683559249854683,
      "f_length": 0.5500153195363704,
      "label": "bare Z",
      "wall_seconds": 0.17296433448791504,
      "error_pct": 99.16545464092206
    },
    {
      "n_max": 4,
      "Z": 2,
      "k_orb": 1.6875,
      "n_configs_1S": 10,
      "n_configs_2P": 12,
      "E_1S_Ha": -3.0468839960412266,
      "E_2P_Ha": -2.231228501719826,
      "omega_Ha": 0.8156554943214007,
      "omega_eV": 22.195114753497688,
      "dipole_z_au": 0.7136493652156927,
      "dipole_squared_au": 0.5092954164727611,
      "f_length": 0.8308192093574273,
      "label": "variational 1s (27/16)",
      "wall_seconds": 0.17525720596313477,
      "error_pct": 200.84704857960136
    },
    {
      "n_max": 4,
      "Z": 2,
      "k_orb": 1.69,
      "n_configs_1S": 10,
      "n_configs_2P": 12,
      "E_1S_Ha": -3.0456056663577833,
      "E_2P_Ha": -2.2309475455633634,
      "omega_Ha": 0.8146581207944199,
      "omega_eV": 22.16797483960321,
      "dipole_z_au": 0.7127691206860456,
      "dipole_squared_au": 0.5080398194035586,
      "f_length": 0.827757529128079,
      "label": "Slater rules 1s",
      "wall_seconds": 0.1706840991973877,
      "error_pct": 199.7383868511294
    },
    {
      "n_max": 4,
      "Z": 2,
      "k_orb": 1.0,
      "n_configs_1S": 10,
      "n_configs_2P": 12,
      "E_1S_Ha": -3.417063061883893,
      "E_2P_Ha": -2.322909575491973,
      "omega_Ha": 1.09415348639192,
      "omega_eV": 29.773430519967825,
      "dipole_z_au": 1.1768877950047465,
      "dipole_squared_au": 1.3850648820311342,
      "f_length": 3.030947139106758,
      "label": "screened 2p",
      "wall_seconds": 0.17286419868469238,
      "error_pct": 997.5330022837334
    }
  ]
}