{
  "reference": {
    "f_drake": 0.27616
  },
  "F1_4exp": [
    {
      "f_length": 0.2749522733308348,
      "omega_Ha": 0.80600233473112,
      "dipole_z_au": -0.412995680738826,
      "dipole_squared_au": 0.17056543230892626,
      "E_1S_Ha": -2.8701510793282954,
      "E_2P_Ha": -2.0641487445971753,
      "n_configs_1S": 29,
      "n_configs_2P": 8,
      "n_orbitals": 14,
      "Z_nuc": 2.0,
      "cond_S_1S": 2310.1892288499525,
      "cond_S_2P": 65.94699723436268,
      "n_quad": 80,
      "config_l_pairs_1S": [
        [
          0,
          0
        ],
        [
          1,
          1
        ]
      ],
      "config_l_pairs_2P": [
        [
          0,
          1
        ]
      ],
      "lams": [
        0.3,
        0.5,
        0.75,
        1.0
      ]
    },
    {
      "f_length": 0.2758114056262704,
      "omega_Ha": 0.8029459544024022,
      "dipole_z_au": -0.41442691773740314,
      "dipole_squared_au": 0.1717496701453243,
      "E_1S_Ha": -2.8677757496780827,
      "E_2P_Ha": -2.0648297952756804,
      "n_configs_1S": 29,
      "n_configs_2P": 8,
      "n_orbitals": 14,
      "Z_nuc": 2.0,
      "cond_S_1S": 1960.2760278101841,
      "cond_S_2P": 60.74770324812717,
      "n_quad": 80,
      "config_l_pairs_1S": [
        [
          0,
          0
        ],
        [
          1,
          1
        ]
      ],
      "config_l_pairs_2P": [
        [
          0,
          1
        ]
      ],
      "lams": [
        0.3,
        0.5,
        0.7,
        1.0
      ]
    },
    {
      "f_length": 0.31606742401806986,
      "omega_Ha": 0.7956559151347724,
      "dipole_z_au": -0.445668791061908,
      "dipole_squared_au": 0.1986206713265826,
      "E_1S_Ha": -2.8686666268459313,
      "E_2P_Ha": -2.073010711711159,
      "n_configs_1S": 29,
      "n_configs_2P": 8,
      "n_orbitals": 14,
      "Z_nuc": 2.0,
      "cond_S_1S": 1883.7524450871697,
      "cond_S_2P": 59.55019155133143,
      "n_quad": 80,
      "config_l_pairs_1S": [
        [
          0,
          0
        ],
        [
          1,
          1
        ]
      ],
      "config_l_pairs_2P": [
        [
          0,
          1
        ]
      ],
      "lams": [
        0.4,
        0.5,
        0.75,
        1.0
      ]
    },
    {
      "f_length": 0.2785676164358373,
      "omega_Ha": 0.8009112482354022,
      "dipole_z_au": 0.41702118661956916,
      "dipole_squared_au": 0.17390667008959354,
      "E_1S_Ha": -2.867361856620768,
      "E_2P_Ha": -2.0664506083853658,
      "n_configs_1S": 29,
      "n_configs_2P": 8,
      "n_orbitals": 14,
      "Z_nuc": 2.0,
      "cond_S_1S": 1478.0048774248942,
      "cond_S_2P": 52.74838676521765,
      "n_quad": 80,
      "config_l_pairs_1S": [
        [
          0,
          0
        ],
        [
          1,
          1
        ]
      ],
      "config_l_pairs_2P": [
        [
          0,
          1
        ]
      ],
      "lams": [
        0.3,
        0.5,
        0.65,
        0.85
      ]
    },
    {
      "f_length": 0.2969462668665939,
      "omega_Ha": 0.79801087076113,
      "dipole_z_au": -0.4313398006962983,
      "dipole_squared_au": 0.18605402366472235,
      "E_1S_Ha": -2.8701879331738773,
      "E_2P_Ha": -2.0721770624127474,
      "n_configs_1S": 29,
      "n_configs_2P": 8,
      "n_orbitals": 14,
      "Z_nuc": 2.0,
      "cond_S_1S": 1168.0528454545642,
      "cond_S_2P": 46.89240358475301,
      "n_quad": 80,
      "config_l_pairs_1S": [
        [
          0,
          0
        ],
        [
          1,
          1
        ]
      ],
      "config_l_pairs_2P": [
        [
          0,
          1
        ]
      ],
      "lams": [
        0.4,
        0.6,
        0.8,
        1.0
      ]
    },
    {
      "f_length": 0.30814118123703077,
      "omega_Ha": 0.7961617173942921,
      "dipole_z_au": 0.43990533415386596,
      "dipole_squared_au": 0.19351670301702448,
      "E_1S_Ha": -2.868121496033244,
      "E_2P_Ha": -2.071959778638952,
      "n_configs_1S": 29,
      "n_configs_2P": 8,
      "n_orbitals": 14,
      "Z_nuc": 2.0,
      "cond_S_1S": 1370.6539004373597,
      "cond_S_2P": 50.79665930700809,
      "n_quad": 80,
      "config_l_pairs_1S": [
        [
          0,
          0
        ],
        [
          1,
          1
        ]
      ],
      "config_l_pairs_2P": [
        [
          0,
          1
        ]
      ],
      "lams": [
        0.35,
        0.5,
        0.65,
        0.85
      ]
    },
    {
      "f_length": 0.3157157071647743,
      "omega_Ha": 0.7998299077186539,
      "dipole_z_au": -0.4442569973041641,
      "dipole_squared_au": 0.1973642796537121,
      "E_1S_Ha": -2.869324279629528,
      "E_2P_Ha": -2.0694943719108743,
      "n_configs_1S": 29,
      "n_configs_2P": 8,
      "n_orbitals": 14,
      "Z_nuc": 2.0,
      "cond_S_1S": 2347.899871225182,
      "cond_S_2P": 66.48306518492706,
      "n_quad": 80,
      "config_l_pairs_1S": [
        [
          0,
          0
        ],
        [
          1,
          1
        ]
      ],
      "config_l_pairs_2P": [
        [
          0,
          1
        ]
      ],
      "lams": [
        0.3,
        0.45,
        0.65,
        0.9
      ]
    },
    {
      "f_length": 0.3277047917930073,
      "omega_Ha": 0.8016565391690529,
      "dipole_z_au": 0.4520976278740377,
      "dipole_squared_au": 0.20439226512933184,
      "E_1S_Ha": -2.8682501315203504,
      "E_2P_Ha": -2.0665935923512975,
      "n_configs_1S": 29,
      "n_configs_2P": 8,
      "n_orbitals": 14,
      "Z_nuc": 2.0,
      "cond_S_1S": 2759.7617260207267,
      "cond_S_2P": 72.0787160572457,
      "n_quad": 80,
      "config_l_pairs_1S": [
        [
          0,
          0
        ],
        [
          1,
          1
        ]
      ],
      "config_l_pairs_2P": [
        [
          0,
          1
        ]
      ],
      "lams": [
        0.25,
        0.4,
        0.6,
        0.85
      ]
    },
    {
      "f_length": 0.30651167473199326,
      "omega_Ha": 0.7980059875775378,
      "dipole_z_au": -0.4382333630924897,
      "dipole_squared_au": 0.19204848052735393,
      "E_1S_Ha": -2.8706420815936196,
      "E_2P_Ha": -2.0726360940160817,
      "n_configs_1S": 29,
      "n_configs_2P": 8,
      "n_orbitals": 14,
      "Z_nuc": 2.0,
      "cond_S_1S": 1682.3720577454985,
      "cond_S_2P": 56.277172793089775,
      "n_quad": 80,
      "config_l_pairs_1S": [
        [
          0,
          0
        ],
        [
          1,
          1
        ]
      ],
      "config_l_pairs_2P": [
        [
          0,
          1
        ]
      ],
      "lams": [
        0.4,
        0.55,
        0.75,
        1.0
      ]
    }
  ],
  "F2_1s_enrichment": [
    {
      "f_length": 0.2737346294855051,
      "omega_Ha": 0.7831360774619007,
      "dipole_z_au": 0.41805291653920845,
      "dipole_squared_au": 0.1747682410269384,
      "E_1S_Ha": -2.853686010120307,
      "E_2P_Ha": -2.0705499326584063,
      "n_configs_1S": 10,
      "n_configs_2P": 4,
      "n_orbitals": 8,
      "Z_nuc": 2.0,
      "cond_S_1S": 77.00528865773025,
      "cond_S_2P": 12.040139668167061,
      "n_quad": 80,
      "config_l_pairs_1S": [
        [
          0,
          0
        ],
        [
          1,
          1
        ]
      ],
      "config_l_pairs_2P": [
        [
          0,
          1
        ]
      ],
      "s_lams": [
        1.6875,
        0.575
      ],
      "p_lams": [
        0.4,
        0.7
      ],
      "s_panel_label": "1s_double_baseline"
    },
    {
      "f_length": 0.31641221646825946,
      "omega_Ha": 0.7914833834132713,
      "dipole_z_au": 0.4470856419716283,
      "dipole_squared_au": 0.199885571257183,
      "E_1S_Ha": -2.864899272491286,
      "E_2P_Ha": -2.0734158890780146,
      "n_configs_1S": 18,
      "n_configs_2P": 6,
      "n_orbitals": 11,
      "Z_nuc": 2.0,
      "cond_S_1S": 419.52343020960546,
      "cond_S_2P": 28.10278486667677,
      "n_quad": 80,