{
  "system": "He+ (e- on \u2074He alpha) 2S_{1/2} - 2P_{1/2} Lamb shift",
  "convention": "normal-H E(2S_{1/2}) - E(2P_{1/2}) > 0 (SE lifts 2S above 2P)",
  "step_1_normal_h_regression": {
    "label": "normal H (ep)",
    "Z": 1,
    "m_red_in_me": 0.9994556794247628,
    "r_E_fm": 0.8409,
    "component_1_dirac_baseline_MHz": 0.0,
    "fine_structure_2P_MHz_for_reference": 0.5827468186816916,
    "component_2_SE_2S_MHz": 1065.8578307457524,
    "component_2_SE_2P_MHz": -12.876880058262833,
    "component_2_SE_Lamb_MHz": 1078.7347108040153,
    "component_3_VP_beta": 274.2212624433154,
    "component_3_VP_I_2S": 5.272046555048114e-06,
    "component_3_VP_I_2P": 2.0210976883597337e-13,
    "component_3_VP_2S_full_MHz": -26.84367735370878,
    "component_3_VP_2P_full_MHz": -8.575685248629256e-08,
    "component_3_VP_Lamb_full_MHz": -26.84367726795193,
    "component_3_VP_2S_contact_MHz": -27.08448069779467,
    "component_3_VP_full_minus_contact_MHz": 0.2408034298427424,
    "component_4_FNS_2S_MHz": 0.13822953451114914,
    "component_4_FNS_Lamb_MHz": 0.13822953451114914,
    "framework_native_total_MHz": 1052.0292630705744
  },
  "step_2_he_plus_framework": {
    "label": "He+ (eHe4)",
    "Z": 2,
    "m_red_in_me": 0.9998629254365332,
    "r_E_fm": 1.6755,
    "component_1_dirac_baseline_MHz": 0.0,
    "fine_structure_2P_MHz_for_reference": 9.327748307979215,
    "component_2_SE_2S_MHz": 14052.411141618271,
    "component_2_SE_2P_MHz": -206.11403155702212,
    "component_2_SE_Lamb_MHz": 14258.525173175294,
    "component_3_VP_beta": 137.05478580893578,
    "component_3_VP_I_2S": 2.0918401827120733e-05,
    "component_3_VP_I_2P": 2.8520870029508284e-09,
    "component_3_VP_2S_full_MHz": -426.2144710912118,
    "component_3_VP_2P_full_MHz": -0.004842629165758332,
    "component_3_VP_Lamb_full_MHz": -426.20962846204606,
    "component_3_VP_2S_contact_MHz": -433.8816376292116,
    "component_3_VP_full_minus_contact_MHz": 7.672009167165527,
    "component_4_FNS_2S_MHz": 8.791272916245475,
    "component_4_FNS_Lamb_MHz": 8.791272916245475,
    "framework_native_total_MHz": 13841.106817629494
  },
  "step_3_z_scaling": {
    "SE_ratio_He_over_H": 13.21782365058779,
    "VP_ratio_He_over_H": 15.877468061012948,
    "FNS_ratio_He_over_H": 63.59909224418607,
    "naive_Z4": 16.0,
    "SE_bracket_ratio_Z2_Z1": 0.8236726772721139,
    "FNS_Z4_times_rE_ratio_squared": 63.52141180980727
  },
  "step_4_layer2_inputs": {
    "alpha2_Za4_two_loop_MHz": 6.71,
    "alpha_Za5_higher_order_MHz": 0.18,
    "alpha_Za6_ln_relativistic_bethe_MHz": 14.7,
    "recoil_NLO_MHz": -3.18,
    "polarizability_MHz": 0.06,
    "multi_loop_total_MHz": 21.59,
    "total_theory_MHz": 14041.18,
    "experimental_van_Wijngaarden_2000_MHz": 14041.13
  },
  "step_5_residuals": {
    "framework_native_subtotal_MHz": 13841.106817629494,
    "literature_multi_loop_MHz": 21.59,
    "literature_recoil_MHz": -3.18,
    "literature_polarizability_MHz": 0.06,
    "framework_plus_literature_MHz": 13859.576817629493,
    "experimental_MHz": 14041.13,
    "experimental_uncertainty_MHz": 0.17,
    "theory_MHz": 14041.18,
    "residual_native_vs_exp_MHz": -200.0231823705053,
    "residual_native_vs_exp_ppm": -14245.518869956002,
    "residual_full_vs_exp_MHz": -181.55318237050597,
    "residual_full_vs_exp_ppm": -12930.097675223145,
    "residual_native_vs_theory_MHz": -200.0731823705064,
    "residual_native_vs_theory_ppm": -14249.029096593476,
    "verdict": "POSITIVE_PARTIAL"
  },
  "constants": {
    "ALPHA": 0.0072973525692838015,
    "M_RED_EP": 0.9994556794247628,
    "M_RED_E_ALPHA": 0.9998629254365332,
    "ratio_E_alpha_over_ep": 1.0004074678048804,
    "M_PROTON_OVER_M_E": 1836.15267343,
    "M_ALPHA_OVER_M_E": 7294.29954142,
    "R_E_HE4_FM": 1.6755,
    "R_E_P_FM": 0.8409,
    "Z_HE_PLUS": 2
  }
}