{
  "D_full": {
    "n_zeros": 13,
    "sqrt_n_fit": {
      "slope_a": 19.537717928257837,
      "intercept_b": -1.7378471301936187,
      "rms": 0.790834022721914,
      "max_dev": 1.262315762438547
    },
    "sqrt_n_no_intercept": {
      "slope_a": 18.910287207076166,
      "rms": 0.9433164528613168
    },
    "linear_fit": {
      "slope": 4.064439804187382,
      "intercept": 19.188231562862825,
      "rms": 1.8175019165610202
    },
    "nlogn_fit": {
      "slope": 1.4023038881104446,
      "intercept": 26.96795936479635,
      "rms": 3.2885127821534175
    }
  },
  "D_even": {
    "n_zeros": 21,
    "sqrt_n_fit": {
      "slope_a": 18.482572831997363,
      "intercept_b": -15.912091283672538,
      "rms": 0.8393950085322524,
      "max_dev": 1.6787870391044848
    },
    "sqrt_n_no_intercept": {
      "slope_a": 13.91913979821073,
      "rms": 4.982479443798031
    },
    "linear_fit": {
      "slope": 3.0864407875164392,
      "intercept": 8.443903634411514,
      "rms": 3.063676235375611
    },
    "nlogn_fit": {
      "slope": 0.9205235312853703,
      "intercept": 16.37693708899122,
      "rms": 4.685602348840975
    }
  },
  "D_odd": {
    "n_zeros": 15,
    "sqrt_n_fit": {
      "slope_a": 18.777913509436807,
      "intercept_b": -3.662469780008801,
      "rms": 0.9138745874909728,
      "max_dev": 2.283275774829818
    },
    "sqrt_n_no_intercept": {
      "slope_a": 17.54277009635967,
      "rms": 1.4297613941482186
    },
    "linear_fit": {
      "slope": 3.67105816165414,
      "intercept": 17.630869830349535,
      "rms": 1.8794964729752959
    },
    "nlogn_fit": {
      "slope": 1.212106398584635,
      "intercept": 25.246028805650297,
      "rms": 3.3773153002431906
    }
  }
}