{
  "2.0": {
    "delta_T": 0.012962821120953476,
    "E_exchange": -0.6036036425375658,
    "ratio_abs": 0.02147571718828175,
    "S_AB_frobenius": 0.9782112758065467,
    "Re2_avg": 11.252202452045541,
    "T_l": [
      0.0,
      0.08887149020485405,
      0.26661447061456217
    ],
    "l_values": [
      0,
      1,
      2
    ],
    "E_val": -2.665395493749303,
    "S_AB_matrix": [
      [
        0.7975382478236284,
        -0.3119785659000487,
        0.20685782018049434
      ],
      [
        0.3119785659000487,
        -0.1386638155590274,
        0.09298022964511418
      ],
      [
        0.20685782018049434,
        -0.09298022964511418,
        0.06379793661734412
      ]
    ]
  },
  "2.5": {
    "delta_T": 0.02543551211031707,
    "E_exchange": -0.3711605826390317,
    "ratio_abs": 0.06852966963642826,
    "S_AB_frobenius": 0.9811700121786183,
    "Re2_avg": 9.241018322207818,
    "T_l": [
      0.0,
      0.1082131822633466,
      0.3246395467900398
    ],
    "l_values": [
      0,
      1,
      2
    ],
    "E_val": -2.637722400787905,
    "S_AB_matrix": [
      [
        0.7091040816607306,
        -0.3461881248286149,
        0.26120014467549907
      ],
      [
        0.3461881248286149,
        -0.18303486083241877,
        0.13890061098233922
      ],
      [
        0.26120014467549907,
        -0.13890061098233922,
        0.10786105750685111
      ]
    ]
  },
  "3.0": {
    "delta_T": 0.032843919449978366,
    "E_exchange": -0.2380127554847667,
    "ratio_abs": 0.13799226593164854,
    "S_AB_frobenius": 0.9722120022078443,
    "Re2_avg": 9.084784565166427,
    "T_l": [
      0.0,
      0.11007415672070818,
      0.3302224701621246
    ],
    "l_values": [
      0,
      1,
      2
    ],
    "E_val": -2.57968050310656,
    "S_AB_matrix": [
      [
        0.6446631543886752,
        -0.3458010750145571,
        0.28770360045853016
      ],
      [
        0.3458010750145571,
        -0.2071373793211212,
        0.17325289102040345
      ],
      [
        0.28770360045853016,
        -0.17325289102040345,
        0.14819946629020456
      ]
    ]
  },
  "4.0": {
    "delta_T": 0.03514515953375181,
    "E_exchange": -0.11094776688932995,
    "ratio_abs": 0.31677212186531883,
    "S_AB_frobenius": 0.9630157057084718,
    "Re2_avg": 11.536828190710265,
    "T_l": [
      0.0,
      0.08667893666001061,
      0.26003680998003187
    ],
    "l_values": [
      0,
      1,
      2
    ],
    "E_val": -2.3513558768914766,
    "S_AB_matrix": [
      [
        0.5496146757012635,
        -0.3326406722675296,
        0.31891361189542217
      ],
      [
        0.3326406722675296,
        -0.23192383001706274,
        0.2225954322126347
      ],
      [
        0.31891361189542217,
        -0.2225954322126347,
        0.21846149428167505
      ]
    ]
  },
  "5.0": {
    "delta_T": 0.030639280566594495,
    "E_exchange": -0.06777726173653459,
    "ratio_abs": 0.4520584010268259,
    "S_AB_frobenius": 0.9609449193034385,
    "Re2_avg": 15.814287423638204,
    "T_l": [
      0.0,
      0.06323395883808605,
      0.18970187651425813
    ],
    "l_values": [
      0,
      1,
      2
    ],
    "E_val": -2.0971573976519,
    "S_AB_matrix": [
      [
        0.4902983530873505,
        -0.31728836113747816,
        0.3352448276304159
      ],
      [
        0.31728836113747816,
        -0.23774644506568193,
        0.2514136649124521
      ],
      [
        0.3352448276304159,
        -0.2514136649124521,
        0.2719552018469676
      ]
    ]
  },
  "pes_full_exchange": {
    "R_eq": 2.8,
    "D_e": 0.3363485809148159,
    "E_min": -17.598374576625496,
    "R_eq_error_pct": 11.687275628240913
  },
  "pes_full_exchange_kinetic": {
    "R_eq": 2.8,
    "D_e": 0.3394557186548397,
    "E_min": -17.567847686483777,
    "R_eq_error_pct": 11.687275628240913
  }
}