{
  "1.0": {
    "Kt_limit": 1.999666633325394,
    "two_rh2": 2.0,
    "A_over_2pi": 2.0,
    "A": 12.566370614359172,
    "VolS2": 12.566370614359172
  },
  "2.0": {
    "Kt_limit": 7.9996666583328375,
    "two_rh2": 8.0,
    "A_over_2pi": 8.0,
    "A": 50.26548245743669,
    "VolS2": 12.566370614359172
  },
  "3.0": {
    "Kt_limit": 17.999666662962866,
    "two_rh2": 18.0,
    "A_over_2pi": 18.0,
    "A": 113.09733552923255,
    "VolS2": 12.566370614359172
  }
}