{
  "rho": 0.7,
  "k_max_range": [
    0,
    1,
    2,
    3,
    4,
    5,
    6,
    7,
    8,
    9,
    10,
    11,
    12,
    13,
    14,
    15,
    16,
    17,
    18,
    19,
    20
  ],
  "results": {
    "H2 mid (s=0.5)": [
      0.05775087692785496,
      0.05775087692785496,
      0.008695841366001754,
      0.008695841366001754,
      0.0016017145609307105,
      0.0016017145609307105,
      0.00032325804350137783,
      0.00032325804350137783,
      6.876949206171695e-05,
      6.876949206171695e-05,
      1.514221654067936e-05,
      1.514221654067936e-05,
      3.4161358873918e-06,
      3.4161358873918e-06,
      7.847608826149216e-07,
      7.847608826149216e-07,
      1.8281886399160156e-07,
      1.8281886399160156e-07,
      4.306792537251423e-08,
      4.306792537251423e-08,
      1.0238713402235207e-08
    ],
    "HeH+ mid (s=0.5)": [
      0.07640731091830666,
      0.05895469018736071,
      0.01087093919393993,
      0.008923913319570839,
      0.0019702494825386283,
      0.0016477233305427124,
      0.0003945801183137257,
      0.0003330122356267405,
      8.356253086255248e-05,
      7.09099321604669e-05,
      1.8344471080374432e-05,
      1.562369152136357e-05,
      4.129786037379029e-06,
      3.526469422993374e-06,
      9.47195367825922e-07,
      8.104113951833629e-07,
      2.203877655099792e-07,
      1.8885103117371103e-07,
      5.186714650839064e-08,
      4.4499852286900674e-08,
      1.2320655276654707e-08
    ],
    "HeH+ CC (s=0.5)": [
      0.3160641995724572,
      0.2275872855332503,
      0.15111463652417217,
      0.11490296089614901,
      0.08607468173439464,
      0.06731467061031995,
      0.052738194262747125,
      0.04205970241156818,
      0.033708466394775975,
      0.027263681305862025,
      0.022155180682179334,
      0.018105344164425604,
      0.014853612013589026,
      0.012233641817482179,
      0.010107440194342572,
      0.008375391723168292,
      0.006957738874763971,
      0.005793509585126538,
      0.004834092239299935,
      0.004041223139418828,
      0.0033842230831405283
    ],
    "6:1 mid (s=0.5)": [
      0.13773020659169233,
      0.0629115725669564,
      0.01802039215211648,
      0.009673576016198728,
      0.003181607910485155,
      0.0017989521763350858,
      0.0006290127089773765,
      0.0003650738453849547,
      0.00013218661280341395,
      7.794546665424794e-05,
      2.887014394786104e-05,
      1.720627906327852e-05,
      6.475523369462751e-06,
      3.889131006467861e-06,
      1.481110530576123e-06,
      8.947235261622002e-07,
      3.4387512807635297e-07,
      2.0867850511544444e-07,
      8.07898077199711e-08,
      4.9206534433518386e-08,
      1.9163908624463456e-08
    ],
    "6:1 CC (s=0.5)": [
      0.043815688823500114,
      0.005444659237943005,
      0.000494758982805116,
      7.934074983390849e-05,
      8.100377263531155e-06,
      1.4305564304504325e-06,
      1.5166923202338753e-07,
      2.84299594862882e-08,
      3.0455504000815164e-09,
      5.977830273504814e-10,
      6.383255864844799e-11,
      1.3044528504275748e-11,
      1.3769572054721855e-12,
      2.9228898015520745e-13,
      3.031858233336098e-14,
      6.6816716086405056e-15,
      6.778085953953302e-16,
      1.5517258776529862e-16,
      1.5330142157736395e-17,
      3.650465987014818e-18,
      3.4986748824020237e-19
    ],
    "H2 mid (s=1.5)": [
      0.009649847021034474,
      0.009649847021034474,
      0.000255947890950887,
      0.000255947890950887,
      8.433467781285814e-06,
      8.433467781285814e-06,
      3.0653266976185825e-07,
      3.0653266976185825e-07,
      1.1786379988738127e-08,
      1.1786379988738127e-08,
      4.700631777605058e-10,
      4.700631777605058e-10,
      1.9234527942325188e-11,
      1.9234527942325188e-11,
      8.021807611685183e-13,
      8.021807611685183e-13,
      3.3949768609717776e-14,
      3.3949768609717776e-14,
      1.45367452791892e-15,
      1.45367452791892e-15,
      6.283778667976512e-17
    ],
    "HeH+ mid (s=1.5)": [
      0.017661261984972653,
      0.009737871340900973,
      0.00041996394347285066,
      0.0002589136921592811,
      1.3401531267932754e-05,
      8.540886466447615e-06,
      4.796940110615883e-07,
      3.1064118491901067e-07,
      1.8279238531244914e-08,
      1.1949478912243446e-08,
      7.247051878854004e-10,
      4.767117973893795e-10,
      2.9530115646875475e-11,
      1.9510955882171403e-11,
      1.22771675297183e-12,
      8.138500416490231e-13,
      5.1833636189831375e-14,
      3.4448373008021154e-14,
      2.215155326937131e-15,
      1.475189215661412e-15,
      9.560361675397513e-17
    ],
    "HeH+ CC (s=1.5)": [
      0.008414768545186448,
      0.008414768545186448,
      0.0009831719955743577,
      0.0004693826044900914,
      0.00012127443433324696,
      4.469845077461753e-05,
      1.4344283577138924e-05,
      5.064140368226707e-06,
      1.7411706672771858e-06,
      6.166856172861862e-07,
      2.1814425106545639e-07,
      7.808479190873367e-08,
      2.805093692200429e-08,
      1.014095492850491e-08,
      3.6803965258267264e-09,
      1.341352708816816e-09,
      4.904955259907911e-10,
      1.7992957527606485e-10,
      6.618489992157755e-11,
      2.4406741972513763e-11,
      9.02073081528748e-12
    ],
    "6:1 mid (s=1.5)": [
      0.04539824810105429,
      0.010042627660353238,
      0.0009878175613535953,
      0.0002691818392107799,
      3.060187709613111e-05,
      8.912789631163535e-06,
      1.0792102939020136e-06,
      3.248656169805413e-07,
      4.0758704150971857e-08,
      1.2514157261482458e-08,
      1.6063224716256398e-09,
      4.99730536423346e-10,
      6.517532620038939e-11,
      2.046800004566385e-11,
      2.701000305168786e-12,
      8.542512281648447e-13,
      1.1375086159387575e-13,
      3.61746327272948e-14,
      4.851541343107911e-15,
      1.5496770084804004e-15,
      2.090449234681865e-16
    ],
    "6:1 CC (s=1.5)": [
      0.0038144114778704066,
      0.0038144114778704066,
      0.0015475358275447442,
      0.0008278927639493482,
      0.0004453909258214669,
      0.00024724694080697785,
      0.00013975092691209684,
      8.014435898887844e-05,
      4.6482496004886435e-05,
      2.7206810921917273e-05,
      1.6045255863415707e-05,
      9.523026939351174e-06,
      5.682738400668981e-06,
      3.407011873864124e-06,
      2.050992755748971e-06,
      1.239130987112848e-06,
      7.510298510455498e-07,
      4.5649567979728796e-07,
      2.7818310044683713e-07,
      1.6991535995919075e-07,
      1.0400407209159053e-07
    ]
  },
  "summary": {
    "H2 mid (s=0.5)": {
      "convergence_type": "exponential",
      "algebraic_exponent": 6.190424378698637,
      "exponential_rate": 0.7563406320887476,
      "R2_algebraic": 0.9127949972972161,
      "R2_exponential": 0.9915552457255792,
      "k_max_1pct": 2,
      "k_max_01pct": 6
    },
    "HeH+ mid (s=0.5)": {
      "convergence_type": "exponential",
      "algebraic_exponent": 6.204139873109614,
      "exponential_rate": 0.7571911709979432,
      "R2_algebraic": 0.9176371633262606,
      "R2_exponential": 0.9946460488948783,
      "k_max_1pct": 3,
      "k_max_01pct": 6
    },
    "HeH+ CC (s=0.5)": {
      "convergence_type": "exponential",
      "algebraic_exponent": 1.7237723287423072,
      "exponential_rate": 0.20709058689514848,
      "R2_algebraic": 0.9478778666080925,
      "R2_exponential": 0.9955496794963334,
      "k_max_1pct": 15,
      "k_max_01pct": null
    },
    "6:1 mid (s=0.5)": {
      "convergence_type": "exponential",
      "algebraic_exponent": 6.228205421607107,
      "exponential_rate": 0.758428018275499,
      "R2_algebraic": 0.9255399403435836,
      "R2_exponential": 0.9987290717712617,
      "k_max_1pct": 3,
      "k_max_01pct": 6
    },
    "6:1 CC (s=0.5)": {
      "convergence_type": "exponential",
      "algebraic_exponent": 15.748372949320897,
      "exponential_rate": 1.9247123760550944,