{
  "R": [
    2.0,
    2.25,
    2.5,
    2.75,
    3.0,
    3.25,
    3.5,
    3.75,
    4.0,
    4.25,
    4.5,
    4.75,
    5.0,
    5.25
  ],
  "E_pk": [
    -7.482190793795865,
    -7.537779914453017,
    -7.582231723146527,
    -7.618596980468994,
    -7.6489003684157275,
    -7.674541473109124,
    -7.696519512585126,
    -7.71556713551022,
    -7.7322338030369036,
    -7.746939685580694,
    -7.7600115810479355,
    -7.771707487490134,
    -7.782233803281665,
    -7.7917576128059
  ],
  "E_df": [
    -7.292047348892552,
    -7.347636469549795,
    -7.39208827824323,
    -7.428453535565696,
    -7.458756923512489,
    -7.484398028205851,
    -7.506376067681933,
    -7.525423690606979,
    -7.542090358133642,
    -7.55679624067748,
    -7.569868136144682,
    -7.58156404258685,
    -7.592090358378448,
    -7.601614167902683
  ],
  "E_none": [
    -7.80423770727157,
    -7.859826827928769,
    -7.904278636622254,
    -7.940643893944715,
    -7.970947281891515,
    -7.996588386584877,
    -8.01856642606088,
    -8.037614048985985,
    -8.05428071651265,
    -8.068986599056458,
    -8.082058494523741,
    -8.09375440096586,
    -8.104280716757435,
    -8.113804526281735
  ]
}