{
  "results": [
    {
      "pk_mode": "channel_blind",
      "l_max": 2,
      "n_channels": 9,
      "R_eq_bohr": 3.221586515223133,
      "R_eq_error_pct": 6.851957387168583,
      "E_min_Ha": -8.184790830866794,
      "wall_time_s": 466.2954993247986,
      "status": "OK",
      "pes_R": [
        2.0,
        2.25,
        2.5,
        2.7,
        2.8444444444444446,
        2.988888888888889,
        3.1333333333333333,
        3.2777777777777777,
        3.4222222222222225,
        3.566666666666667,
        3.7111111111111112,
        3.8555555555555556,
        4.0,
        4.5,
        5.125,
        5.75,
        6.375,
        7.0
      ],
      "pes_E": [
        -8.112075530023942,
        -8.141540463817407,
        -8.162554637242508,
        -8.172341127847352,
        -8.179321397555162,
        -8.18356508869668,
        -8.184269722366833,
        -8.18528323971513,
        -8.183847203222166,
        -8.181422172290187,
        -8.177216278285893,
        -8.171429469330374,
        -8.166241479198108,
        -8.14235791275443,
        -8.10946767541471,
        -8.074304466981468,
        -8.040714817763584,
        -8.008979738349819
      ]
    },
    {
      "pk_mode": "l_dependent",
      "l_max": 2,
      "n_channels": 9,
      "R_eq_bohr": 3.176096948986782,
      "R_eq_error_pct": 5.343182387621284,
      "E_min_Ha": -8.20239280616627,
      "wall_time_s": 479.20539474487305,
      "status": "OK",
      "pes_R": [
        2.0,
        2.25,
        2.5,
        2.7,
        2.8444444444444446,
        2.988888888888889,
        3.1333333333333333,
        3.2777777777777777,
        3.4222222222222225,
        3.566666666666667,
        3.7111111111111112,
        3.8555555555555556,
        4.0,
        4.5,
        5.125,
        5.75,
        6.375,
        7.0
      ],
      "pes_E": [
        -8.12616820096345,
        -8.157215939931971,
        -8.179985264459422,
        -8.190853622664337,
        -8.197907700707937,
        -8.201961051108345,
        -8.202484070137636,
        -8.202702208315399,
        -8.20052171160262,
        -8.197152488692957,
        -8.192089815588377,
        -8.185660520287357,
        -8.179400962053343,
        -8.152712465486074,
        -8.11651712678946,
        -8.079466250522552,
        -8.044413225376186,
        -8.011630095101983
      ]
    },
    {
      "pk_mode": "algebraic",
      "l_max": 2,
      "n_channels": 9,
      "R_eq_bohr": 1.7931263637083845,
      "R_eq_error_pct": -40.52648876589107,
      "E_min_Ha": -8.058932024573481,
      "wall_time_s": 473.02888655662537,
      "status": "OK",
      "pes_R": [
        2.0,
        2.25,
        2.5,
        2.7,
        2.8444444444444446,
        2.988888888888889,
        3.1333333333333333,
        3.2777777777777777,
        3.4222222222222225,
        3.566666666666667,
        3.7111111111111112,
        3.8555555555555556,
        4.0,
        4.5,
        5.125,
        5.75,
        6.375,
        7.0
      ],
      "pes_E": [
        -8.056214003348392,
        -8.048290321930182,
        -8.038122154749534,
        -8.029669810677982,
        -8.023782876291715,
        -8.01834751525819,
        -8.012864933178331,
        -8.007852933777691,
        -8.003503874339051,
        -7.9992122932575604,
        -7.995338044310051,
        -7.991842570971533,
        -7.988229090904198,
        -7.976749759616372,
        -7.961997589614181,
        -7.94578862073723,
        -7.928820021648386,
        -7.911130171344011
      ]
    },
    {
      "pk_mode": "channel_blind",
      "l_max": 3,
      "n_channels": 16,
      "R_eq_bohr": 3.583248742187549,
      "R_eq_error_pct": 18.84738780058205,
      "E_min_Ha": -8.206271249295547,
      "wall_time_s": 1063.4002177715302,
      "status": "OK",
      "pes_R": [
        2.0,
        2.25,
        2.5,
        2.7,
        2.8444444444444446,
        2.988888888888889,
        3.1333333333333333,
        3.2777777777777777,
        3.4222222222222225,
        3.566666666666667,
        3.7111111111111112,
        3.8555555555555556,
        4.0,
        4.5,
        5.125,
        5.75,
        6.375,
        7.0
      ],
      "pes_E": [
        -8.114375818843165,
        -8.145301217957067,
        -8.168616892166341,
        -8.180866497197293,
        -8.190033418338295,
        -8.196787885237898,
        -8.200178855506683,
        -8.204170604642357,
        -8.205944684754932,
        -8.20683780375082,
        -8.206026424440607,
        -8.203627353865253,
        -8.201881181529822,
        -8.189380144906593,
        -8.168682279330703,
        -8.142663773302871,
        -8.115782121343278,
        -8.08868840126493
      ]
    },
    {
      "pk_mode": "l_dependent",
      "l_max": 3,
      "n_channels": 16,
      "R_eq_bohr": 3.4878198858727663,
      "R_eq_error_pct": 15.68225160440352,
      "E_min_Ha": -8.232459820305792,
      "wall_time_s": 610.6768848896027,
      "status": "OK",
      "pes_R": [
        2.0,
        2.25,
        2.5,
        2.7,
        2.8444444444444446,
        2.988888888888889,
        3.1333333333333333,
        3.2777777777777777,
        3.4222222222222225,
        3.566666666666667,
        3.7111111111111112,
        3.8555555555555556,
        4.0,
        4.5,
        5.125,
        5.75,
        6.375,
        7.0
      ],
      "pes_E": [
        -8.133046968085063,
        -8.166644514584442,
        -8.193047687535206,
        -8.20765487395128,
        -8.217559085275072,
        -8.224601614890252,
        -8.22838104042989,
        -8.231703505999072,
        -8.232733520198883,
        -8.232533931591238,
        -8.230662143206473,
        -8.227532686789893,
        -8.224220815063738,
        -8.207323023152012,
        -8.180850910717801,
        -8.15151387112323,
        -8.121998250776793,
        -8.093078380430912
      ]
    },
    {
      "pk_mode": "algebraic",
      "l_max": 3,
      "n_channels": 16,
      "R_eq_bohr": 4.715029869711644,
      "R_eq_error_pct": 56.385733655444255,
      "E_min_Ha": -8.084129533359436,
      "wall_time_s": 484.6770849227905,
      "status": "OK",
      "pes_R": [
        2.0,
        2.25,
        2.5,
        2.7,
        2.8444444444444446,
        2.988888888888889,
        3.1333333333333333,
        3.2777777777777777,
        3.4222222222222225,
        3.566666666666667,
        3.7111111111111112,
        3.8555555555555556,
        4.0,
        4.5,
        5.125,
        5.75,
        6.375,
        7.0
      ],
      "pes_E": [
        -8.0603715831153,
        -8.055837306218143,
        -8.051613641067874,
        -8.050325192112481,
        -8.050997610580396,
        -8.05314142451203,
        -8.056162217378862,
        -8.059875448287103,
        -8.06413121740038,
        -8.068259808401658,
        -8.072169905812762,
        -8.075791220285558,
        -8.078624484525083,
        -8.084262489436732,
        -8.081717953742867,
        -8.071803055029257,
        -8.057137323079136,
        -8.039671342942398
      ]
    },
    {
      "pk_mode": "channel_blind",
      "l_max": 4,
      "n_channels": 25,
      "R_eq_bohr": 3.9557489506240358,
      "R_eq_error_pct": 31.20228691953683,
      "E_min_Ha": -8.255524786455283,
      "wall_time_s": 1121.4282462596893,
      "status": "OK",
      "pes_R": [
        2.0,
        2.25,
        2.5,
        2.7,
        2.8444444444444446,
        2.988888888888889,
        3.1333333333333333,
        3.2777777777777777,
        3.4222222222222225,
        3.566666666666667,
        3.7111111111111112,
        3.8555555555555556,
        4.0,
        4.5,
        5.125,
        5.75,
        6.375,
        7.0
      ],