{
  "H2": {
    "2": {
      "R_eq": 1.4514,
      "E_min": -1.158317,
      "n_ch": 5,
      "wall_time_s": 470.1,
      "fit_success": true
    },
    "3": {
      "R_eq": 1.4582,
      "E_min": -1.159687,
      "n_ch": 9,
      "wall_time_s": 1214.6,
      "fit_success": true
    },
    "4": {
      "R_eq": 1.4912,
      "E_min": -1.174004,
      "n_ch": 14,
      "wall_time_s": 3796.1,
      "fit_success": true
    }
  },
  "HeH+": {
    "2": {
      "R_eq": 1.464,
      "E_min": -2.865305,
      "n_ch": 9,
      "wall_time_s": 1375.4,
      "fit_success": true
    },
    "3": {
      "R_eq": 1.6513,
      "E_min": -2.926623,
      "n_ch": 16,
      "wall_time_s": 6600.4,
      "fit_success": true
    },
    "4": {
      "R_eq": 1.9887567525473189,
      "E_min": -2.9774354252655333,
      "n_ch": 25,
      "wall_time_s": 2236.9,
      "fit_success": true,
      "R_grid": [
        1.0,
        1.4285714285714286,
        1.8571428571428572,
        2.2857142857142856,
        2.7142857142857144,
        3.142857142857143,
        3.571428571428571,
        4.0
      ],
      "E_total": [
        -2.812502123807252,
        -2.9582192978482813,
        -2.967895411911033,
        -2.943546665170489,
        -2.9071831686841985,
        -2.8617024109590616,
        -2.806539027878279,
        -2.744826146717335
      ]
    }
  },
  "eff_LiH_midpoint": {
    "2": {
      "R_eq": 2.0,
      "E_min": -1.109675818578481,
      "n_ch": 5,
      "wall_time_s": 88.9,
      "fit_success": false,
      "R_grid": [
        2.0,
        2.7142857142857144,
        3.428571428571429,
        4.142857142857142,
        4.857142857142858,
        5.571428571428571,
        6.285714285714286,
        7.0
      ],
      "E_total": [
        -1.109675818578481,
        -1.02499684060536,
        -0.9478958716896878,
        -0.8818938633224616,
        -0.824840250438712,
        -0.7747999621159749,
        -0.7304828199783912,
        -0.6908506633576812
      ]
    },
    "4": {
      "R_eq": 2.0,
      "E_min": -1.1370544131656575,
      "n_ch": 13,
      "wall_time_s": 507.0,
      "fit_success": false,
      "R_grid": [
        2.0,
        2.7142857142857144,
        3.428571428571429,
        4.142857142857142,
        4.857142857142858,
        5.571428571428571,
        6.285714285714286,
        7.0
      ],
      "E_total": [
        -1.1370544131656575,
        -1.0738529125605676,
        -1.023116393940494,
        -0.9831260330651594,
        -0.9474261373649617,
        -0.9132693662254503,
        -0.8802295950872502,
        -0.8481754344956245
      ]
    }
  },
  "eff_LiH_chargecenter": {
    "2": {
      "R_eq": 2.0,
      "E_min": -1.0218437758498702,
      "n_ch": 5,
      "wall_time_s": 86.7,
      "fit_success": false,
      "R_grid": [
        2.0,
        2.7142857142857144,
        3.428571428571429,
        4.142857142857142,
        4.857142857142858,
        5.571428571428571,
        6.285714285714286,
        7.0
      ],
      "E_total": [
        -1.0218437758498702,
        -0.9295673388461294,
        -0.8454187994640298,
        -0.7740294788564817,
        -0.713937588346069,
        -0.6630251759652366,
        -0.6194508820862102,
        -0.5818065190804997
      ]
    },
    "4": {
      "R_eq": 2.0,
      "E_min": -1.0318417272904852,
      "n_ch": 13,
      "wall_time_s": 510.4,
      "fit_success": false,
      "R_grid": [
        2.0,
        2.7142857142857144,
        3.428571428571429,
        4.142857142857142,
        4.857142857142858,
        5.571428571428571,
        6.285714285714286,
        7.0
      ],
      "E_total": [
        -1.0318417272904852,
        -0.9439544722419146,
        -0.8640812397406809,
        -0.7964847211696293,
        -0.7394755987385013,
        -0.6909013297087758,
        -0.6490504133011726,
        -0.6126502287877114
      ]
    }
  },
  "channel_weights_lmax4": {
    "HeH+": {
      "(0, 0)": 0.6822114380291745,
      "(0, 1)": 0.09128287415000755,
      "(1, 0)": 0.09128287415011141,
      "(0, 2)": 0.05472748681184597,
      "(1, 1)": 0.00011900863087214272,
      "(2, 0)": 0.05472748681184584,
      "(0, 3)": 0.0038186835287205624,
      "(1, 2)": 0.004341501007542289,
      "(2, 1)": 0.004341501007531821,
      "(3, 0)": 0.0038186835287235413,
      "(0, 4)": 0.0026634379553304916,
      "(1, 3)": 0.0001606230073458377,
      "(2, 2)": 0.0024733591433918197,
      "(3, 1)": 0.00016062300734536855,
      "(4, 0)": 0.002663437955329969,
      "(1, 4)": 0.0002590853413227279,
      "(2, 3)": 0.00017193862195217792,
      "(3, 2)": 0.00017193862195235966,
      "(4, 1)": 0.0002590853413221329,
      "(2, 4)": 0.0001321445598541427,
      "(3, 3)": 5.8661146703135594e-05,
      "(4, 2)": 0.00013214455985412603,
      "(3, 4)": 9.142825637195288e-06,
      "(4, 3)": 9.142825637191932e-06,
      "(4, 4)": 3.697430645636104e-06
    },
    "H2": {
      "(0, 0)": 0.9361710246722444,
      "(0, 2)": 0.023767995557942383,
      "(1, 1)": 0.01403806719136194,
      "(2, 0)": 0.023767995557945867,
      "(0, 4)": 0.00079671230736941,
      "(1, 3)": 0.0002174856077700344,
      "(2, 2)": 0.00017521477745777533,
      "(3, 1)": 0.00021748560777005733,
      "(4, 0)": 0.0007967123073695754,
      "(2, 4)": 1.102860979850527e-05,
      "(3, 3)": 2.830996096158666e-05,
      "(4, 2)": 1.1028609798504676e-05,
      "(4, 4)": 9.392322099523314e-07
    }
  }
}