{
  "muonic_h_regression": {
    "Z": 1,
    "m_red_in_me": 185.84083462261438,
    "uehling_beta": 1.4747673659804421,
    "VP_uehling_lamb_meV": 205.0073802712121,
    "SE_lamb_meV": -0.829541076886904,
    "FNS_lamb_meV": -3.6751858207157486,
    "framework_total_meV": 200.50265337360946,
    "antognini_VP": 205.0074,
    "antognini_total_framework": 200.5,
    "diff_VP_vs_antognini_meV": -1.9728787890471722e-05,
    "diff_VP_vs_antognini_ppm": -0.09623451587831329
  },
  "muonic_he4_full": {
    "Z": 2,
    "m_red_in_me": 201.06867810962348,
    "m_red_ratio_to_muonic_H": 1.0819402448225772,
    "r_E_fm": 1.6755,
    "uehling_beta": 0.6815382702684673,
    "uehling_beta_muH": 1.4747673659804421,
    "I_2S_uehling": 0.12258393942704791,
    "I_2P_uehling": 0.29137185690574297,
    "SE_2S_meV": 11.686929952360833,
    "SE_2P_meV": -0.1714182870225174,
    "SE_Lamb_muonic_meV": -11.85834823938335,
    "VP_2S_full_meV": -2077.221729611514,
    "VP_2P_full_meV": -411.4486472091085,
    "VP_Lamb_muonic_full_meV": 1665.7730824024056,
    "VP_2S_contact_meV": -14592.46898796367,
    "VP_Lamb_muonic_contact_meV": 14592.46898796367,
    "contact_form_overshoot_factor": 8.7601781671956,
    "FNS_2S_meV": 295.67136810861894,
    "FNS_Lamb_muonic_meV": -295.67136810861894,
    "framework_native_total_meV": 1358.2433660544034,
    "diepold_VP_uehling": 1666.305,
    "diepold_SE_muon": -10.943,
    "diepold_FNS_at_1.681_fm": -289.295,
    "diepold_FNS_at_R_HE4_FM_rescaled": -287.4050302993601,
    "VP_uehling_residual_vs_diepold_meV": -0.531917597594429,
    "VP_uehling_residual_vs_diepold_pct": -0.03192198292596067,
    "SE_residual_vs_diepold_meV": -0.9153482393833503,
    "SE_residual_vs_diepold_pct": 8.364691943556156,
    "FNS_residual_vs_diepold_meV": -8.266337809258857,
    "FNS_residual_vs_diepold_pct": 2.87619802640499,
    "diepold_FNS_total_at_R_HE4_FM": -284.2656746390619,
    "FNS_residual_vs_diepold_total_meV": -11.405693469557036,
    "FNS_residual_vs_diepold_total_pct": 4.0123358136852385,
    "KS_2loop_VP_meV_literature": 1.805,
    "multiloop_meV_literature": -1.018,
    "recoil_meV_literature": -5.941000000000001,
    "polarizability_meV_literature": 4.061,
    "FNS_HO_meV_literature": 1.51,
    "framework_plus_literature_total_meV": 1358.6603660544033,
    "experimental_meV": 1378.521,
    "residual_meV": -19.860633945596646,
    "residual_ppm": -14407.204493509093,
    "residual_pct": -1.4407204493509091,
    "fns_coef_meV_per_fm2": -105.32231745023317,
    "r_sensitivity_meV_per_fm": -352.93508577573135,
    "r_alpha_extracted_shift_fm": -0.05627276727657749,
    "r_alpha_extracted_fm": 1.6192272327234225,
    "r_alpha_CREMA_2021": 1.67824,
    "r_alpha_extraction_vs_CREMA_fm": -0.05901276727657745
  },
  "z_scaling_analysis": {
    "SE_ratio_observed": 14.29507057551059,
    "SE_ratio_z4_naive": 17.311043917161236,
    "VP_ratio_observed": 8.125429826958868,
    "VP_ratio_z4_naive": 17.311043917161236,
    "FNS_ratio_observed": 80.4507261760812,
    "FNS_ratio_z4_r2_naive": 80.45072617608119,
    "comment": "Z^4 m_red SE scaling holds at leading log; Z^2 (Za)^4 = (Za)^4 Z^2 ~ Z^6 for non-log piece. VP picks up extra Z from the Coulomb-strength factor. FNS scales (Z alpha)^4 m_red^3 r_E^2."
  },
  "diepold_2018_reference": {
    "VP_uehling_one_loop": 1666.305,
    "VP_kallen_sabry_two_loop": 1.668,
    "VP_three_loop_higher": 0.137,
    "SE_muon_one_loop": -10.943,
    "SE_two_loop_plus_VPVP_mixed": -1.052,
    "alpha7_higher_order": 0.034,
    "recoil_relativistic": -7.001,
    "recoil_binding": 1.06,
    "hadronic_VP": 0.48,
    "polarizability_inelastic": 3.1,
    "polarizability_hadronic_dispersive": 0.481,
    "finite_size_leading": -289.295,
    "finite_size_HO": 1.7,
    "finite_size_recoil_corr": 1.46,
    "FS_NS_cross": 1.51,
    "r_alpha_used": 1.681,
    "r_alpha_CREMA_extracted": 1.67824,
    "experimental": 1378.521,
    "experimental_uncertainty": 0.048
  },
  "constants": {
    "ALPHA": 0.0072973525692838015,
    "M_MU_OVER_M_E": 206.768283,
    "M_P_OVER_M_E": 1836.15267343,
    "M_HE4_NUC_OVER_M_E": 7294.29954136,
    "M_RED_MUONIC_H": 185.84083462261438,
    "M_RED_MUONIC_HE4": 201.06867810962348,
    "R_HE4_FM": 1.6755,
    "R_P_FM": 0.8409,
    "LAMB_MUHE4_EXP_MEV": 1378.521,
    "LAMB_MUHE4_EXP_UNCERTAINTY": 0.048
  }
}