{
  "result": {
    "lepton": "muonic_deuterium",
    "m_red_in_me": 195.7416251724825,
    "m_red_ratio_to_muH": 1.0532756461731005,
    "uehling_beta": 1.4001722828575414,
    "I_2S_uehling": 0.059484513677872074,
    "I_2P_uehling": 0.051457898958333574,
    "C1_VP_uehling_2S_meV": -245.31944535584427,
    "C1_VP_uehling_2P_meV": -17.684747467770187,
    "C1_VP_uehling_meV": 227.63469788807407,
    "C2_SE_2S_meV": 0.8633056148612362,
    "C2_SE_2P_meV": -0.010429798923947426,
    "C2_SE_meV": -0.8737354137851837,
    "C3_FNS_leading_2S_meV": 27.846573230429016,
    "C3_FNS_leading_meV": -27.846573230429016,
    "framework_native_total_meV": 198.9143892438599,
    "C4_recoil_meV": 0.06369999999999999,
    "C5_polarizability_meV": 1.69,
    "companion_multiloop_QED_meV": 1.8578000000000001,
    "companion_friar_HO_meV": 0.103,
    "framework_plus_literature_total_meV": 202.6288892438599,
    "experimental_meV": 202.8785,
    "residual_meV": -0.24961075614010042,
    "residual_pct": -0.1230346025528089,
    "krauth_VP_uehling": 228.774,
    "krauth_VP_uehling_residual_meV": -1.1393021119259288,
    "krauth_VP_uehling_residual_pct": -0.49800331852654967,
    "krauth_SE": -0.6209,
    "krauth_SE_residual_meV": -0.2528354137851837,
    "krauth_FNS_leading": -27.84,
    "krauth_FNS_leading_residual_meV": -0.006573230429015808,
    "krauth_FNS_leading_residual_pct": 0.023610741483533794
  },
  "krauth_2016_reference": {
    "VP_uehling_one_loop": 228.774,
    "VP_kallen_sabry_two_loop": 1.6664,
    "VP_uehling_iterated": 0.1539,
    "VP_mixed_VP_SE": 0.0234,
    "VP_3loop_higher_order": 0.0046,
    "SE_muon": -0.6209,
    "SE_correction_higher_order": 0.0095,
    "muon_form_factor": 0.0,
    "recoil_NLO": 0.0667,
    "recoil_higher_order": -0.003,
    "FNS_leading_at_r_d": -27.84,
    "FNS_higher_order": 0.15,
    "FNS_recoil_mixing": -0.047,
    "nuclear_polarizability": 1.69,
    "nuclear_polarizability_unc": 0.02,
    "experimental": 202.8785,
    "experimental_unc": 0.0034,
    "Pohl_2016_reference": "Science 353, 669 (2016)",
    "Krauth_2016_reference": "Annals of Phys. 366, 168 (2016)"
  },
  "constants": {
    "ALPHA": 0.0072973525692838015,
    "M_MU_OVER_M_E": 206.768283,
    "M_P_OVER_M_E": 1836.15267343,
    "M_D_OVER_M_E": 3670.48296788,
    "M_RED_MUONIC_H": 185.84083462261438,
    "M_RED_MUONIC_D": 195.7416251724825,
    "R_P_FM": 0.8409,
    "R_D_FM": 2.1413,
    "LAMBDA_C_E_FM": 386.15926764
  }
}