{
  "muh_hfs": {
    "A_strict_MHz": 44114600.598952256,
    "A_schwinger_MHz": 44166034.73378573,
    "A_final_eides_MHz": 43841863.32382317,
    "A_final_karsh_MHz": 43839071.41694311,
    "zemach_eides_ppm": -7339.83505461912,
    "zemach_karsh_ppm": -7403.048945041677,
    "zemach_electronic_ppm": -39.47377790608883,
    "enhancement": 185.94204669441964,
    "convention_split_MHz": 2791.906880058348,
    "convention_split_ppm": 63.681300665459126
  },
  "cliff_sequence": {
    "Li-7": {
      "Z": 3,
      "n": 2,
      "Z_eff": 1.279,
      "A_fw_MHz": 20.98285196834218,
      "A_exp_MHz": 401.752,
      "cliff_pct": -94.7771630338263,
      "psi0_sq": 0.08324760995864891
    },
    "Na-23": {
      "Z": 11,
      "n": 3,
      "Z_eff": 2.507,
      "A_fw_MHz": 9.628408824692972,
      "A_exp_MHz": 885.813,
      "cliff_pct": -98.91304272745003,
      "psi0_sq": 0.1857587863795117
    },
    "K-39": {
      "Z": 19,
      "n": 4,
      "Z_eff": 2.162,
      "A_fw_MHz": 0.27135238917060345,
      "A_exp_MHz": 230.86,
      "cliff_pct": -99.88246019701525,
      "psi0_sq": 0.050261705617553845
    },
    "Rb-85": {
      "Z": 37,
      "n": 5,
      "Z_eff": 2.771,
      "A_fw_MHz": 0.27835996587034584,
      "A_exp_MHz": 1011.911,
      "cliff_pct": -99.97249165530661,
      "psi0_sq": 0.0541813337555078
    },
    "Cs-133": {
      "Z": 55,
      "n": 6,
      "Z_eff": 3.475,
      "A_fw_MHz": 0.27667346623236677,
      "A_exp_MHz": 2298.158,
      "cliff_pct": -99.98796107725263,
      "psi0_sq": 0.061838764339049904
    }
  }
}