{
  "task": "Calc Track muH Lamb Autopsy v1: Five-component Roothaan decomposition",
  "anchor": "Paper 34 \u00a7V.C.3 placeholder fill",
  "experimental": {
    "CREMA_2010_meV": 202.3706,
    "uncertainty_meV": 0.0023,
    "convention": "muonic E(2P_{1/2}) - E(2S_{1/2}) > 0"
  },
  "components": {
    "component_1": {
      "tag": "\u00a7III.17 spectral_action (full Uehling)",
      "framework_native": true,
      "value_meV": 205.0073802712121,
      "antognini_2013_meV": 205.0074,
      "krauth_2017_meV": 205.0282,
      "antognini_residual_meV": -1.9728787890471722e-05,
      "antognini_residual_ppm": -0.09623451587831329,
      "krauth_residual_meV": -0.02081972878789884,
      "krauth_residual_ppm": -101.54568390055046,
      "convention_mismatch_ppm": 101.45975218459611,
      "convention_mismatch_meV": 0.020800000000008367,
      "uehling_beta_muonic": 1.4747673659804421,
      "uehling_beta_normal_H": 274.2212624433154,
      "I_2S": 0.05608085253913276,
      "I_2P": 0.04467360705127523,
      "VP_2S_meV": -219.583965290912,
      "VP_2P_meV": -14.576585019699904,
      "rest_mass_projection_check": {
        "normal_H_VP_full_MHz": 26.84367726810536,
        "normal_H_VP_contact_MHz": 27.08448069779467,
        "normal_H_full_minus_contact_MHz": -0.24080342968931134,
        "comment": "Both full-Uehling and contact-form give consistent normal-H VP in the regime \u03b2 >> 1 (\u03b2_H = 274). At \u03b2 << 1 (\u03b2_muH = 1.475), contact form fails and full kernel is structurally required. The framework's Uehling integrator has clean rest-mass projection from electronic to muonic \u2014 only the energy-unit Ha_lepton scales, and the kernel U(s) stays the same."
      },
      "three_class_tag": "[LCM] convention mismatch Antognini vs Krauth: 102 ppm (3.4\u00d7 the framework's own Antognini residual). Must declare reference. Antognini 2013 chosen for primary anchor."
    },
    "component_2": {
      "tag": "\u00a7III.5 Sturmian + \u00a7III.14 rest-mass projection",
      "framework_native": true,
      "value_meV": -0.829541076886904,
      "antognini_2013_meV": -0.6677,
      "antognini_residual_meV": -0.16184107688690408,
      "antognini_residual_pct": 24.238591715876005,
      "krauth_implied_SE_meV": -0.6677,
      "convention_mismatch_meV": -2.7755575615628914e-17,
      "SE_2S_meV": 0.8196388267381967,
      "SE_2P_meV": -0.009902250148707359,
      "sturmian_lam_muH_2S": 0.6780730460055906,
      "sturmian_lam_H_2S": 0.00364669023506779,
      "lam_ratio": 185.94204670443733,
      "comment": "SE residual -0.1618 meV (+24.2%) is the leading-order Eides bracket without sub-leading \u03b1(Z\u03b1)\u2074\u00d7(m_red/m_p) recoil-mixing terms. The W1a Roothaan recoil framework gives access to these (cross_register_vne) but at the SE-bracket level requires deeper integration than the leading-order rest-mass projection.",
      "three_class_tag": "[FKG] framework kernel gap at sub-leading recoil-mixing in SE bracket. Leading m_red scaling is correct; ~24% gap is structural at LS-8a-recoil interface. Layer-2 input (Antognini's recoil line) absorbs this cleanly."
    },
    "component_3": {
      "tag": "\u00a7III.18 magnetization_density (extended to Friar/charge channel)",
      "framework_native": true,
      "closed_form_value_meV": -3.6751858207157486,
      "closed_form_residual_vs_antognini_meV": 0.16671417928425125,
      "closed_form_residual_vs_antognini_pct": -4.339368002401188,
      "operator_level_value_meV": -4.329726325942717,
      "operator_level_residual_vs_antognini_meV": -0.48782632594271735,
      "operator_level_residual_vs_antognini_pct": 12.697527940412748,
      "antognini_FNS_at_84087_meV": -3.8419,
      "r_p_used_fm": 0.8409,
      "r_p_antognini_fm": 0.84087,
      "r_squared_charge_bohr2": 2.9748672028343467e-10,
      "r_squared_expected_bohr2": 2.525145708656247e-10,
      "FNS_at_antognini_rp_meV": -3.6749235930837387,
      "coefficient_meV_per_fm2": -5.197453318255895,
      "borie_2012_coefficient_meV_per_fm2": -5.1973,
      "coefficient_residual_pct": 0.002949959707821305,
      "m_e_au_hardcode_flag": {
        "spec_lepton_mass_used": 185.84083462261438,
        "magnetization_density_line": "geovac/magnetization_density.py uses spec.lepton_mass which we set to m_red,\u03bc. Operator-level construction propagates this to the leading-order shift via delta_LO = -2 Z m_e_au M_1. The hardcode flag refers to OTHER contexts where m_e_au=1.0 is used as a default; our explicit override avoids the issue. DO NOT modify production code.",
        "production_code_modified": false
      },
      "comment": "Closed-form Friar at +-4.34% vs Antognini; operator-level at ++12.70%. Both are leading-order in r_p/a_\u03bc; the residual is the higher-order Friar moment (Friar 1979) from <r\u2074> and recoil-mixing, which the framework doesn't capture at this scope. The operator-level construction validates the leading-order match but does not improve over the closed-form formula at this order \u2014 both are equivalent leading-order extractions of the same matrix element.",
      "three_class_tag": "[FKG] framework kernel gap at higher-order Friar moments. Leading-order is correct (4.3% off Antognini). Sub-leading <r\u2074> and recoil-mixing terms would require Phase C-W1b extension to include rho^2 convolution at next-to-leading multipole. Sprint Calc-rZG-extended-v2 shipped recoil-mixing at +9.2% factor; applying same machinery to Friar moment is the next sprint."
    },
    "component_4": {
      "tag": "Layer-2 input; LS-8a renormalization wall",
      "framework_native": false,
      "value_meV": 1.5081,
      "antognini_2013_meV": 1.5081,
      "krauth_2017_meV": 1.5081,
      "convention_mismatch_meV": 0.0,
      "comment": "K\u00e4ll\u00e9n-Sabry two-loop VP. Antognini and Krauth conventions agree to printed precision. Framework hits LS-8a wall in vertex sector: bare iterated CC reproduces UV-divergent integrand correctly but cannot generate Z_2/\u03b4m counterterms.",
      "three_class_tag": "[L2W] LS-8a renormalization wall, vertex sector. Multi-loop QED is structural (not GeoVac-specific) frontier-of-field; framework has clean scope boundary at one-loop closure."
    },
    "component_5": {
      "tag": "Layer-2 input; W3 inner-factor calibration (QCD-internal)",
      "framework_native": false,
      "value_meV": 0.0129,
      "uncertainty_meV": 0.005,
      "antognini_2013_meV": 0.0129,
      "comment": "Proton polarizability from Compton + inelastic photoabsorption. Categorically QCD-internal; sits at W3 inner-factor calibration. Dominant theoretical uncertainty in muonic H Lamb shift.",
      "three_class_tag": "[L2W] W3 inner-factor calibration; QCD-internal proton structure. Outside spectral-action framework scope by construction."
    },
    "companions": {
      "recoil_meV": -0.0451,
      "VP_VP_mixed_meV": 0.15,
      "VP_SE_mixed_meV": 0.001,
      "alpha7_higher_order_meV": 0.038,
      "total_meV": 0.1439,
      "tag": "Layer-2 inputs (Antognini 2013 catalogue, not framework-native)",
      "comment": "These contributions sum to +0.143 meV. They cover (a) leading-order recoil where Phase C-W1a-physics gives partial access via cross_register_vne, (b) mixed VP-VP / VP-SE which are LS-8a multi-loop wall, and (c) alpha^7 higher-order multi-loop QED."
    }
  },
  "cumulative": {
    "chain": [
      {
        "step": "1. Full Uehling VP",
        "tag": "\u00a7III.17 spectral_action (full Uehling)",
        "value_meV": 205.0073802712121,
        "cumulative_meV": 205.0073802712121,
        "residual_vs_CREMA_meV": 2.6367802712121033,
        "residual_pct": 1.302946312958554
      },
      {
        "step": "2. SE Bethe-log",
        "tag": "\u00a7III.5 Sturmian + \u00a7III.14 rest-mass projection",
        "value_meV": -0.829541076886904,
        "cumulative_meV": 204.1778391943252,
        "residual_vs_CREMA_meV": 1.8072391943252057,