{
  "deuteron_N2": {
    "hw_opt": 3.0,
    "E_opt": 5.225841523628571,
    "alpha_opt": 4.90253097693492,
    "hw_alpha": 8.0,
    "alpha_match": 0.6944271867321195,
    "E_alpha": 11.90664630714043,
    "hw_interp": 8.434653888160929,
    "hw_gap": -5.0,
    "scan_hw": [
      3.0,
      4.0,
      5.0,
      6.0,
      7.0,
      8.0,
      9.0,
      10.0,
      11.0,
      12.0,
      13.0,
      14.0,
      15.0,
      16.0,
      17.0,
      18.0,
      19.0,
      20.0,
      21.0,
      22.0,
      23.0,
      24.0,
      25.0,
      26.0,
      27.0,
      28.0,
      29.0,
      30.0,
      31.0,
      32.0,
      33.0,
      34.0,
      35.0,
      36.0,
      37.0,
      38.0,
      39.0,
      40.0,
      41.0,
      42.0,
      43.0,
      44.0,
      45.0,
      46.0,
      47.0,
      48.0,
      49.0,
      50.0
    ],
    "scan_E": [
      5.225841523628571,
      6.552775541970209,
      7.851201546960146,
      9.161071443881726,
      10.507558835412516,
      11.90664630714043,
      13.368302140784719,
      14.898433780541094,
      16.50015369790777,
      18.174630378829114,
      19.921675804040824,
      21.740159005524937,
      23.628301385704845,
      25.58388977490219,
      27.604431194830447,
      29.68726569981729,
      31.829648710785005,
      34.02881093802786,
      36.2820017175891,
      38.58652000283156,
      40.939736131594266,
      43.3391066844047,
      45.78218416446948,
      48.26662280096544,
      50.790181459264886,
      53.3507244044193,
      55.946220485837614,
      58.57474117619136,
      61.23445779501814,
      63.92363816917764,
      66.64064292227565,
      69.38392153900561,
      72.15200831476825,
      74.94351827344484,
      77.75714311495133,
      80.59164723776613,
      83.44586386891955,
      86.31869132412498,
      89.20908941317833,
      92.11607599995615,
      95.0387237219211,
      97.9761568706915,
      100.92754843271935,
      103.89211728726268,
      106.8691255574899,
      109.85787610960294,
      112.8577101942248,
      115.86800522389093
    ],
    "scan_alpha": [
      4.90253097693492,
      2.742132275796674,
      1.7540167058215477,
      1.2212396607758063,
      0.9014526741464726,
      0.6944271867321195,
      0.5526426809202163,
      0.4512173758218952,
      0.3760997342255477,
      0.31886679282877606,
      0.27421977327788866,
      0.23868951605833108,
      0.2099271820203225,
      0.18629626208077782,
      0.1666280160603763,
      0.15006958297109196,
      0.1359866930052583,
      0.1238996436844168,
      0.11344014563278541,
      0.10432160768924813,
      0.09631828047361601,
      0.08925036250275617,
      0.0829731963364655,
      0.0773693189525572,
      0.07234253545015214,
      0.06781344783910008,
      0.06371604419290595,
      0.05999507000844129,
      0.05660398313906886,
      0.05350334869979946,
      0.05065956893400776,
      0.04804387042835326,
      0.045631490737549296,
      0.043401020762701886,
      0.04133386969924907,
      0.039413827122306386,
      0.037626702566552025,
      0.03596002731791558,
      0.03440280644424218,
      0.032945311623675484,
      0.031578907279576164,
      0.03029590404310174,
      0.029089434744928134,
      0.027953349064484417,
      0.026882123697161857,
      0.025870785481390064,
      0.02491484539168884,
      0.02401024167630221
    ]
  },
  "deuteron_N3": {
    "hw_opt": 3.0,
    "E_opt": 5.225841523628572,
    "alpha_opt": 4.902530976934919,
    "hw_alpha": 8.0,
    "alpha_match": 0.69442718673212,
    "E_alpha": 11.906646307140432,
    "hw_interp": 8.43465388816093,
    "hw_gap": -5.0,
    "scan_hw": [
      3.0,
      4.0,
      5.0,
      6.0,
      7.0,
      8.0,
      9.0,
      10.0,
      11.0,
      12.0,
      13.0,
      14.0,
      15.0,
      16.0,
      17.0,
      18.0,
      19.0,
      20.0,
      21.0,
      22.0,
      23.0,
      24.0,
      25.0,
      26.0,
      27.0,
      28.0,
      29.0,
      30.0,
      31.0,
      32.0,
      33.0,
      34.0,
      35.0,
      36.0,
      37.0,
      38.0,
      39.0,
      40.0,
      41.0,
      42.0,
      43.0,
      44.0,
      45.0,
      46.0,
      47.0,
      48.0,
      49.0,
      50.0
    ],
    "scan_E": [
      5.225841523628572,
      6.552775541970211,
      7.851201546960145,
      9.161071443881726,
      10.507558835412516,
      11.906646307140432,
      13.368302140784719,
      14.898433780541094,
      16.50015369790777,
      18.174630378829114,
      19.921675804040824,
      21.740159005524937,
      23.628301385704845,
      25.58388977490219,
      27.604431194830447,
      29.68726569981729,
      31.829648710785005,
      34.02881093802786,
      36.2820017175891,
      38.58652000283156,
      40.939736131594266,
      43.33910668440469,
      45.78218416446948,
      48.26662280096544,
      50.790181459264886,
      53.3507244044193,
      55.946220485837614,
      58.57474117619136,
      61.23445779501813,
      63.92363816917765,
      66.64064292227565,
      69.38392153900561,
      72.15200831476824,
      74.94351827344484,
      77.75714311495133,
      80.59164723776617,
      83.44586386891955,
      86.31869132412498,
      89.20908941317833,
      92.11607599995615,
      95.0387237219211,
      97.9761568706915,
      100.92754843271935,
      103.89211728726268,
      106.8691255574899,
      109.85787610960294,
      112.8577101942248,
      115.86800522389093
    ],
    "scan_alpha": [
      4.902530976934919,
      2.742132275796678,
      1.7540167058215508,
      1.2212396607758047,
      0.9014526741464735,
      0.69442718673212,
      0.5526426809202161,
      0.4512173758218959,
      0.376099734225548,
      0.3188667928287763,
      0.27421977327788877,
      0.23868951605833072,
      0.2099271820203223,
      0.18629626208077793,
      0.16662801606037658,
      0.15006958297109205,
      0.1359866930052582,
      0.12389964368441689,
      0.11344014563278536,
      0.1043216076892483,
      0.09631828047361614,
      0.0892503625027561,
      0.0829731963364656,
      0.07736931895255716,
      0.07234253545015207,
      0.06781344783910004,
      0.06371604419290611,
      0.05999507000844126,
      0.05660398313906884,
      0.05350334869979949,
      0.05065956893400771,
      0.04804387042835333,
      0.04563149073754931,
      0.04340102076270195,
      0.04133386969924903,
      0.03941382712230638,
      0.03762670256655214,
      0.035960027317915616,
      0.03440280644424218,
      0.032945311623675574,
      0.031578907279576164,
      0.030295904043101788,
      0.029089434744928137,
      0.027953349064484385,
      0.02688212369716183,
      0.025870785481390143,
      0.024914845391688808,
      0.024010241676302224
    ]
  },
  "He-4_N2": {
    "hw_opt": 10.0,
    "E_opt": -8.18442390938884,
    "alpha_opt": 0.3087333778029211,
    "hw_alpha": 38.0,
    "alpha_match": 0.07410585727191348,
    "E_alpha": 121.9805382023975,
    "hw_interp": 38.51488054870318,
    "hw_gap": -28.0,
    "scan_hw": [
      8.0,
      10.0,
      12.0,
      14.0,
      16.0,
      18.0,
      20.0,
      22.0,
      24.0,
      26.0,
      28.0,
      30.0,
      32.0,
      34.0,
      36.0,
      38.0,
      40.0,
      42.0,
      44.0,
      46.0,
      48.0,
      50.0,
      52.0,
      54.0,
      56.0,
      58.0,
      60.0
    ],