{
 "window_jmax": 1.0,
 "dim": 14,
 "gamma": 0.8050299840328679,
 "T1_bands": [
  [
   0.5,
   0.6439505508593789,
   3.331075624877762e-16,
   "g"
  ],
  [
   1.0,
   0.470227867507653,
   2.0014830212433605e-16,
   "g"
  ],
  [
   1.5,
   0.20412414523193148,
   1.7910547349592614e-16,
   "g"
  ],
  [
   2.0,
   0.1,
   7.757919228897728e-17,
   "g"
  ]
 ],
 "T1": true,
 "T2": true,
 "T3": true
}