{
  "generated_by": "debug/compute_paper0_steiner_3d.py",
  "d_0": 1.0,
  "n_max": 6,
  "shells_per_shell_count": {
    "1": 1,
    "2": 4,
    "3": 9,
    "4": 16,
    "5": 25,
    "6": 36
  },
  "shell_pair_results": {
    "(1,2)": {
      "mst_length": 8.72890022900723,
      "final_length": 9.196285652029912,
      "improvement": -0.46738542302268193,
      "steiner_points": [
        {
          "position": [
            0.5502120402528239,
            0.0920845169896125,
            0.26636673568870767
          ],
          "radius": 0.6181942133260737,
          "connected_to": [
            3,
            1,
            4,
            0
          ]
        }
      ],
      "n_steiner": 1
    },
    "(2,3)": {
      "mst_length": 25.37349889074591,
      "final_length": 26.736604528888325,
      "improvement": -1.3631056381424145,
      "steiner_points": [
        {
          "position": [
            1.2312673216633152,
            1.8231824102211134,
            0.2623009454999712
          ],
          "radius": 2.215584596522056,
          "connected_to": [
            4,
            7,
            6,
            0
          ]
        },
        {
          "position": [
            -1.4537637838858237,
            0.41964338782024646,
            -1.2913360085120837
          ],
          "radius": 1.989240658934761,
          "connected_to": [
            5,
            10,
            8,
            1
          ]
        },
        {
          "position": [
            0.5636567718716333,
            -0.1579006155343958,
            2.0203910617917575
          ],
          "radius": 2.103478453284206,
          "connected_to": [
            11,
            6,
            9,
            2
          ]
        },
        {
          "position": [
            0.5759987357467306,
            -0.9890568868407799,
            -1.770655121776957
          ],
          "radius": 2.1083708471860394,
          "connected_to": [
            12,
            10,
            7,
            3
          ]
        }
      ],
      "n_steiner": 4
    },
    "(3,4)": {
      "mst_length": 52.32281540042613,
      "final_length": 54.133765502473715,
      "improvement": -1.8109501020475847,
      "steiner_points": [
        {
          "position": [
            -1.8626579624188184,
            2.3182680362123573,
            -1.3087795194470848
          ],
          "radius": 3.2491176037826435,
          "connected_to": [
            10,
            15,
            13,
            1
          ]
        },
        {
          "position": [
            2.084006378797604,
            0.02338249846679943,
            -2.315235980064957
          ],
          "radius": 3.11511588411908,
          "connected_to": [
            12,
            17,
            20,
            3
          ]
        },
        {
          "position": [
            -3.065316449476918,
            -0.5084194377772128,
            0.33159511831526417
          ],
          "radius": 3.1248376890062612,
          "connected_to": [
            13,
            18,
            21,
            4
          ]
        },
        {
          "position": [
            2.3834370710239536,
            -1.06992220175723,
            1.733576601848839
          ],
          "radius": 3.135409642107718,
          "connected_to": [
            14,
            19,
            22,
            5
          ]
        },
        {
          "position": [
            -0.3860347930556681,
            -1.0784183983416156,
            -2.963058247299644
          ],
          "radius": 3.1767472798794785,
          "connected_to": [
            20,
            23,
            15,
            6
          ]
        }
      ],
      "n_steiner": 5
    },
    "(4,5)": {
      "mst_length": 87.06838234866687,
      "final_length": 88.78099400611498,
      "improvement": -1.7126116574481074,
      "steiner_points": [
        {
          "position": [
            -3.6379856130852586,
            1.621815858430031,
            0.5943302938466808
          ],
          "radius": 4.027214235405704,
          "connected_to": [
            20,
            28,
            25,
            4
          ]
        },
        {
          "position": [
            3.1374626639906475,
            1.5427141212122089,
            2.371147415042428
          ],
          "radius": 4.224450128902605,
          "connected_to": [
            21,
            29,
            26,
            5
          ]
        },
        {
          "position": [
            -2.277759694238591,
            0.6303141328158433,
            3.5126261549913522
          ],
          "radius": 4.233677790698603,
          "connected_to": [
            23,
            31,
            28,
            7
          ]
        },
        {
          "position": [
            4.107933499176188,
            0.17542794230720793,
            -1.022333440343835
          ],
          "radius": 4.236868921720535,
          "connected_to": [
            24,
            32,
            29,
            8
          ]
        },
        {
          "position": [
            -3.6931216221791403,
            -0.27807417314947264,
            -2.065358068923321
          ],
          "radius": 4.240539649012437,
          "connected_to": [
            33,
            25,
            30,
            9
          ]
        }
      ],
      "n_steiner": 5
    },
    "(5,6)": {
      "mst_length": 132.0949085627219,
      "final_length": 134.2003814827345,
      "improvement": -2.105472920012602,
      "steiner_points": [
        {
          "position": [
            2.4985013386401285,
            0.02637367683671797,
            4.623897846215413
          ],
          "radius": 5.255819232265502,
          "connected_to": [
            35,
            43,
            48,
            10
          ]
        },
        {
          "position": [
            1.2974149503506143,
            -0.30745237184922236,
            -5.075670256435564
          ],
          "radius": 5.247879673393213,
          "connected_to": [
            36,
            44,
            49,
            11
          ]
        },
        {
          "position": [
            -4.3629238412494225,
            -0.6454891616533253,
            2.830516831113662
          ],
          "radius": 5.24057117436375,
          "connected_to": [
            37,
            45,
            50,
            12
          ]
        },
        {
          "position": [
            5.066553061731245,
            -0.9875068274339296,
            0.8643255277025804
          ],
          "radius": 5.233754701875626,
          "connected_to": [
            38,
            46,
            51,
            13
          ]
        },
        {
          "position": [
            -3.0903842437298255,
            -1.3332135626771078,
            -3.999549962713523
          ],
          "radius": 5.227268223636654,
          "connected_to": [
            47,
            39,
            52,
            14
          ]
        }
      ],
      "n_steiner": 5
    }
  },
  "summary": [
    {
      "pair": [
        1,
        2
      ],
      "n_terminals": 5,
      "mid_radius": 1.5,
      "dirac_ref_g": 4,
      "mst_length": 8.72890022900723,
      "steiner_length": 9.196285652029912,
      "n_steiner": 1,
      "steiner_radii": [
        0.6181942133260737
      ]
    },
    {
      "pair": [
        2,
        3
      ],
      "n_terminals": 13,
      "mid_radius": 2.5,
      "dirac_ref_g": 12,
      "mst_length": 25.37349889074591,
      "steiner_length": 26.736604528888325,
      "n_steiner": 4,
      "steiner_radii": [
        2.215584596522056,
        1.989240658934761,
        2.103478453284206,
        2.1083708471860394
      ]
    },
    {
      "pair": [
        3,
        4
      ],
      "n_terminals": 25,
      "mid_radius": 3.5,
      "dirac_ref_g": 24,
      "mst_length": 52.32281540042613,