{
  "2": {
    "diagonal": {
      "connected_fraction_pct": 84.3,
      "gaunt_pct": 100.0,
      "mcons_pct": 100.0,
      "multipole_k": {
        "0": 100.0
      },
      "radial": {
        "pearson": 0.4212127359961983,
        "cv": 53.9774784037427,
        "sign_agree": 0.52,
        "n_overlap": 25,
        "n_spec": 25,
        "n_coul": 265
      },
      "heat_t0.5": {
        "0.0": 1.0,
        "0.1": 0.998862,
        "0.5": 0.99434,
        "1.0": 0.988757
      }
    },
    "double": {
      "connected_fraction_pct": 76.7,
      "gaunt_pct": 100.0,
      "mcons_pct": 100.0,
      "multipole_k": {
        "0": 100.0
      },
      "radial": {
        "pearson": 0.5818320704873615,
        "cv": 16.4606891142554,
        "sign_agree": 0.68,
        "n_overlap": 25,
        "n_spec": 25,
        "n_coul": 265
      },
      "heat_t0.5": {
        "0.0": 1.0,
        "0.1": 0.995465,
        "0.5": 0.977815,
        "1.0": 0.956832
      }
    }
  },
  "3": {
    "diagonal": {
      "connected_fraction_pct": 71.4,
      "gaunt_pct": 97.33738502861863,
      "mcons_pct": 100.0,
      "multipole_k": {
        "0": 97.47,
        "2": 2.53
      },
      "radial": {
        "pearson": 0.09678378032998113,
        "cv": 5.985005870572122,
        "sign_agree": 0.5533707865168539,
        "n_overlap": 356,
        "n_spec": 356,
        "n_coul": 15364
      },
      "heat_t0.5": {
        "0.0": 1.0,
        "0.1": 0.990679,
        "0.5": 0.954379,
        "1.0": 0.911164
      }
    },
    "double": {
      "connected_fraction_pct": 32.4,
      "gaunt_pct": 100.0,
      "mcons_pct": 100.0,
      "multipole_k": {
        "0": 100.0
      },
      "radial": {
        "pearson": 0.40795198682817935,
        "cv": 20.31776783019072,
        "sign_agree": 0.5408163265306123,
        "n_overlap": 196,
        "n_spec": 196,
        "n_coul": 15364
      },
      "heat_t0.5": {
        "0.0": 1.0,
        "0.1": 0.838438,
        "0.5": 0.410165,
        "1.0": 0.185405
      }
    }
  }
}