{
  "parameters": {
    "Z_A_eff": 2.69,
    "Z_B": 1.0,
    "PK_A": 6.93,
    "PK_B": 7.0,
    "R_exp": 3.015,
    "n_alpha": 50,
    "n_re": 30,
    "V_NN": "Z_A_eff * Z_B / R",
    "method": "adiabatic approximation (min_Re U(Re))"
  },
  "results": {
    "channel_blind": {
      "2": {
        "R": [
          1.5,
          2.0,
          2.5,
          3.0,
          3.5,
          4.0,
          4.5,
          5.0,
          5.5,
          6.0,
          7.0,
          8.0
        ],
        "E_total": [
          -2.888119809016513,
          -3.231489638291717,
          -3.5420053588863927,
          -3.805639361342857,
          -4.064936382858895,
          -4.214536188921513,
          -4.202464556840143,
          -4.203688909841562,
          -4.070420507973019,
          -4.000693728941501,
          -3.701635715657721,
          -3.4309898989446634
        ],
        "E_elec": [
          -4.681453142349846,
          -4.576489638291717,
          -4.618005358886393,
          -4.702306028009524,
          -4.833507811430324,
          -4.887036188921513,
          -4.800242334617921,
          -4.741688909841562,
          -4.559511417063928,
          -4.449027062274834,
          -4.085921429943435,
          -3.7672398989446636
        ],
        "V_nn": [
          1.7933333333333332,
          1.345,
          1.076,
          0.8966666666666666,
          0.7685714285714286,
          0.6725,
          0.5977777777777777,
          0.538,
          0.4890909090909091,
          0.4483333333333333,
          0.3842857142857143,
          0.33625
        ],
        "R_eq": 4.162324649298597,
        "E_min": -4.223344565706891,
        "R_eq_found": true
      },
      "3": {
        "R": [
          1.5,
          2.0,
          2.5,
          3.0,
          3.5,
          4.0,
          4.5,
          5.0,
          5.5,
          6.0,
          7.0,
          8.0
        ],
        "E_total": [
          -2.912805010149804,
          -3.3052888695674527,
          -3.6853548150589925,
          -4.116586244114328,
          -4.473331692016411,
          -4.736057481814413,
          -4.858306768236052,
          -4.883457569964717,
          -4.748686585856038,
          -4.740628830184286,
          -4.419439644335819,
          -4.137525724786568
        ],
        "E_elec": [
          -4.706138343483137,
          -4.6502888695674525,
          -4.761354815058993,
          -5.013252910780994,
          -5.24190312058784,
          -5.408557481814413,
          -5.45608454601383,
          -5.421457569964717,
          -5.237777494946947,
          -5.188962163517619,
          -4.803725358621533,
          -4.4737757247865675
        ],
        "V_nn": [
          1.7933333333333332,
          1.345,
          1.076,
          0.8966666666666666,
          0.7685714285714286,
          0.6725,
          0.5977777777777777,
          0.538,
          0.4890909090909091,
          0.4483333333333333,
          0.3842857142857143,
          0.33625
        ],
        "R_eq": 4.833667334669339,
        "E_min": -4.895133919489362,
        "R_eq_found": true
      },
      "4": {
        "R": [
          1.5,
          2.0,
          2.5,
          3.0,
          3.5,
          4.0,
          4.5,
          5.0,
          5.5,
          6.0,
          7.0,
          8.0
        ],
        "E_total": [
          -2.9339903594898384,
          -3.359611929133237,
          -3.7722529137251484,
          -4.2866371492151965,
          -4.75568108525124,
          -5.066992592599208,
          -5.324799388371699,
          -5.378941468406119,
          -5.312138952256503,
          -5.3279282407651865,
          -5.004725705281696,
          -4.724377616412755
        ],
        "E_elec": [
          -4.727323692823171,
          -4.704611929133237,
          -4.848252913725148,
          -5.183303815881863,
          -5.524252513822669,
          -5.739492592599208,
          -5.922577166149477,
          -5.91694146840612,
          -5.801229861347412,
          -5.77626157409852,
          -5.38901141956741,
          -5.060627616412755
        ],
        "V_nn": [
          1.7933333333333332,
          1.345,
          1.076,
          0.8966666666666666,
          0.7685714285714286,
          0.6725,
          0.5977777777777777,
          0.538,
          0.4890909090909091,
          0.4483333333333333,
          0.3842857142857143,
          0.33625
        ],
        "R_eq": 4.901803607214429,
        "E_min": -5.381888358354206,
        "R_eq_found": true
      }
    },
    "l_dependent": {
      "2": {
        "R": [
          1.5,
          2.0,
          2.5,
          3.0,
          3.5,
          4.0,
          4.5,
          5.0,
          5.5,
          6.0,
          7.0,
          8.0
        ],
        "E_total": [
          -3.1540310916288066,
          -3.7648006750639746,
          -4.359775231378167,
          -4.7005504754211005,
          -4.864770877514618,
          -4.855560843243345,
          -4.739612406718191,
          -4.56896231846803,
          -4.397686858529017,
          -4.222329815463738,
          -3.8407380197458583,
          -3.496957934228922
        ],
        "E_elec": [
          -4.94736442496214,
          -5.109800675063974,
          -5.435775231378168,
          -5.597217142087767,
          -5.633342306086047,
          -5.528060843243345,
          -5.337390184495969,
          -5.10696231846803,
          -4.886777767619926,
          -4.670663148797071,
          -4.225023734031573,
          -3.833207934228922
        ],
        "V_nn": [
          1.7933333333333332,
          1.345,
          1.076,
          0.8966666666666666,
          0.7685714285714286,
          0.6725,
          0.5977777777777777,
          0.538,
          0.4890909090909091,
          0.4483333333333333,
          0.3842857142857143,
          0.33625
        ],
        "R_eq": 3.7064128256513023,
        "E_min": -4.879200915648471,
        "R_eq_found": true
      },
      "3": {
        "R": [
          1.5,
          2.0,
          2.5,
          3.0,
          3.5,
          4.0,
          4.5,
          5.0,
          5.5,
          6.0,
          7.0,
          8.0
        ],
        "E_total": [
          -3.2358710102389017,
          -4.031224976617558,
          -4.845345192012232,
          -5.378386178983604,
          -5.61468838475924,
          -5.625204007819199,
          -5.532578711966443,
          -5.393564888099863,
          -5.215986463460852,
          -5.018414764175944,
          -4.59371943707512,
          -4.219694720517228
        ],
        "E_elec": [
          -5.029204343572235,
          -5.376224976617558,
          -5.9213451920122315,
          -6.27505284565027,
          -6.383259813330668,
          -6.297704007819199,
          -6.130356489744221,
          -5.931564888099863,
          -5.705077372551761,
          -5.466748097509277,
          -4.9780051513608345,
          -4.555944720517227
        ],
        "V_nn": [
          1.7933333333333332,
          1.345,
          1.076,
          0.8966666666666666,
          0.7685714285714286,
          0.6725,
          0.5977777777777777,
          0.538,
          0.4890909090909091,
          0.4483333333333333,
          0.3842857142857143,
          0.33625
        ],
        "R_eq": 3.7655310621242486,
        "E_min": -5.639546491500006,
        "R_eq_found": true
      },
      "4": {
        "R": [
          1.5,
          2.0,
          2.5,
          3.0,
          3.5,
          4.0,
          4.5,
          5.0,
          5.5,
          6.0,
          7.0,
          8.0
        ],