{
  "grid": [
    2.8,
    2.85,
    2.9,
    2.95,
    3.0,
    3.05,
    3.1,
    3.15,
    3.2,
    3.25,
    3.3,
    3.35,
    3.4,
    3.45,
    3.5,
    3.55,
    3.6,
    3.65
  ],
  "E": [
    -15.199704547914866,
    -15.202626556468047,
    -15.205167496016319,
    -15.207329839659831,
    -15.209116863166566,
    -15.210532552476595,
    -15.211581522236376,
    -15.212268943705894,
    -15.212600480653037,
    -15.212582232072942,
    -15.212220680761432,
    -15.211522646932973,
    -15.210495246202719,
    -15.209145851367104,
    -15.207482057507006,
    -15.205511650016424,
    -15.20324257522136,
    -15.20068291330845
  ],
  "R_eq": 3.2224158454883653,
  "R_eq_err_pct": 6.8794641953023286,
  "eps_true_Ha": -7.13897986502241,
  "tilt_quartic": -0.029775410921131864,
  "curv_quartic": 0.1478840041616244,
  "tilt_cubic_near": -0.029761011127240163,
  "curv_cubic_near": 0.14759573622927313,
  "k_true": 0.06589297708601588
}