{
  "parameters": {
    "Z_A_eff": 2.69,
    "Z_B": 1.0,
    "PK_A": 6.93,
    "PK_B": 7.0,
    "PK_mode": "l_dependent",
    "R_exp": 3.015,
    "n_alpha": 40,
    "n_re": 20,
    "n_R": 10,
    "fallback_used": true
  },
  "results": {
    "2": {
      "n_ch": 9,
      "R": [
        2.0,
        2.5,
        3.0,
        3.5,
        4.0,
        4.5,
        5.0,
        5.5,
        6.0,
        7.0
      ],
      "E_total": [
        -3.7826731392293906,
        -4.274225375912447,
        -4.7321220068571055,
        -4.883529500934656,
        -4.8464446012249525,
        -4.729807803813761,
        -4.592231097971927,
        -4.353416652563349,
        -4.220809438836451,
        -3.851092025705192
      ],
      "E_elec": [
        -5.12767313922939,
        -5.350225375912447,
        -5.628788673523772,
        -5.6521009295060844,
        -5.518944601224953,
        -5.327585581591539,
        -5.130231097971928,
        -4.8425075616542586,
        -4.669142772169784,
        -4.2353777399909065
      ],
      "V_nn": [
        1.345,
        1.076,
        0.8966666666666666,
        0.7685714285714286,
        0.6725,
        0.5977777777777777,
        0.538,
        0.4890909090909091,
        0.4483333333333333,
        0.3842857142857143
      ],
      "R_eq": 3.6102204408817635,
      "E_min": -4.88762698272814,
      "R_eq_found": true,
      "time_s": 5.712453126907349
    },
    "3": {
      "n_ch": 16,
      "R": [
        2.0,
        2.5,
        3.0,
        3.5,
        4.0,
        4.5,
        5.0,
        5.5,
        6.0,
        7.0
      ],
      "E_total": [
        -4.000536674408027,
        -4.830545887518708,
        -5.380623240411838,
        -5.664339408213932,
        -5.581252995167355,
        -5.574788753779964,
        -5.392587921602682,
        -5.14731967036379,
        -5.013625048638526,
        -4.617877044295263
      ],
      "E_elec": [
        -5.345536674408026,
        -5.906545887518708,
        -6.277289907078504,
        -6.432910836785361,
        -6.253752995167355,
        -6.172566531557742,
        -5.930587921602682,
        -5.636410579454699,
        -5.46195838197186,
        -5.002162758580977
      ],
      "V_nn": [
        1.345,
        1.076,
        0.8966666666666666,
        0.7685714285714286,
        0.6725,
        0.5977777777777777,
        0.538,
        0.4890909090909091,
        0.4483333333333333,
        0.3842857142857143
      ],
      "R_eq": 3.5781563126252505,
      "E_min": -5.669778742123957,
      "R_eq_found": true,
      "time_s": 16.974841833114624
    },
    "4": {
      "n_ch": 25,
      "R": [
        2.0,
        2.5,
        3.0,
        3.5,
        4.0,
        4.5,
        5.0,
        5.5,
        6.0,
        7.0
      ],
      "E_total": [
        -4.140708748363003,
        -5.110101801208145,
        -5.858357665823615,
        -6.154248666165928,
        -6.122912696232574,
        -6.189044257126999,
        -5.982377605394459,
        -5.755444068496478,
        -5.635693980860473,
        -5.242230394746096
      ],
      "E_elec": [
        -5.4857087483630025,
        -6.186101801208146,
        -6.755024332490281,
        -6.922820094737356,
        -6.7954126962325745,
        -6.786822034904777,
        -6.520377605394459,
        -6.244534977587387,
        -6.084027314193806,
        -5.626516109031811
      ],
      "V_nn": [
        1.345,
        1.076,
        0.8966666666666666,
        0.7685714285714286,
        0.6725,
        0.5977777777777777,
        0.538,
        0.4890909090909091,
        0.4483333333333333,
        0.3842857142857143
      ],
      "R_eq": 4.421843687374749,
      "E_min": -6.193594272872217,
      "R_eq_found": true,
      "time_s": 34.879871129989624
    },
    "5": {
      "n_ch": 36,
      "R": [
        2.0,
        2.5,
        3.0,
        3.5,
        4.0,
        4.5,
        5.0,
        5.5,
        6.0,
        7.0
      ],
      "E_total": [
        -4.215612371729732,
        -5.296332735502315,
        -6.15295907026266,
        -6.470294100724979,
        -6.546846394936982,
        -6.640598122359369,
        -6.41805608864332,
        -6.224693409732389,
        -6.123429288114824,
        -5.749547933589095
      ],
      "E_elec": [
        -5.560612371729731,
        -6.372332735502314,
        -7.049625736929326,
        -7.238865529296407,
        -7.2193463949369825,
        -7.238375900137147,
        -6.9560560886433205,
        -6.713784318823298,
        -6.5717626214481575,
        -6.133833647874809
      ],
      "V_nn": [
        1.345,
        1.076,
        0.8966666666666666,
        0.7685714285714286,
        0.6725,
        0.5977777777777777,
        0.538,
        0.4890909090909091,
        0.4483333333333333,
        0.3842857142857143
      ],
      "R_eq": 4.425851703406813,
      "E_min": -6.645224872344954,
      "R_eq_found": true,
      "time_s": 61.36159062385559
    },
    "6": {
      "n_ch": 49,
      "R": [
        2.0,
        2.5,
        3.0,
        3.5,
        4.0,
        4.5,
        5.0,
        5.5,
        6.0,
        7.0
      ],
      "E_total": [
        -4.2568734650875255,
        -5.443072031675431,
        -6.339892042797204,
        -6.678563992042515,
        -6.8524215571187845,
        -6.975428325887378,
        -6.741339057691188,
        -6.589240553584457,
        -6.506221542240597,
        -6.161706929735399
      ],
      "E_elec": [
        -5.601873465087525,
        -6.519072031675432,
        -7.23655870946387,
        -7.447135420613944,
        -7.524921557118785,
        -7.573206103665156,
        -7.279339057691188,
        -7.078331462675366,
        -6.954554875573931,
        -6.545992644021113
      ],
      "V_nn": [
        1.345,
        1.076,
        0.8966666666666666,
        0.7685714285714286,
        0.6725,
        0.5977777777777777,
        0.538,
        0.4890909090909091,
        0.4483333333333333,
        0.3842857142857143
      ],
      "R_eq": 4.433867735470942,
      "E_min": -6.979675256915914,
      "R_eq_found": true,
      "time_s": 110.39174818992615
    },
    "7": {
      "n_ch": 64,
      "R": [
        2.0,
        2.5,
        3.0,
        3.5,
        4.0,
        4.5,
        5.0,
        5.5,
        6.0,
        7.0
      ],
      "E_total": [
        -4.281932640929312,
        -5.535560096822175,
        -6.462646741140257,
        -6.81943646425613,
        -7.075824168976589,
        -7.226285274545146,
        -6.983168466208638,
        -6.87459690010959,
        -6.807565927134562,
        -6.4970622480789535
      ],
      "E_elec": [
        -5.6269326409293114,
        -6.611560096822175,
        -7.359313407806924,
        -7.588007892827559,
        -7.748324168976589,
        -7.8240630523229235,
        -7.521168466208638,
        -7.363687809200499,
        -7.255899260467896,
        -6.881347962364668
      ],
      "V_nn": [
        1.345,
        1.076,
        0.8966666666666666,
        0.7685714285714286,
        0.6725,
        0.5977777777777777,
        0.538,
        0.4890909090909091,
        0.4483333333333333,
        0.3842857142857143
      ],
      "R_eq": 4.44188376753507,
      "E_min": -7.230091699246355,
      "R_eq_found": true,
      "time_s": 225.68617057800293
    },
    "8": {
      "n_ch": 81,
      "R": [
        2.0,
        2.5,
        3.0,
        3.5,
        4.0,
        4.5,
        5.0,
        5.5,
        6.0,
        7.0
      ],
      "E_total": [
        -4.29790970695735,
        -5.596026679523094,
        -6.545642870067217,
        -6.9170324249876645,
        -7.241319529581002,
        -7.416218466672659,
        -7.165846646351507,
        -7.099684963600575,
        -7.0458123792552145,
        -6.770641958092165
      ],