{
  "task": "Task 9: PK Saturation Real Solver",
  "R_exp": 3.015,
  "E_core": -7.32354199882286,
  "pk_A": 6.927341998822859,
  "pk_B": 6.795780992689754,
  "Z_A_eff": 1.0,
  "Z_A_bare": 3.0,
  "l_dependent": {
    "2": {
      "R_eq": 3.2819639278557116,
      "E_min": -8.20218612320787,
      "time": 70.90515518188477,
      "R": [
        2.0,
        2.4,
        2.7,
        3.0,
        3.2,
        3.5,
        3.8,
        4.2,
        4.7,
        5.5,
        6.5
      ],
      "E": [
        -8.12633704005659,
        -8.17159778615769,
        -8.19176391006037,
        -8.195939102802809,
        -8.201587317774205,
        -8.198818613360281,
        -8.188905923975343,
        -8.169191547186553,
        -8.141677718492765,
        -8.094199444715768,
        -8.03767221781326
      ],
      "E_elec": [
        -1.3028380507202044,
        -1.2647262628356861,
        -1.2385929026728264,
        -1.2057305388464812,
        -1.1905453493414235,
        -1.160990905234533,
        -1.1285218207073253,
        -1.0837447865325687,
        -1.0309016771203514,
        -0.9524756277111187,
        -0.8679763728365544
      ]
    },
    "3": {
      "R_eq": 3.4713426853707414,
      "E_min": -8.232132004039173,
      "time": 185.4863727092743,
      "R": [
        2.0,
        2.4,
        2.7,
        3.0,
        3.2,
        3.5,
        3.8,
        4.2,
        4.7,
        5.5,
        6.5
      ],
      "E": [
        -8.132663260868105,
        -8.182413685089772,
        -8.207830427271148,
        -8.21909312670405,
        -8.22846771248622,
        -8.232101735918441,
        -8.228704705395502,
        -8.217519436734586,
        -8.198910133867162,
        -8.162725230448666,
        -8.115495772822166
      ],
      "E_elec": [
        -1.3091642715317189,
        -1.2755421617677682,
        -1.2546594198836027,
        -1.2288845627477225,
        -1.2174257440534388,
        -1.194274027792693,
        -1.1683206021274852,
        -1.1320726760806008,
        -1.0881340924947493,
        -1.0210014134440182,
        -0.9457999278454606
      ]
    },
    "4": {
      "R_eq": 3.729058116232465,
      "E_min": -8.281777892036844,
      "time": 477.17806816101074,
      "R": [
        2.0,
        2.4,
        2.7,
        3.0,
        3.2,
        3.5,
        3.8,
        4.2,
        4.7,
        5.5,
        6.5
      ],
      "E": [
        -8.146283611119586,
        -8.204579619061608,
        -8.237488953405213,
        -8.255833108471844,
        -8.270057808156581,
        -8.279872301290863,
        -8.281621636184758,
        -8.276104586695185,
        -8.263099070609547,
        -8.233283710372056,
        -8.19120387963804
      ],
      "E_elec": [
        -1.322784621783199,
        -1.2977080957396052,
        -1.2843179460176697,
        -1.2656245445155165,
        -1.259015839723801,
        -1.2420445931651152,
        -1.2212375329167404,
        -1.1906578260411993,
        -1.152323029237134,
        -1.0915598933674073,
        -1.0215080346613359
      ]
    },
    "5": {
      "R_eq": 3.9695390781563127,
      "E_min": -8.299826651645827,
      "time": 1005.5315895080566,
      "R": [
        2.0,
        2.4,
        2.7,
        3.0,
        3.2,
        3.5,
        3.8,
        4.2,
        4.7,
        5.5,
        6.5
      ],
      "E": [
        -8.147879637069014,
        -8.207771910179916,
        -8.242788947581321,
        -8.264259477894234,
        -8.280461859895256,
        -8.293689901274497,
        -8.299137628536256,
        -8.298757653838718,
        -8.291626416322272,
        -8.270172034570956,
        -8.236434595836464
      ],
      "E_elec": [
        -1.3243806477326276,
        -1.3009003868579132,
        -1.2896179401937777,
        -1.2740509139379057,
        -1.269419891462475,
        -1.25586219314875,
        -1.2387535252682396,
        -1.2133108931847327,
        -1.1808503749498587,
        -1.1284482175663086,
        -1.066738750859758
      ]
    }
  },
  "channel_blind": {
    "2": {
      "R_eq": 3.3216432865731464,
      "E_min": -8.18476455308908,
      "time": 133.5285038948059
    },
    "3": {
      "R_eq": 3.596392785571142,
      "E_min": -8.20606020352546,
      "time": 293.0314316749573
    },
    "4": {
      "R_eq": 3.9004008016032063,
      "E_min": -8.255278486562739,
      "time": 574.5824501514435
    }
  },
  "diagnostic_r_eqs": {
    "2": 3.71,
    "3": 4.13,
    "4": 4.33,
    "5": 4.45
  },
  "summary": {
    "l_max_values": [
      2,
      3,
      4,
      5
    ],
    "R_eq_values": [
      3.2819639278557116,
      3.4713426853707414,
      3.729058116232465,
      3.9695390781563127
    ],
    "E_min_values": [
      -8.20218612320787,
      -8.232132004039173,
      -8.281777892036844,
      -8.299826651645827
    ]
  },
  "fits": {
    "linear": {
      "params": [
        2.800821642733258,
        0.23204408836036639
      ],
      "R2": 0.9962293700444926
    },
    "exponential": {
      "params": [
        2084.214357353361,
        2081.4136741050693,
        0.00011152674593192069
      ],
      "R2": 0.9962244737548632,
      "R_inf": 2084.214357353361
    }
  }
}