{
  "system": "He 2^1S_0 - 2^3S_1 exchange splitting (J-averaged)",
  "architecture": "graph-native CI (Track DI Sprint 3C); hybrid h1 (exact diagonal + kappa graph adjacency); analytical Slater V_ee at k=Z=2",
  "method": "build_graph_native_fci with explicit spin sectors",
  "reference_NIST_cm_inverse": 6421.4663,
  "reference_NIST_THz": 192.51071660411654,
  "reference_NIST_Ha": 0.02925835327807598,
  "reference_Drake_NR_Ha": 0.029255331999999967,
  "reference_Drake_NR_cm_inverse": 6420.803206108021,
  "reference_Drake_E_1_1S_Ha": -2.903724377,
  "reference_Drake_E_2_3S_Ha": -2.175229378,
  "reference_Drake_E_2_1S_Ha": -2.145974046,
  "note": "Hund first rule: E(2^1S) > E(2^3S); singlet higher than triplet because the symmetric spatial wavefunction (singlet) places electrons closer together, costing more Coulomb repulsion than the antisymmetric triplet. Splitting magnitude = 2 * K(1s, 2s) at leading order, where K = G^0(1s, 2s) is the exchange Slater integral.",
  "rows": [
    {
      "n_max": 2,
      "dim_singlet": 3,
      "dim_triplet": 1,
      "dim_singlet_ss": 3,
      "dim_triplet_ss": 1,
      "t_build_singlet_s": 0.0011072158813476562,
      "t_solve_singlet_s": 0.00013065338134765625,
      "t_build_triplet_s": 0.00017452239990234375,
      "t_solve_triplet_s": 1.8358230590820312e-05,
      "E_1_1S_Ha": -2.886824153281229,
      "E_2_3S_Ha": -2.1241426611796976,
      "E_2_1S_Ha": -1.9115849784226304,
      "dE_st_Ha": 0.2125576827570672,
      "dE_st_cm_inverse": 46651.01906652334,
      "dE_st_THz": 1398.5623674158403,
      "err_vs_NIST_pct": 626.4854612181541,
      "err_vs_NIST_cm_inverse": 40229.55276652334,
      "err_vs_Drake_pct": 626.5604873568601,
      "err_vs_Drake_cm_inverse": 40230.215860415316,
      "err_E_1_1S_pct": 0.5820188669639426,
      "err_E_2_3S_pct": 2.348566883887609,
      "err_E_2_1S_pct": 10.922269447492173,
      "variational_1_1S_ok": true,
      "variational_2_3S_ok": true,
      "variational_2_1S_ok": true,
      "ordering_ok": true,
      "excited_above_ground_ok": true,
      "below_ionization_ok": false
    },
    {
      "n_max": 3,
      "dim_singlet": 6,
      "dim_triplet": 3,
      "dim_singlet_ss": 6,
      "dim_triplet_ss": 3,
      "t_build_singlet_s": 0.002006053924560547,
      "t_solve_singlet_s": 2.2649765014648438e-05,
      "t_build_triplet_s": 0.000331878662109375,
      "t_solve_triplet_s": 1.811981201171875e-05,
      "E_1_1S_Ha": -2.8895780084801044,
      "E_2_3S_Ha": -2.228274291600839,
      "E_2_1S_Ha": -2.183906531822261,
      "dE_st_Ha": 0.0443677597785781,
      "dE_st_cm_inverse": 9737.59772181444,
      "dE_st_THz": 291.9258356038057,
      "err_vs_NIST_pct": 51.6413427539819,
      "err_vs_NIST_cm_inverse": 3316.13142181444,
      "err_vs_Drake_pct": 51.657003169809,
      "err_vs_Drake_cm_inverse": 3316.7945157064187,
      "err_E_1_1S_pct": 0.4871801411989077,
      "err_E_2_3S_pct": 2.438589425893587,
      "err_E_2_1S_pct": 1.7676115837917603,
      "variational_1_1S_ok": true,
      "variational_2_3S_ok": false,
      "variational_2_1S_ok": false,
      "ordering_ok": true,
      "excited_above_ground_ok": true,
      "below_ionization_ok": true
    },
    {
      "n_max": 4,
      "dim_singlet": 10,
      "dim_triplet": 6,
      "dim_singlet_ss": 10,
      "dim_triplet_ss": 6,
      "t_build_singlet_s": 0.019675731658935547,
      "t_solve_singlet_s": 9.1552734375e-05,
      "t_build_triplet_s": 0.001760721206665039,
      "t_solve_triplet_s": 5.030632019042969e-05,
      "E_1_1S_Ha": -2.89148674566781,
      "E_2_3S_Ha": -2.234345496913976,
      "E_2_1S_Ha": -2.197322285232192,
      "dE_st_Ha": 0.03702321168178413,
      "dE_st_cm_inverse": 8125.655735741291,
      "dE_st_THz": 243.60103058797682,
      "err_vs_NIST_pct": 26.538945407862553,
      "err_vs_NIST_cm_inverse": 1704.1894357412912,
      "err_vs_Drake_pct": 26.552013430523264,
      "err_vs_Drake_cm_inverse": 1704.85252963327,
      "err_E_1_1S_pct": 0.4214460376860318,
      "err_E_2_3S_pct": 2.7176958674735197,
      "err_E_2_1S_pct": 2.392770747992158,
      "variational_1_1S_ok": true,
      "variational_2_3S_ok": false,
      "variational_2_1S_ok": false,
      "ordering_ok": true,
      "excited_above_ground_ok": true,
      "below_ionization_ok": true
    },
    {
      "n_max": 5,
      "dim_singlet": 15,
      "dim_triplet": 10,
      "dim_singlet_ss": 15,
      "dim_triplet_ss": 10,
      "t_build_singlet_s": 2.0813064575195312,
      "t_solve_singlet_s": 9.083747863769531e-05,
      "t_build_triplet_s": 0.002312183380126953,
      "t_solve_triplet_s": 2.574920654296875e-05,
      "E_1_1S_Ha": -2.8923595153751616,
      "E_2_3S_Ha": -2.2364392161937445,
      "E_2_1S_Ha": -2.203138003686384,
      "dE_st_Ha": 0.0333012125073604,
      "dE_st_cm_inverse": 7308.771339000509,
      "dE_st_THz": 219.1114524678993,
      "err_vs_NIST_pct": 13.817794839171066,
      "err_vs_NIST_cm_inverse": 887.3050390005092,
      "err_vs_Drake_pct": 13.829549113851927,
      "err_vs_Drake_cm_inverse": 887.968132892488,
      "err_E_1_1S_pct": 0.3913891316565036,
      "err_E_2_3S_pct": 2.8139486719337827,
      "err_E_2_1S_pct": 2.6637767494408946,
      "variational_1_1S_ok": true,
      "variational_2_3S_ok": false,
      "variational_2_1S_ok": false,
      "ordering_ok": true,
      "excited_above_ground_ok": true,
      "below_ionization_ok": true
    },
    {
      "n_max": 6,
      "dim_singlet": 21,
      "dim_triplet": 15,
      "dim_singlet_ss": 21,
      "dim_triplet_ss": 15,
      "t_build_singlet_s": 7.8296802043914795,
      "t_solve_singlet_s": 0.00010395050048828125,
      "t_build_triplet_s": 0.0047609806060791016,
      "t_solve_triplet_s": 3.075599670410156e-05,
      "E_1_1S_Ha": -2.892855227635875,
      "E_2_3S_Ha": -2.236463616971504,
      "E_2_1S_Ha": -2.2034287866266813,
      "dE_st_Ha": 0.03303483034482291,
      "dE_st_cm_inverse": 7250.307212075861,
      "dE_st_THz": 217.35874203634282,
      "err_vs_NIST_pct": 12.907346598951404,
      "err_vs_NIST_cm_inverse": 828.8409120758606,
      "err_vs_Drake_pct": 12.919006849154693,
      "err_vs_Drake_cm_inverse": 829.5040059678395,
      "err_E_1_1S_pct": 0.37431752993562745,
      "err_E_2_3S_pct": 2.8150704284715737,
      "err_E_2_1S_pct": 2.6773269105362334,
      "variational_1_1S_ok": true,
      "variational_2_3S_ok": false,
      "variational_2_1S_ok": false,
      "ordering_ok": true,
      "excited_above_ground_ok": true,
      "below_ionization_ok": true
    },
    {
      "n_max": 7,
      "dim_singlet": 28,
      "dim_triplet": 21,
      "dim_singlet_ss": 28,
      "dim_triplet_ss": 21,
      "t_build_singlet_s": 26.864309549331665,
      "t_solve_singlet_s": 0.0001437664031982422,
      "t_build_triplet_s": 0.009162425994873047,
      "t_solve_triplet_s": 3.933906555175781e-05,
      "E_1_1S_Ha": -2.893162478393231,
      "E_2_3S_Ha": -2.236565412324197,
      "E_2_1S_Ha": -2.2037955471093853,
      "dE_st_Ha": 0.032769865214811844,
      "dE_st_cm_inverse": 7192.15408784258,
      "dE_st_THz": 215.6153552309153,
      "err_vs_NIST_pct": 12.00174153125401,
      "err_vs_NIST_cm_inverse": 770.6877878425803,
      "err_vs_Drake_pct": 12.013308257147388,
      "err_vs_Drake_cm_inverse": 771.3508817345592,
      "err_E_1_1S_pct": 0.36373626541239173,
      "err_E_2_3S_pct": 2.819750181040314,
      "err_E_2_1S_pct": 2.6944175404712802,
      "variational_1_1S_ok": true,
      "variational_2_3S_ok": false,
      "variational_2_1S_ok": false,
      "ordering_ok": true,
      "excited_above_ground_ok": true,
      "below_ionization_ok": true
    },
    {
      "n_max": 8,
      "dim_singlet": 36,
      "dim_triplet": 28,
      "dim_singlet_ss": 36,
      "dim_triplet_ss": 28,
      "t_build_singlet_s": 74.88154602050781,
      "t_solve_singlet_s": 0.00016808509826660156,
      "t_build_triplet_s": 0.016954660415649414,
      "t_solve_triplet_s": 5.8650970458984375e-05,
      "E_1_1S_Ha": -2.8933663715154134,