{
  "system": "He (1s)(2p) ^3P_J, J=0,1,2",
  "architecture": "Breit-Pauli SO + SS + SOO; Drake J-pattern; Sprint 5 CP convention",
  "Z_nuc": 2,
  "Z_val": 1,
  "Z_eff": 1.0,
  "alpha_CODATA": 0.0072973525693,
  "Drake_coefficients": {
    "C_SS_dir": "3/50",
    "C_SS_exc": "-2/5",
    "C_SOO_dir": "3/2",
    "C_SOO_exc": "-1"
  },
  "f_SS_pattern": {
    "0": "-2",
    "1": "1",
    "2": "-1/5"
  },
  "f_SOO_pattern": {
    "0": "2",
    "1": "1",
    "2": "-1"
  },
  "X_J": {
    "0": -4,
    "1": -2,
    "2": 2
  },
  "result": {
    "zeta_2p_Ha": 4.437612876722443e-06,
    "A_SS_Ha": -1.2030856290407144e-06,
    "A_SOO_Ha": 5.329013774572368e-06,
    "E_J_Ha": {
      "0": 4.188973053781277e-06,
      "1": -3.116847311907896e-07,
      "2": -6.507837720417814e-07
    },
    "splittings_MHz": {
      "P0-P1": 29612.905659462856,
      "P1-P2": 2231.164506544921,
      "P0-P2": 31844.07016600778
    },
    "NIST_MHz": {
      "P0-P1": 29616.951,
      "P1-P2": 2291.176,
      "P0-P2": 31908.131
    },
    "Pachucki_MHz": {
      "P0-P1": 29616.952,
      "P1-P2": 2291.18,
      "P0-P2": 31908.132
    },
    "rel_err_NIST_pct": {
      "P0-P1": -0.01365886899412607,
      "P1-P2": -2.6192441547519194,
      "P0-P2": -0.2007664879908569
    },
    "abs_err_NIST_MHz": {
      "P0-P1": -4.0453405371445115,
      "P1-P2": -60.011493455078835,
      "P0-P2": -64.06083399222189
    },
    "rel_err_Pachucki_pct": {
      "P0-P1": -0.013662244977621989,
      "P1-P2": -2.6194141645387417,
      "P0-P2": -0.20076961569615573
    }
  },
  "decomposition": {
    "P0-P1": {
      "SO_MHz": -29198.09009038328,
      "SS_MHz": 23747.769505158667,
      "SOO_MHz": 35063.226244687474,
      "total_MHz": 29612.90565946286,
      "NIST_MHz": 29616.951,
      "abs_err_MHz": -4.0453405371408735,
      "rel_err_pct": -0.013658868994113787
    },
    "P1-P2": {
      "SO_MHz": -58396.18018076656,
      "SS_MHz": -9499.107802063467,
      "SOO_MHz": 70126.45248937495,
      "total_MHz": 2231.1645065449266,
      "NIST_MHz": 2291.176,
      "abs_err_MHz": -60.01149345507338,
      "rel_err_pct": -2.6192441547516814
    },
    "P0-P2": {
      "SO_MHz": -87594.27027114984,
      "SS_MHz": 14248.6617030952,
      "SOO_MHz": 105189.67873406243,
      "total_MHz": 31844.07016600779,
      "NIST_MHz": 31908.131,
      "abs_err_MHz": -64.06083399221097,
      "rel_err_pct": -0.20076648799082267
    }
  },
  "residual_attribution": {
    "P0-P1": {
      "residual_pct": -0.01365886899412607,
      "LS8a_one_loop_QED_budget_pct": 0.232,
      "NLO_recoil_budget_pct": 0.04,
      "second_order_BP_budget_pct": 0.005,
      "total_budget_pct": 0.277,
      "within_total_budget": true,
      "note": "Within LS-8a one-loop QED budget for fine-structure intervals."
    },
    "P1-P2": {
      "residual_pct": -2.6192441547519194,
      "LS8a_one_loop_QED_budget_pct": 0.232,
      "NLO_recoil_budget_pct": 0.04,
      "second_order_BP_budget_pct": 0.005,
      "total_budget_pct": 0.277,
      "within_total_budget": false,
      "note": "Residual on dominant intervals (P0-P1, P0-P2) sits within the LS-8a one-loop QED budget. Small interval P1-P2 is partial-cancellation amplification: difference of two ~30 GHz numbers, fractional residual on the smaller difference is ~10x larger."
    },
    "P0-P2": {
      "residual_pct": -0.2007664879908569,
      "LS8a_one_loop_QED_budget_pct": 0.232,
      "NLO_recoil_budget_pct": 0.04,
      "second_order_BP_budget_pct": 0.005,
      "total_budget_pct": 0.277,
      "within_total_budget": true,
      "note": "Within LS-8a one-loop QED budget for fine-structure intervals."
    }
  },
  "verdict": {
    "P0-P1_subpercent_vs_NIST": true,
    "P0-P2_subpercent_vs_NIST": true,
    "P1-P2_within_5pct": true,
    "all_three_within_LS8a_budget_x_partial_cancellation": true
  }
}