{
  "probe": "K5",
  "description": "Ramanujan property vs kappa scan for GeoVac S^3 Coulomb graphs",
  "structural_analysis": {
    "max_n=2": {
      "V": 5,
      "E": 3,
      "degree_min": 1,
      "degree_max": 2,
      "is_ramanujan": true,
      "deviation": -1.0,
      "explanation": "V=5, E=3, regular=False, q_max=1, q_min=0, rho(T)=0.000000 (Perron), max|mu_nontrivial|=0.000000, sqrt(q_max)=1.000000, deviation=-1.000000 (Ramanujan)",
      "adjacency_kappa_independent": true,
      "adjacency_Z_independent": true,
      "adjacency_weight_independent": true,
      "laplacian_spectrum": [
        0.0,
        3.9250536344271737e-17,
        0.9999999999999998,
        2.0,
        3.0
      ],
      "n_connected_components": 2
    },
    "max_n=3": {
      "V": 14,
      "E": 13,
      "degree_min": 1,
      "degree_max": 3,
      "is_ramanujan": true,
      "deviation": -0.19849680135965397,
      "explanation": "V=14, E=13, regular=False, q_max=2, q_min=0, rho(T)=1.353210 (Perron), max|mu_nontrivial|=1.215717, sqrt(q_max)=1.414214, deviation=-0.198497 (Ramanujan)",
      "adjacency_kappa_independent": true,
      "adjacency_Z_independent": true,
      "adjacency_weight_independent": true,
      "laplacian_spectrum": [
        3.9250536344271737e-17,
        4.99692479230196e-17,
        7.91033905045424e-16,
        0.3819660112501052,
        0.9999999999999998,
        1.0000000000000007,
        1.3819660112501049,
        1.999999999999999,
        2.6180339887498953,
        3.0,
        3.0,
        3.0000000000000004,
        3.6180339887498945,
        4.999999999999999
      ],
      "n_connected_components": 3
    }
  },
  "kappa_scan": {},
  "graph_invariants": {
    "max_n=2": {
      "V": 5,
      "E": 3,
      "beta_1": 0,
      "n_connected_components": 2,
      "degree_min": 1,
      "degree_max": 2,
      "degree_mean": 1.2,
      "adjacency_spectrum": [
        -1.4142135623730951,
        -1.0,
        -8.066464163292153e-17,
        1.0,
        1.4142135623730954
      ],
      "laplacian_spectrum": [
        0.0,
        3.9250536344271737e-17,
        0.9999999999999998,
        2.0,
        3.0
      ],
      "spectral_radius": 1.4142135623730954,
      "laplacian_max": 3.0,
      "fiedler_per_l": {
        "0": 2.0,
        "1": 0.9999999999999998
      }
    },
    "max_n=3": {
      "V": 14,
      "E": 13,
      "beta_1": 2,
      "n_connected_components": 3,
      "degree_min": 1,
      "degree_max": 3,
      "degree_mean": 1.8571428571428572,
      "adjacency_spectrum": [
        -2.414213562373095,
        -1.732050807568878,
        -1.4142135623730951,
        -1.0,
        -1.0,
        -0.4142135623730949,
        -8.066464163292153e-17,
        -3.2672969942134236e-18,
        0.41421356237309515,
        1.0,
        1.0000000000000002,
        1.4142135623730954,
        1.7320508075688772,
        2.414213562373095
      ],
      "laplacian_spectrum": [
        3.9250536344271737e-17,
        4.99692479230196e-17,
        7.91033905045424e-16,
        0.3819660112501052,
        0.9999999999999998,
        1.0000000000000007,
        1.3819660112501049,
        1.999999999999999,
        2.6180339887498953,
        3.0,
        3.0,
        3.0000000000000004,
        3.6180339887498945,
        4.999999999999999
      ],
      "spectral_radius": 2.414213562373095,
      "laplacian_max": 4.999999999999999,
      "fiedler_per_l": {
        "0": 0.9999999999999998,
        "1": 0.9999999999999998,
        "2": 0.3819660112501052
      }
    },
    "max_n=4": {
      "V": 30,
      "E": 34,
      "beta_1": 8,
      "n_connected_components": 4,
      "degree_min": 1,
      "degree_max": 4,
      "degree_mean": 2.2666666666666666,
      "adjacency_spectrum": [
        -2.828427124746191,
        -2.7320508075688776,
        -1.9999999999999998,
        -1.847759065022573,
        -1.618033988749895,
        -1.4142135623730951,
        -1.4142135623730951,
        -1.414213562373095,
        -0.9999999999999999,
        -0.7653668647301796,
        -0.7320508075688773,
        -0.6180339887498949,
        -6.865669283814545e-16,
        -9.758175699842775e-17,
        -5.618717431552072e-17,
        2.977833845529583e-17,
        3.298542881784942e-17,
        2.317496158977569e-16,
        0.6180339887498949,
        0.7320508075688773,
        0.7653668647301793,
        0.9999999999999993,
        1.4142135623730943,
        1.414213562373095,
        1.4142135623730951,
        1.6180339887498951,
        1.847759065022574,
        1.9999999999999998,
        2.7320508075688794,
        2.82842712474619
      ],
      "laplacian_spectrum": [
        -7.747708733842065e-16,
        -2.1965935921949816e-16,
        5.0450834795003976e-17,
        1.272161401859515e-16,
        0.19806226419516176,
        0.38196601125010454,
        0.585786437626905,
        0.7530203962825327,
        0.9999999999999998,
        1.0,
        1.3819660112501055,
        1.5549581320873704,
        1.9999999999999987,
        1.9999999999999991,
        2.0,
        2.381966011250104,
        2.4450418679126287,
        2.618033988749894,
        3.0,
        3.0000000000000013,
        3.246979603717467,
        3.3819660112501047,
        3.414213562373094,
        3.6180339887498922,
        3.8019377358048385,
        4.0,
        4.000000000000001,
        4.618033988749892,
        5.618033988749894,
        6.000000000000001
      ],
      "spectral_radius": 2.82842712474619,
      "laplacian_max": 6.000000000000001,
      "fiedler_per_l": {
        "0": 0.585786437626905,
        "1": 0.9999999999999994,
        "2": 0.3819660112501052,
        "3": 0.19806226419516176
      }
    },
    "max_n=5": {
      "V": 55,
      "E": 70,
      "beta_1": 20,
      "n_connected_components": 5,
      "degree_min": 1,
      "degree_max": 4,
      "degree_mean": 2.5454545454545454,
      "adjacency_spectrum": [
        -3.1462643699419743,
        -3.0322475511229903,
        -2.8477590650225766,
        -2.4142135623730927,
        -2.4142135623730914,
        -2.0322475511229903,
        -1.902113032590308,
        -1.7653668647301797,
        -1.732050807568878,
        -1.7320508075688779,
        -1.618033988749895,
        -1.6180339887498947,
        -1.4142135623730947,
        -1.1755705045849463,
        -1.0,
        -0.9999999999999999,
        -0.9999999999999998,
        -0.8477590650225789,
        -0.7961795736232004,
        -0.6180339887498949,
        -0.6180339887498946,
        -0.4142135623730957,
        -0.4142135623730936,
        -0.31783724519578116,
        -0.2346331352698185,
        -0.2038204263767991,
        -3.2672969942134236e-18,
        1.5378039715117836e-16,
        2.9108979480802375e-16,
        0.2038204263767991,
        0.23463313526982124,
        0.3178372451957814,
        0.41421356237309426,
        0.41421356237309476,
        0.618033988749894,
        0.6180339887498951,
        0.7961795736232007,
        0.8477590650225725,
        0.9999999999999983,
        0.9999999999999998,
        1.0,
        1.175570504584946,
        1.4142135623730947,
        1.6180339887498956,
        1.618033988749896,
        1.7320508075688759,
        1.7320508075688772,
        1.765366864730177,
        1.9021130325903082,
        2.032247551122989,
        2.414213562373095,
        2.4142135623730985,
        2.847759065022579,
        3.0322475511229916,
        3.1462643699419695
      ],