{
  "nmax_3": {
    "N_states": 14,
    "rydberg_SSE_A": {
      "min_kappa": -0.001,
      "min_val": 0.34538056156750496,
      "val_at_target": 0.9501419407623376
    },
    "rydberg_SSE_B": {
      "min_kappa": -0.001,
      "min_val": 1.6001595654945552e-05,
      "val_at_target": 0.06049652030635265
    },
    "least_squares_kappa_A": 0.04655349794238684,
    "least_squares_kappa_C": -0.014715185633271378,
    "L_eigenvalues": [
      -4.5874222309568704e-17,
      9.996582244115599e-17,
      2.220446049250313e-16,
      0.38196601125010543,
      1.0,
      1.0000000000000004,
      1.3819660112501055,
      1.9999999999999991,
      2.618033988749895,
      2.9999999999999996,
      3.0,
      3.000000000000001,
      3.618033988749895,
      5.0
    ],
    "graph_data": {
      "N_states": 14,
      "N_edges": 13,
      "Tr_L": 26.0,
      "Tr_L2": 80.0,
      "algebraic_connectivity": 0.38196601125010543
    }
  },
  "nmax_4": {
    "N_states": 30,
    "rydberg_SSE_A": {
      "min_kappa": -0.001,
      "min_val": 0.36421711642374893,
      "val_at_target": 1.7238776559729954
    },
    "rydberg_SSE_B": {
      "min_kappa": -0.001,
      "min_val": 4.0027240952732005e-05,
      "val_at_target": 0.17179866108434347
    },
    "least_squares_kappa_A": 0.023794934640522878,
    "least_squares_kappa_C": -0.008706603203404429,
    "L_eigenvalues": [
      -1.2589507431633117e-15,
      -9.746144659040945e-17,
      2.287418388675844e-16,
      4.173485855045395e-16,
      0.1980622641951621,
      0.3819660112501063,
      0.5857864376269051,
      0.7530203962825335,
      0.9999999999999993,
      0.9999999999999998,
      1.3819660112501064,
      1.5549581320873713,
      1.9999999999999998,
      2.0000000000000004,
      2.0000000000000004,
      2.381966011250104,
      2.4450418679126282,
      2.618033988749894,
      3.0,
      3.000000000000001,
      3.2469796037174667,
      3.3819660112501033,
      3.4142135623730945,
      3.6180339887498887,
      3.801937735804837,
      4.0,
      4.000000000000001,
      4.618033988749893,
      5.618033988749895,
      5.999999999999998
    ],
    "graph_data": {
      "N_states": 30,
      "N_edges": 34,
      "Tr_L": 67.99999999999999,
      "Tr_L2": 237.9999999999999,
      "algebraic_connectivity": 0.1980622641951621
    }
  },
  "nmax_5": {
    "N_states": 55,
    "rydberg_SSE_A": {
      "min_kappa": -0.001,
      "min_val": 0.37773133555037075,
      "val_at_target": 3.000177251214677
    },
    "rydberg_SSE_B": {
      "min_kappa": -0.001,
      "min_val": 8.021146208195299e-05,
      "val_at_target": 0.3805915419509485
    },
    "least_squares_kappa_A": 0.014600873424971367,
    "least_squares_kappa_C": -0.005684568287728945,
    "L_eigenvalues": [
      -1.700056022723605e-15,
      -1.3521149332938395e-15,
      -8.872894828023918e-16,
      -4.5874222309568704e-17,
      7.627044645974417e-17,
      0.12061475842818338,
      0.19806226419516154,
      0.38196601125010543,
      0.3819660112501055,
      0.46791111376204453,
      0.5857864376269043,
      0.7530203962825353,
      0.9999999999999996,
      1.0000000000000002,
      1.000000000000001,
      1.3819660112501044,
      1.3819660112501055,
      1.3819660112501084,
      1.5549581320873727,
      1.585786437626906,
      1.6527036446661396,
      1.9999999999999982,
      2.0,
      2.198062264195162,
      2.3472963553338606,
      2.3819660112501047,
      2.4450418679126282,
      2.618033988749895,
      2.618033988749895,
      2.753020396282532,
      2.9999999999999987,
      2.999999999999999,
      2.9999999999999996,
      3.000000000000001,
      3.2469796037174685,
      3.381966011250105,
      3.414213562373094,
      3.5320888862379562,
      3.554958132087374,
      3.585786437626905,
      3.618033988749895,
      3.618033988749895,
      3.618033988749897,
      3.8019377358048394,
      3.879385241571816,
      4.381966011250106,
      4.414213562373094,
      4.445041867912629,
      4.618033988749895,
      5.000000000000003,
      5.246979603717465,
      5.618033988749896,
      5.801937735804837,
      6.414213562373096,
      6.618033988749891
    ],
    "graph_data": {
      "N_states": 55,
      "N_edges": 70,
      "Tr_L": 140.0,
      "Tr_L2": 528.0,
      "algebraic_connectivity": 0.12061475842818338
    }
  },
  "verdict": "NEGATIVE",
  "explanation": "kappa = -1/16 is NOT a critical point (extremum or saddle) of any of the 10+ spectral functionals tested (ground state energy, spectral gap, trace, Rydberg SSE/SAE/MaxErr, spectral zeta, log-det, Shannon entropy, participation ratio, thermal entropy). All Rydberg error functionals are monotonically decreasing toward kappa=0. The per-state Rayleigh condition gives different kappa for different states (n,l), so no single kappa satisfies all diagonal matching constraints simultaneously. The value -1/16 appears to be a calibration constant chosen to best fit the hydrogen spectrum, not derivable from a variational principle on the graph Laplacian alone."
}