{
  "parameters": {
    "R": 3.015,
    "R_e": 1.5,
    "Z_A_eff": 2.69,
    "Z_B": 1.0,
    "PK_A": 6.93,
    "PK_B": 7.0,
    "rho": 1.0050000000000001,
    "n_alpha": 100
  },
  "mu0_vs_lmax": {
    "channel_blind": {
      "2": -10.734635861894605,
      "3": -11.679896340886495,
      "4": -12.225631399489533,
      "5": -12.548221036916324
    },
    "l_dependent": {
      "2": -14.458051342896864,
      "3": -15.820526616400032,
      "4": -16.574023810682394,
      "5": -17.020164458577057
    },
    "projected": {
      "2": -16.8505859312931,
      "3": -17.92341043290874,
      "4": -18.546174625218946,
      "5": -18.9187809946968
    }
  },
  "per_channel_weights_lmax4": {
    "channel_blind": [
      [
        "(0, 0)",
        1.0,
        1.0
      ],
      [
        "(0, 1)",
        1.0,
        1.0
      ],
      [
        "(1, 0)",
        1.0,
        1.0
      ],
      [
        "(0, 2)",
        1.0,
        1.0
      ],
      [
        "(1, 1)",
        1.0,
        1.0
      ],
      [
        "(2, 0)",
        1.0,
        1.0
      ],
      [
        "(0, 3)",
        1.0,
        1.0
      ],
      [
        "(1, 2)",
        1.0,
        1.0
      ],
      [
        "(2, 1)",
        1.0,
        1.0
      ],
      [
        "(3, 0)",
        1.0,
        1.0
      ],
      [
        "(0, 4)",
        1.0,
        1.0
      ],
      [
        "(1, 3)",
        1.0,
        1.0
      ],
      [
        "(2, 2)",
        1.0,
        1.0
      ],
      [
        "(3, 1)",
        1.0,
        1.0
      ],
      [
        "(4, 0)",
        1.0,
        1.0
      ],
      [
        "(1, 4)",
        1.0,
        1.0
      ],
      [
        "(2, 3)",
        1.0,
        1.0
      ],
      [
        "(3, 2)",
        1.0,
        1.0
      ],
      [
        "(4, 1)",
        1.0,
        1.0
      ],
      [
        "(2, 4)",
        1.0,
        1.0
      ],
      [
        "(3, 3)",
        1.0,
        1.0
      ],
      [
        "(4, 2)",
        1.0,
        1.0
      ],
      [
        "(3, 4)",
        1.0,
        1.0
      ],
      [
        "(4, 3)",
        1.0,
        1.0
      ],
      [
        "(4, 4)",
        1.0,
        1.0
      ]
    ],
    "l_dependent": [
      [
        "(0, 0)",
        1.0,
        1.0
      ],
      [
        "(0, 1)",
        1.0,
        0.0
      ],
      [
        "(1, 0)",
        0.0,
        1.0
      ],
      [
        "(0, 2)",
        1.0,
        0.0
      ],
      [
        "(1, 1)",
        0.0,
        0.0
      ],
      [
        "(2, 0)",
        0.0,
        1.0
      ],
      [
        "(0, 3)",
        1.0,
        0.0
      ],
      [
        "(1, 2)",
        0.0,
        0.0
      ],
      [
        "(2, 1)",
        0.0,
        0.0
      ],
      [
        "(3, 0)",
        0.0,
        1.0
      ],
      [
        "(0, 4)",
        1.0,
        0.0
      ],
      [
        "(1, 3)",
        0.0,
        0.0
      ],
      [
        "(2, 2)",
        0.0,
        0.0
      ],
      [
        "(3, 1)",
        0.0,
        0.0
      ],
      [
        "(4, 0)",
        0.0,
        1.0
      ],
      [
        "(1, 4)",
        0.0,
        0.0
      ],
      [
        "(2, 3)",
        0.0,
        0.0
      ],
      [
        "(3, 2)",
        0.0,
        0.0
      ],
      [
        "(4, 1)",
        0.0,
        0.0
      ],
      [
        "(2, 4)",
        0.0,
        0.0
      ],
      [
        "(3, 3)",
        0.0,
        0.0
      ],
      [
        "(4, 2)",
        0.0,
        0.0
      ],
      [
        "(3, 4)",
        0.0,
        0.0
      ],
      [
        "(4, 3)",
        0.0,
        0.0
      ],
      [
        "(4, 4)",
        0.0,
        0.0
      ]
    ],
    "projected": [
      [
        "(0, 0)",
        0.45244635708298975,
        0.4524463570830562
      ],
      [
        "(0, 1)",
        0.45244635708298975,
        0.0
      ],
      [
        "(1, 0)",
        0.0,
        0.4524463570830562
      ],
      [
        "(0, 2)",
        0.45244635708298975,
        0.0
      ],
      [
        "(1, 1)",
        0.0,
        0.0
      ],
      [
        "(2, 0)",
        0.0,
        0.4524463570830562
      ],
      [
        "(0, 3)",
        0.45244635708298975,
        0.0
      ],
      [
        "(1, 2)",
        0.0,
        0.0
      ],
      [
        "(2, 1)",
        0.0,
        0.0
      ],
      [
        "(3, 0)",
        0.0,
        0.4524463570830562
      ],
      [
        "(0, 4)",
        0.45244635708298975,
        0.0
      ],
      [
        "(1, 3)",
        0.0,
        0.0
      ],
      [
        "(2, 2)",
        0.0,
        0.0
      ],
      [
        "(3, 1)",
        0.0,
        0.0
      ],
      [
        "(4, 0)",
        0.0,
        0.4524463570830562
      ],
      [
        "(1, 4)",
        0.0,
        0.0
      ],
      [
        "(2, 3)",
        0.0,
        0.0
      ],
      [
        "(3, 2)",
        0.0,
        0.0
      ],
      [
        "(4, 1)",
        0.0,
        0.0
      ],
      [
        "(2, 4)",
        0.0,
        0.0
      ],
      [
        "(3, 3)",
        0.0,
        0.0
      ],
      [
        "(4, 2)",
        0.0,
        0.0
      ],
      [
        "(3, 4)",
        0.0,
        0.0
      ],
      [
        "(4, 3)",
        0.0,
        0.0
      ],
      [
        "(4, 4)",
        0.0,
        0.0
      ]
    ]
  }
}