{
  "meta": {
    "track": "Q1-B",
    "description": "Edge Laplacian of GeoVac S^3 graph at n_max=3",
    "n_nodes": 14,
    "n_edges": 13,
    "beta_1": 0,
    "is_tree": true
  },
  "nodes": [
    [
      1,
      0,
      0
    ],
    [
      2,
      0,
      0
    ],
    [
      2,
      1,
      -1
    ],
    [
      2,
      1,
      0
    ],
    [
      2,
      1,
      1
    ],
    [
      3,
      0,
      0
    ],
    [
      3,
      1,
      -1
    ],
    [
      3,
      1,
      0
    ],
    [
      3,
      1,
      1
    ],
    [
      3,
      2,
      -2
    ],
    [
      3,
      2,
      -1
    ],
    [
      3,
      2,
      0
    ],
    [
      3,
      2,
      1
    ],
    [
      3,
      2,
      2
    ]
  ],
  "edges": [
    [
      0,
      1
    ],
    [
      1,
      5
    ],
    [
      2,
      3
    ],
    [
      2,
      6
    ],
    [
      3,
      4
    ],
    [
      3,
      7
    ],
    [
      4,
      8
    ],
    [
      6,
      7
    ],
    [
      7,
      8
    ],
    [
      9,
      10
    ],
    [
      10,
      11
    ],
    [
      11,
      12
    ],
    [
      12,
      13
    ]
  ],
  "edge_types": {
    "angular_count": 8,
    "radial_count": 5,
    "angular_indices": [
      2,
      4,
      7,
      8,
      9,
      10,
      11,
      12
    ],
    "radial_indices": [
      0,
      1,
      3,
      5,
      6
    ]
  },
  "edge_laplacian_spectrum": [
    -7.945150263545395e-17,
    3.3414600446351773e-16,
    0.3819660112501049,
    0.9999999999999996,
    1.0,
    1.3819660112501053,
    1.9999999999999993,
    2.618033988749895,
    2.999999999999999,
    3.0,
    3.0000000000000013,
    3.6180339887498953,
    5.0
  ],
  "node_laplacian_spectrum": [
    3.9250536344271737e-17,
    4.99692479230196e-17,
    7.91033905045424e-16,
    0.3819660112501052,
    0.9999999999999998,
    1.0000000000000007,
    1.3819660112501049,
    1.999999999999999,
    2.6180339887498953,
    3.0,
    3.0,
    3.0000000000000004,
    3.6180339887498945,
    4.999999999999999
  ],
  "svd_theorem_max_diff": 8.881784197001252e-16,
  "edge_invariants": {
    "Tr(L_edge)": 26.0,
    "det(L_edge)": -3.5840342908250403e-29,
    "det'(L_edge) [product of nonzero]": 1349.9999999999986,
    "log det'(L_edge)": 7.207859871432474,
    "zeta_edge(1)": 7.700000000000002,
    "zeta_edge(2)": 10.223333333333343,
    "zeta_edge(3)": 20.64411111111115,
    "zeta_edge(4)": 49.38113703703717,
    "von Neumann entropy": 2.236071293420764,
    "algebraic connectivity": 0.3819660112501049,
    "largest eigenvalue": 5.0,
    "sum of squares": 80.0,
    "M (edge count)": 13.0,
    "N (node count)": 14.0
  },
  "extra_combinations": {
    "Tr/M": 2.0,
    "Tr/N": 1.8571428571428572,
    "Tr * pi": 81.68140899333463,
    "det' * pi": 4241.150082346217,
    "zeta1 * pi": 24.190263432641412,
    "zeta2 * pi^2": 100.90025566047031,
    "logdet / pi": 2.294333055304383,
    "Tr + 42": 68.0,
    "Tr - 42": -16.0,
    "42 / Tr": 1.6153846153846154,
    "Tr / zeta1": 3.376623376623376,
    "det'^(1/M)": 1.7409845026530686,
    "M * zeta1": 100.10000000000002,
    "N * zeta1": 107.80000000000003,
    "pi * zeta1": 24.190263432641412,
    "pi * zeta2": 32.11754889519968,
    "pi^2 * zeta1": 75.99595388838807
  },
  "exact_eigenvalues_str": null,
  "edge_casimir_sum": 38,
  "edge_weighted_casimir_sum": 162,
  "node_sector_casimir": 42,
  "targets": {
    "B = 42": 42.0,
    "F = pi^2/6": 1.6449340668482264,
    "Delta = 1/40": 0.025,
    "B + F": 43.64493406684823,
    "B + F - Delta": 43.61993406684823,
    "K/pi": 43.61993406684823,
    "K = pi(B+F-Delta)": 137.03606441448156,
    "1/alpha": 137.035999084
  },
  "exact_hits": [],
  "near_misses": [
    [
      "42 / Tr",
      1.6153846153846154,
      "F = pi^2/6",
      1.6449340668482264,
      0.017963912389649252
    ]
  ],
  "verdict": "NEGATIVE"
}