{
  "n_max_values": [
    2,
    3,
    4
  ],
  "truthful_CH": [
    {
      "n_max": 2,
      "C_3": 0.5000000199946686,
      "dim_H": 16
    },
    {
      "n_max": 3,
      "C_3": 0.7071067811865476,
      "dim_H": 40
    },
    {
      "n_max": 4,
      "C_3": 0.7383169825745217,
      "dim_H": 80
    }
  ],
  "scalar_Dirac": [
    {
      "n_max": 2,
      "C_3": 0.8660254384162203,
      "dim_H": 16
    },
    {
      "n_max": 3,
      "C_3": 1.02494402638233,
      "dim_H": 40
    }
  ]
}