{
  "description": "L5 Latremoliere quantum-GH propinquity bound at n_max in {2, 3, 4}.  Lambda(T_{n_max}, T_S3) <= C_3 * gamma_{n_max} where C_3 = 1 (L3) and gamma_{n_max} is the L2 mass-concentration moment.",
  "L1_prime_substrate": "geovac/full_dirac_operator_system.py",
  "L2_kernel": "geovac/central_fejer_su2.py",
  "L3_lipschitz": "geovac/r25_l3_lipschitz_bound.py",
  "L4_berezin": "geovac/berezin_reconstruction.py",
  "L5_module": "geovac/gh_convergence.py",
  "n_max_values": [
    2,
    3,
    4
  ],
  "bounds": {
    "2": {
      "n_max": 2,
      "gamma_n_max": 2.0745510936998897,
      "c_lipschitz": 1.0,
      "cb_norm_central": 0.6666666666666666,
      "reach_B_panel": 0.10610329539459692,
      "reach_B_bound": 2.0745510936998897,
      "height_B_panel": 0.4244131815783876,
      "height_B_bound": 2.0745510936998897,
      "height_B_op_norm_panel": 0.21220659078919377,
      "propinquity_bound": 2.0745510936998897,
      "qualitative_rate_only": true,
      "track_c_constant": null
    },
    "3": {
      "n_max": 3,
      "gamma_n_max": 1.6100599680657361,
      "c_lipschitz": 1.0,
      "cb_norm_central": 0.5,
      "reach_B_panel": 0.3001054387190354,
      "reach_B_bound": 1.6100599680657361,
      "height_B_panel": 0.991648465735759,
      "height_B_bound": 1.6100599680657361,
      "height_B_op_norm_panel": 0.257518107400242,
      "propinquity_bound": 1.6100599680657361,
      "qualitative_rate_only": true,
      "track_c_constant": null
    },
    "4": {
      "n_max": 4,
      "gamma_n_max": 1.3223327942828407,
      "c_lipschitz": 1.0,
      "cb_norm_central": 0.4,
      "reach_B_panel": 0.4456338406573069,
      "reach_B_bound": 1.3223327942828407,
      "height_B_panel": 1.732230777881624,
      "height_B_bound": 1.3223327942828407,
      "height_B_op_norm_panel": 0.1909859317102744,
      "propinquity_bound": 1.3223327942828407,
      "qualitative_rate_only": true,
      "track_c_constant": null
    }
  }
}