{
  "system": "LiH",
  "max_n": 2,
  "Q": 30,
  "n_pauli": 333,
  "R_grid": [
    2.5,
    3.015,
    3.5,
    4.0,
    5.0
  ],
  "per_R": [
    {
      "R": 2.5,
      "fcidump_path": "C:\\Users\\jlout\\Desktop\\Project_Geometric\\debug\\data\\lih_r2.500_nmax2.fcidump",
      "M": 15,
      "Q": 30,
      "n_pauli": 333,
      "n_electrons": 4,
      "ecore": -6.079899999999999,
      "write_meta": {
        "n_one_body_terms": 16,
        "n_two_body_terms": 72
      },
      "roundtrip_max_h1_diff": 0.0,
      "roundtrip_max_eri_diff": 0.0,
      "roundtrip_ecore_diff": 0.0,
      "build_wall_s": 0.11,
      "write_wall_s": 0.004,
      "read_wall_s": 0.001,
      "E_fci_from_fcidump": -13.938025312185394,
      "sector_dim": 11025,
      "fci_wall_s": 11.45,
      "E_fci_native": -13.938025312185399,
      "fci_native_wall_s": 11.602,
      "abs_diff_fcidump_vs_native": 5.329070518200751e-15
    },
    {
      "R": 3.015,
      "fcidump_path": "C:\\Users\\jlout\\Desktop\\Project_Geometric\\debug\\data\\lih_r3.015_nmax2.fcidump",
      "M": 15,
      "Q": 30,
      "n_pauli": 333,
      "n_electrons": 4,
      "ecore": -6.284875124378109,
      "write_meta": {
        "n_one_body_terms": 16,
        "n_two_body_terms": 72
      },
      "roundtrip_max_h1_diff": 0.0,
      "roundtrip_max_eri_diff": 0.0,
      "roundtrip_ecore_diff": 0.0,
      "build_wall_s": 0.107,
      "write_wall_s": 0.003,
      "read_wall_s": 0.0,
      "E_fci_from_fcidump": -14.143000436563616,
      "sector_dim": 11025,
      "fci_wall_s": 11.721,
      "E_fci_native": -14.14300043656359,
      "fci_native_wall_s": 11.752,
      "abs_diff_fcidump_vs_native": 2.6645352591003757e-14,
      "schmidt_profile": {
        "singular_values": [
          0.915410726303577,
          0.40164687458670856,
          0.022254555760894155,
          0.009764439622389267,
          0.009707663290086677,
          0.00425934775283637,
          1.8341121801327218e-14,
          1.615871935932654e-14,
          8.868575425789107e-15,
          7.089479265694318e-15,
          4.80771746923818e-15,
          1.855341614012908e-15,
          1.6777110822415153e-15,
          9.161565560505175e-16,
          8.130480522648549e-16,
          7.771669246341868e-16,
          5.667449528659243e-16,
          4.551266121573395e-16,
          4.2865549223364597e-16,
          4.023766403687958e-16,
          3.3770017633656586e-16,
          2.5452528778637566e-16,
          2.5437358417097027e-16,
          2.3233647595741187e-16,
          2.2220668420685634e-16,
          2.0862250045796496e-16,
          1.9869085969068904e-16,
          1.8488683452216201e-16,
          1.698745825607773e-16,
          1.6522921061874672e-16,
          1.589093086812296e-16,
          1.3953219795326473e-16,
          1.1816367391550051e-16,
          9.91689071291745e-17,
          9.773805536158267e-17,
          8.447859802591339e-17,
          7.94700520143764e-17,
          7.94700520143764e-17,
          7.94700520143764e-17,
          7.94700520143764e-17,
          7.94700520143764e-17,
          7.94700520143764e-17,
          7.94700520143764e-17,
          7.94700520143764e-17,
          7.94700520143764e-17,
          7.94700520143764e-17,
          7.94700520143764e-17,
          7.94700520143764e-17,
          7.94700520143764e-17,
          7.94700520143764e-17,
          7.94700520143764e-17,
          7.94700520143764e-17,
          7.94700520143764e-17,
          7.94700520143764e-17,
          7.94700520143764e-17,
          7.94700520143764e-17,
          7.94700520143764e-17,
          7.94700520143764e-17,
          7.94700520143764e-17,
          7.94700520143764e-17,
          7.94700520143764e-17,
          7.94700520143764e-17,
          7.94700520143764e-17,
          7.94700520143764e-17,
          7.94700520143764e-17,
          7.94700520143764e-17,
          7.94700520143764e-17,
          7.94700520143764e-17,
          7.94700520143764e-17,
          7.94700520143764e-17,
          7.94700520143764e-17,
          7.94700520143764e-17,
          7.94700520143764e-17,
          7.94700520143764e-17,
          7.94700520143764e-17,
          7.94700520143764e-17,
          7.94700520143764e-17,
          7.94700520143764e-17,
          7.94700520143764e-17,
          7.94700520143764e-17,
          7.94700520143764e-17,
          7.94700520143764e-17,
          7.94700520143764e-17,
          7.94700520143764e-17,
          7.94700520143764e-17,
          7.94700520143764e-17,
          7.94700520143764e-17,
          7.94700520143764e-17,
          7.94700520143764e-17,
          7.94700520143764e-17,
          7.94700520143764e-17,
          7.94700520143764e-17,
          7.94700520143764e-17,
          7.94700520143764e-17,
          7.94700520143764e-17,
          7.94700520143764e-17,
          7.94700520143764e-17,
          7.94700520143764e-17,
          7.94700520143764e-17,
          7.94700520143764e-17,
          7.94700520143764e-17,
          6.642946867834903e-17,
          4.944856658408453e-17,
          3.1110855336006356e-17,
          1.1531551141603716e-17
        ],
        "num_significant_1em6": 6,
        "num_significant_1em10": 6,
        "num_significant_1em14": 6,
        "truncation_panel": [
          {
            "chi": 1,
            "retained_weight": 0.8379767978316424,
            "truncated_weight": 0.1620232021683585,
            "fidelity_loss_1mF": 0.16202320216835842
          },
          {
            "chi": 2,
            "retained_weight": 0.9992970096969136,
            "truncated_weight": 0.0007029903030873214,
            "fidelity_loss_1mF": 0.0007029903030872919
          },
          {
            "chi": 4,
            "retained_weight": 0.9998876192301677,
            "truncated_weight": 0.00011238076983328871,
            "fidelity_loss_1mF": 0.0001123807698332202
          },
          {
            "chi": 8,
            "retained_weight": 1.0000000000000009,
            "truncated_weight": 1.6228577424693658e-28,
            "fidelity_loss_1mF": 0.0
          },
          {
            "chi": 16,
            "retained_weight": 1.0000000000000009,
            "truncated_weight": 1.897895261903211e-30,
            "fidelity_loss_1mF": 0.0
          }
        ],
        "manual_fci_E0": -14.143000436563483,
        "manual_fci_wall_s": 33.682,
        "n_alpha": 105,
        "n_beta": 105
      }
    },
    {
      "R": 3.5,
      "fcidump_path": "C:\\Users\\jlout\\Desktop\\Project_Geometric\\debug\\data\\lih_r3.500_nmax2.fcidump",
      "M": 15,
      "Q": 30,
      "n_pauli": 333,
      "n_electrons": 4,
      "ecore": -6.422757142857143,
      "write_meta": {
        "n_one_body_terms": 16,
        "n_two_body_terms": 72
      },
      "roundtrip_max_h1_diff": 0.0,
      "roundtrip_max_eri_diff": 0.0,
      "roundtrip_ecore_diff": 0.0,
      "build_wall_s": 0.11,
      "write_wall_s": 0.003,
      "read_wall_s": 0.0,
      "E_fci_from_fcidump": -14.280882455042592,
      "sector_dim": 11025,
      "fci_wall_s": 11.713,
      "E_fci_native": -14.280882455042644,
      "fci_native_wall_s": 11.799,
      "abs_diff_fcidump_vs_native": 5.1514348342607263e-14
    },
    {
      "R": 4.0,
      "fcidump_path": "C:\\Users\\jlout\\Desktop\\Project_Geometric\\debug\\data\\lih_r4.000_nmax2.fcidump",
      "M": 15,
      "Q": 30,
      "n_pauli": 333,
      "n_electrons": 4,
      "ecore": -6.5299,
      "write_meta": {
        "n_one_body_terms": 16,
        "n_two_body_terms": 72
      },
      "roundtrip_max_h1_diff": 0.0,
      "roundtrip_max_eri_diff": 0.0,
      "roundtrip_ecore_diff": 0.0,
      "build_wall_s": 0.113,
      "write_wall_s": 0.003,
      "read_wall_s": 0.0,
      "E_fci_from_fcidump": -14.38802531218547,
      "sector_dim": 11025,
      "fci_wall_s": 11.712,
      "E_fci_native": -14.388025312185455,
      "fci_native_wall_s": 11.801,