{
  "2": {
    "laplacian": {
      "label": "Laplacian 1/(N\u00b2-1), n_max=2",
      "n_coulomb_nonzero": 107,
      "n_test_nonzero": 54,
      "pearson": -0.1310393880307794,
      "cv_ratio": 10.650882371150457,
      "mean_ratio": -0.036110574523750036,
      "sign_agreement": 0.18691588785046728,
      "coverage": 0.5046728971962616,
      "m_conservation": 1.0
    },
    "dirac": {
      "label": "Dirac 1/(N+\u00bd)\u00b2, n_max=2",
      "n_coulomb_nonzero": 107,
      "n_test_nonzero": 63,
      "pearson": 0.8067184630838101,
      "cv_ratio": 40.426241071074834,
      "mean_ratio": 0.0050111516212971675,
      "sign_agreement": 0.3644859813084112,
      "coverage": 0.5887850467289719,
      "m_conservation": 1.0
    },
    "uniform": {
      "label": "Uniform w=1, n_max=2",
      "n_coulomb_nonzero": 107,
      "n_test_nonzero": 63,
      "pearson": 0.4637918516581908,
      "cv_ratio": 8.08697742954821,
      "mean_ratio": -0.1866591812693839,
      "sign_agreement": 0.3644859813084112,
      "coverage": 0.5887850467289719,
      "m_conservation": 1.0
    },
    "invN": {
      "label": "1/N weight, n_max=2",
      "n_coulomb_nonzero": 107,
      "n_test_nonzero": 63,
      "pearson": 0.7439630582975364,
      "cv_ratio": 25.820980097864428,
      "mean_ratio": -0.025571680970989805,
      "sign_agreement": 0.3644859813084112,
      "coverage": 0.5887850467289719,
      "m_conservation": 1.0
    }
  },
  "3": {
    "laplacian": {
      "label": "Laplacian 1/(N\u00b2-1), n_max=3",
      "n_coulomb_nonzero": 3800,
      "n_test_nonzero": 1949,
      "pearson": -0.04149675071416293,
      "cv_ratio": 96.54490839634684,
      "mean_ratio": 0.07755806302796864,
      "sign_agreement": 0.2381578947368421,
      "coverage": 0.5128947368421053,
      "m_conservation": 1.0
    },
    "dirac": {
      "label": "Dirac 1/(N+\u00bd)\u00b2, n_max=3",
      "n_coulomb_nonzero": 3800,
      "n_test_nonzero": 1992,
      "pearson": 0.751144139530059,
      "cv_ratio": 68.47526070947679,
      "mean_ratio": 0.07208803003133485,
      "sign_agreement": 0.27263157894736845,
      "coverage": 0.5242105263157895,
      "m_conservation": 1.0
    },
    "uniform": {
      "label": "Uniform w=1, n_max=3",
      "n_coulomb_nonzero": 3800,
      "n_test_nonzero": 1968,
      "pearson": 0.332612366178712,
      "cv_ratio": 60.39229197527487,
      "mean_ratio": 1.1319680214934025,
      "sign_agreement": 0.27789473684210525,
      "coverage": 0.5178947368421053,
      "m_conservation": 1.0
    },
    "invN": {
      "label": "1/N weight, n_max=3",
      "n_coulomb_nonzero": 3800,
      "n_test_nonzero": 1992,
      "pearson": 0.654120328766063,
      "cv_ratio": 65.51242134181123,
      "mean_ratio": 0.3200085559796475,
      "sign_agreement": 0.27473684210526317,
      "coverage": 0.5242105263157895,
      "m_conservation": 1.0
    }
  }
}