{
  "systems": {
    "He_n3": {
      "Z": 2,
      "n_max": 3,
      "n_configs": 31,
      "n_spatial": 14,
      "E_GS": -2.8931097422339285,
      "S_full_float64": 0.04081105136647182,
      "S_full_known_18dig": 0.0408110513664718,
      "abs_diff": 2.0816681711721685e-17,
      "loop_closed": true,
      "n_significant_occupations": 14,
      "occupations_top8": [
        1.9882475301353113,
        0.008956774934913763,
        0.0009313729118543552,
        0.0009313729118543546,
        0.000931372911854354,
        5.812533621559488e-07,
        1.7293669849756417e-07,
        1.7293669849756412e-07
      ],
      "probabilities_top8": [
        0.9941237650676557,
        0.004478387467456882,
        0.0004656864559271776,
        0.0004656864559271773,
        0.000465686455927177,
        2.906266810779744e-07,
        8.646834924878209e-08,
        8.646834924878206e-08
      ],
      "trace_check": 1.999999999999999
    },
    "Li+_n3": {
      "Z": 3,
      "n_max": 3,
      "n_configs": 31,
      "n_spatial": 14,
      "E_GS": -7.230823198761398,
      "S_full_float64": 0.011211717937420422,
      "S_full_known_18dig": 0.0112117179374209,
      "abs_diff": 4.787836793695988e-16,
      "loop_closed": true,
      "n_significant_occupations": 14,
      "occupations_top8": [
        1.997427000014544,
        0.0016311277807036111,
        0.00031389699191837337,
        0.0003138969919183733,
        0.00031389699191837305,
        3.167644121949772e-08,
        3.1676441219489414e-08,
        3.1676441219489414e-08
      ],
      "probabilities_top8": [
        0.998713500007272,
        0.0008155638903518056,
        0.00015694849595918669,
        0.00015694849595918666,
        0.00015694849595918652,
        1.583822060974886e-08,
        1.5838220609744707e-08,
        1.5838220609744707e-08
      ],
      "trace_check": 2.0000000000000004
    }
  },
  "dominant_occupation_algebraicity": {
    "p_max_He_n3": 0.9941237650676557,
    "min_poly_relation_deg<=6_maxcoeff_1e4": null,
    "note": "HIT => p_max is a low-degree algebraic number; NULL => algebraic but degree>6 (still algebraic by theorem: eigenvalue of an exact-rational 1-RDM)."
  }
}