{
  "anchor": {
    "S_min_120dps": "2.47993693803422255441357950082938214468792578661728845837879872655955277781837491232855893143004699635515948282771311796",
    "matches_frozen_80": true,
    "time_sec": 5.130222320556641
  },
  "interchange_exact_N40": true,
  "odd_reindex_exact_N40": true,
  "t_values_60dps": {
    "(2, 1)": "0.329236162849817068243549448583002637952790878124520928631398",
    "(2, 2)": "0.253669507901048013636563366376836227212832254355951618988198",
    "(2, 3)": "0.239227249963916236257151883054296164378158229613811309960934",
    "(2, 4)": "0.235385237423119946414664425166818254301309922468217264635618",
    "(4, 1)": "0.0156870525446194840048872049412574784898301677533068797182915",
    "(4, 2)": "0.0149765317371155840619552216176660943620279754695552915990369",
    "(4, 3)": "0.0147715430882680387106297209244576129187538923772328096404203",
    "(4, 4)": "0.0147081643974308252838674595484665888465668084567849124071647"
  },
  "decomposition_residual": "1.8484e-129",
  "stuffle_residuals": {
    "t(2,2) = (lam(2)^2 - lam(4))/2": "1.1271e-131",
    "t(4,4) = (lam(4)^2 - lam(8))/2": "1.9019e-131",
    "t(2,4) + t(4,2) = lam(2)lam(4) - lam(6)": "0.0"
  },
  "odd_weight_closed_forms": {
    "(2, 1)": {
      "zeta3": "-7/16",
      "pi2*ln2": "1/8"
    },
    "(4, 1)": null,
    "(2, 3)": {
      "zeta5": "-31/64",
      "pi2*zeta3": "1/16"
    },
    "(4, 3)": null
  },
  "closed_form": null,
  "cg_audit": {
    "delta_nonzero": {
      "(1, 1)": -2,
      "(1, 2)": -1,
      "(1, 3)": -1,
      "(1, 4)": -1,
      "(1, 5)": -1,
      "(1, 6)": -1,
      "(1, 7)": -1,
      "(1, 8)": -1,
      "(1, 9)": -1,
      "(1, 10)": -1,
      "(1, 11)": -1,
      "(1, 12)": -1,
      "(2, 1)": -1,
      "(2, 2)": -2,
      "(2, 3)": -1,
      "(2, 4)": -1,
      "(2, 5)": -1,
      "(2, 6)": -1,
      "(2, 7)": -1,
      "(2, 8)": -1,
      "(2, 9)": -1,
      "(2, 10)": -1,
      "(2, 11)": -1,
      "(2, 12)": -1,
      "(3, 1)": -1,
      "(3, 2)": -1,
      "(3, 3)": -2,
      "(3, 4)": -1,
      "(3, 5)": -1,
      "(3, 6)": -1,
      "(3, 7)": -1,
      "(3, 8)": -1,
      "(3, 9)": -1,
      "(3, 10)": -1,
      "(3, 11)": -1,
      "(3, 12)": -1,
      "(4, 1)": -1,
      "(4, 2)": -1,
      "(4, 3)": -1,
      "(4, 4)": -2,
      "(4, 5)": -1,
      "(4, 6)": -1,
      "(4, 7)": -1,
      "(4, 8)": -1,
      "(4, 9)": -1,
      "(4, 10)": -1,
      "(4, 11)": -1,
      "(4, 12)": -1,
      "(5, 1)": -1,
      "(5, 2)": -1,
      "(5, 3)": -1,
      "(5, 4)": -1,
      "(5, 5)": -2,
      "(5, 6)": -1,
      "(5, 7)": -1,
      "(5, 8)": -1,
      "(5, 9)": -1,
      "(5, 10)": -1,
      "(5, 11)": -1,
      "(5, 12)": -1,
      "(6, 1)": -1,
      "(6, 2)": -1,
      "(6, 3)": -1,
      "(6, 4)": -1,
      "(6, 5)": -1,
      "(6, 6)": -2,
      "(6, 7)": -1,
      "(6, 8)": -1,
      "(6, 9)": -1,
      "(6, 10)": -1,
      "(6, 11)": -1,
      "(6, 12)": -1,
      "(7, 1)": -1,
      "(7, 2)": -1,
      "(7, 3)": -1,
      "(7, 4)": -1,
      "(7, 5)": -1,
      "(7, 6)": -1,
      "(7, 7)": -2,
      "(7, 8)": -1,
      "(7, 9)": -1,
      "(7, 10)": -1,
      "(7, 11)": -1,
      "(7, 12)": -1,
      "(8, 1)": -1,
      "(8, 2)": -1,
      "(8, 3)": -1,
      "(8, 4)": -1,
      "(8, 5)": -1,
      "(8, 6)": -1,
      "(8, 7)": -1,
      "(8, 8)": -2,
      "(8, 9)": -1,
      "(8, 10)": -1,
      "(8, 11)": -1,
      "(8, 12)": -1,
      "(9, 1)": -1,
      "(9, 2)": -1,
      "(9, 3)": -1,
      "(9, 4)": -1,
      "(9, 5)": -1,
      "(9, 6)": -1,
      "(9, 7)": -1,
      "(9, 8)": -1,
      "(9, 9)": -2,
      "(9, 10)": -1,
      "(9, 11)": -1,
      "(9, 12)": -1,
      "(10, 1)": -1,
      "(10, 2)": -1,
      "(10, 3)": -1,
      "(10, 4)": -1,
      "(10, 5)": -1,
      "(10, 6)": -1,
      "(10, 7)": -1,
      "(10, 8)": -1,
      "(10, 9)": -1,
      "(10, 10)": -2,
      "(10, 11)": -1,
      "(10, 12)": -1,
      "(11, 1)": -1,
      "(11, 2)": -1,
      "(11, 3)": -1,
      "(11, 4)": -1,
      "(11, 5)": -1,
      "(11, 6)": -1,
      "(11, 7)": -1,
      "(11, 8)": -1,
      "(11, 9)": -1,
      "(11, 10)": -1,
      "(11, 11)": -2,
      "(11, 12)": -1,
      "(12, 1)": -1,
      "(12, 2)": -1,
      "(12, 3)": -1,
      "(12, 4)": -1,
      "(12, 5)": -1,
      "(12, 6)": -1,
      "(12, 7)": -1,
      "(12, 8)": -1,
      "(12, 9)": -1,
      "(12, 10)": -1,
      "(12, 11)": -1,
      "(12, 12)": -2
    },
    "sunset_partial_N40": "2.72632140635226297960101033575",
    "two_smin_partial_N40": "3.70231244208356945209229501209",
    "difference_N40": "-0.975991035731306472491284676333"
  }
}