{
  "n_max_2": {
    "n_max": 2,
    "dim_H": 16,
    "n_sectors": 5,
    "sectors": [
      [
        1,
        0
      ],
      [
        1,
        1
      ],
      [
        2,
        0
      ],
      [
        2,
        1
      ],
      [
        2,
        2
      ]
    ],
    "chi_plus": 8,
    "chi_minus": 8,
    "eigenvalues_numerical": [
      -2.65556500434607,
      -2.5651640460211875,
      -2.500781280555577,
      -2.5001562455571156,
      -2.4402972679043113,
      -2.376094000605559,
      -1.496101399665736,
      -1.4897447116135334,
      1.4897447116135343,
      1.4961013996657349,
      2.376094000605559,
      2.440297267904312,
      2.5001562455571156,
      2.5007812805555782,
      2.5651640460211893,
      2.655565004346069
    ],
    "spectrum_paired": true,
    "commutator_nonzero_entries": 100,
    "connes_distances": {
      "(1, 0)-(1, 1)": 5.708626757205295,
      "(1, 0)-(2, 0)": 6.275716324421889,
      "(1, 0)-(2, 1)": 4.152412088878431,
      "(1, 0)-(2, 2)": 5.862079366068099,
      "(1, 1)-(2, 0)": 5.708626757205296,
      "(1, 1)-(2, 1)": 4.891933171742828,
      "(1, 1)-(2, 2)": 5.241318394157876,
      "(2, 0)-(2, 1)": 4.15241208887843,
      "(2, 0)-(2, 2)": 5.8620793660680945,
      "(2, 1)-(2, 2)": 3.8536287001975915
    },
    "axiom_checks": {
      "D_selfadjoint": true,
      "gamma_squared_I": true,
      "gamma_selfadjoint": true,
      "D_gamma_anticommute": false,
      "Lambda_gamma_commute": true,
      "J_squared": true,
      "J_squared_epsilon": 1,
      "J_D_relation": true,
      "J_gamma_commute": true,
      "order_zero": true,
      "order_one": false,
      "pi_free": true
    },
    "supertraces": {
      "Str_D": "36",
      "Str_I": "0",
      "Str_D2": "0",
      "Tr_gamma": "0"
    },
    "kramers_J_squared_epsilon": -1
  },
  "n_max_3": {
    "n_max": 3,
    "dim_H": 40,
    "n_sectors": 9,
    "sectors": [
      [
        1,
        0
      ],
      [
        1,
        1
      ],
      [
        2,
        0
      ],
      [
        2,
        1
      ],
      [
        2,
        2
      ],
      [
        3,
        0
      ],
      [
        3,
        1
      ],
      [
        3,
        2
      ],
      [
        3,
        3
      ]
    ],
    "chi_plus": 20,
    "chi_minus": 20,
    "eigenvalues_numerical": [
      -3.756026586440535,
      -3.642015242245413,
      -3.5623663917315262,
      -3.5542596727304585,
      -3.5041760657742134,
      -3.500558102357277,
      -3.5001860193172116,
      -3.5000928123402053,
      -3.4499050327985414,
      -3.4431671682119704,
      -3.383321979761451,
      -3.3219449993141277,
      -2.626365098420764,
      -2.5563403810448313,
      -2.49753797475616,
      -2.496396670665992,
      -2.4310693550737263,
      -2.347581791273845,
      -1.4960769745896394,
      -1.4894248611852785,
      1.489424861185279,
      1.4960769745896378,
      2.3475817912738433,
      2.4310693550737277,
      2.496396670666001,
      2.497537974756159,
      2.556340381044837,
      2.626365098420758,
      3.321944999314125,
      3.383321979761453,
      3.4431671682119718,
      3.449905032798533,
      3.500092812340194,
      3.500186019317205,
      3.5005581023573002,
      3.5041760657742174,
      3.5542596727304603,
      3.5623663917315276,
      3.642015242245414,
      3.7560265864405333
    ],
    "spectrum_paired": true,
    "commutator_nonzero_entries": 384,
    "connes_distances": {
      "(1, 0)-(1, 1)": 5.708626757205295,
      "(1, 0)-(2, 0)": 5.723709806465516,
      "(1, 0)-(2, 1)": 3.5016067995898252,
      "(1, 0)-(2, 2)": 4.8799177611488975,
      "(1, 0)-(3, 0)": 6.420479210403938,
      "(1, 0)-(3, 1)": 4.721543671972245,
      "(1, 0)-(3, 2)": 4.448631141295674,
      "(1, 0)-(3, 3)": 6.8103813863932645,
      "(1, 1)-(2, 0)": 5.135456022166753,
      "(1, 1)-(2, 1)": 4.044044932737533,
      "(1, 1)-(2, 2)": 4.348288171515783,
      "(1, 1)-(3, 0)": 7.542472332656507,
      "(1, 1)-(3, 1)": 4.487792703016695,
      "(1, 1)-(3, 2)": 4.608984761859146,
      "(1, 1)-(3, 3)": 6.403297241692361,
      "(2, 0)-(2, 1)": 3.41245425684936,
      "(2, 0)-(2, 2)": 4.320817289968544,
      "(2, 0)-(3, 0)": 5.183535951418377,
      "(2, 0)-(3, 1)": 3.583753731213555,
      "(2, 0)-(3, 2)": 4.064440853816851,
      "(2, 0)-(3, 3)": 6.8103813863932645,
      "(2, 1)-(2, 2)": 3.133049078581793,
      "(2, 1)-(3, 0)": 3.4524683070787496,
      "(2, 1)-(3, 1)": 3.256896920158513,
      "(2, 1)-(3, 2)": 2.8477457180546017,
      "(2, 1)-(3, 3)": 3.89039105340504,
      "(2, 2)-(3, 0)": 4.558041392656838,
      "(2, 2)-(3, 1)": 3.2521566399208477,
      "(2, 2)-(3, 2)": 3.580848188867347,
      "(2, 2)-(3, 3)": 3.9541339685965053,
      "(3, 0)-(3, 1)": 3.63593587313707,
      "(3, 0)-(3, 2)": 4.096776050924592,
      "(3, 0)-(3, 3)": 6.8103813863932645,
      "(3, 1)-(3, 2)": 2.928562133486349,
      "(3, 1)-(3, 3)": 4.096776050924591,
      "(3, 2)-(3, 3)": 3.244861884142055
    },
    "axiom_checks": {
      "D_selfadjoint": true,
      "gamma_squared_I": true,
      "gamma_selfadjoint": true,
      "D_gamma_anticommute": false,
      "Lambda_gamma_commute": true,
      "J_squared": true,
      "J_squared_epsilon": 1,
      "J_D_relation": true,
      "J_gamma_commute": true,
      "order_zero": true,
      "order_one": "SKIPPED",
      "pi_free": true
    },
    "supertraces": {
      "Str_D": "120",
      "Str_I": "0",
      "Str_D2": "0",
      "Tr_gamma": "0"
    },
    "kramers_J_squared_epsilon": -1
  }
}