{
  "H2 (1:1)": {
    "spheroidal_params": {
      "c": 0.7,
      "b": 0.0,
      "L_max": 20
    },
    "separation_constants": [
      0.32371215535436687,
      2.195682457531651,
      6.105521277801998,
      12.071828592082571,
      20.05522767670306,
      30.044956522321883,
      42.03793534614571,
      56.03282240883141,
      72.02892935286755,
      90.02586466671627
    ],
    "summary": {
      "legendre": {
        "w00": 0.772401695156621,
        "n90": 3,
        "n95": 3,
        "n99": 7
      },
      "spheroidal": {
        "w00": 0.7490897972806119,
        "n90": 3,
        "n95": 3,
        "n99": 7
      },
      "compression_ratio_95": 1.0
    },
    "legendre_weights": {
      "(0, 0)": 0.772401695156621,
      "(0, 2)": 0.09031792597305616,
      "(1, 1)": 0.021148202538117968,
      "(2, 0)": 0.0903179259731218,
      "(0, 4)": 0.007719580562995439,
      "(1, 3)": 0.0014059728860423676,
      "(2, 2)": 0.006232065454466812,
      "(3, 1)": 0.0014059728860426265,
      "(4, 0)": 0.007719580562997467,
      "(2, 4)": 0.0005728969570586975,
      "(3, 3)": 0.00014752086798134316,
      "(4, 2)": 0.0005728969570585623,
      "(4, 4)": 3.776322443955269e-05
    },
    "spheroidal_weights": {
      "(0, 0)": 0.7490897972806119,
      "(0, 2)": 0.10070227330234051,
      "(1, 1)": 0.021026190261744883,
      "(2, 0)": 0.10070227330240221,
      "(0, 4)": 0.007766774908274914,
      "(1, 3)": 0.0014618107343750586,
      "(2, 2)": 0.008468148495581364,
      "(3, 1)": 0.0014618107343753219,
      "(4, 0)": 0.007766774908277001,
      "(2, 4)": 0.0006784548791289243,
      "(3, 3)": 0.00015785744768903072,
      "(4, 2)": 0.0006784548791287999,
      "(4, 4)": 3.9378866069959016e-05
    }
  },
  "HeH+ (2:1)": {
    "spheroidal_params": {
      "c": 0.73,
      "b": 0.73,
      "L_max": 20
    },
    "separation_constants": [
      0.23405421186321113,
      2.3195464110498016,
      6.123319160577649,
      12.0797294229646,
      20.06060671825648,
      30.049127722702288,
      42.041374914550744,
      56.03576201170047,
      72.03150183144274,
      90.0281544455834
    ],
    "summary": {
      "legendre": {
        "w00": 0.28534638636064924,
        "n90": 8,
        "n95": 10,
        "n99": 16
      },
      "spheroidal": {
        "w00": 0.10542496428399396,
        "n90": 8,
        "n95": 11,
        "n99": 17
      },
      "compression_ratio_95": 0.9090909090909091
    },
    "legendre_weights": {
      "(0, 0)": 0.28534638636064924,
      "(0, 1)": 0.17343770040634748,
      "(1, 0)": 0.17343770040552275,
      "(0, 2)": 0.06419390722360967,
      "(1, 1)": 0.09767244566758605,
      "(2, 0)": 0.0641939072234942,
      "(0, 3)": 0.01335710636051841,
      "(1, 2)": 0.034997285528602234,
      "(2, 1)": 0.03499728552869652,
      "(3, 0)": 0.013357106360554618,
      "(0, 4)": 0.004219708550301886,
      "(1, 3)": 0.006959785722694849,
      "(2, 2)": 0.011764848023942204,
      "(3, 1)": 0.00695978572267855,
      "(4, 0)": 0.0042197085503062805,
      "(1, 4)": 0.002241827923386956,
      "(2, 3)": 0.0022340620325204752,
      "(3, 2)": 0.0022340620325343105,
      "(4, 1)": 0.0022418279234237078,
      "(2, 4)": 0.0007095157291208741,
      "(3, 3)": 0.00030724165797014276,
      "(4, 2)": 0.0007095157291070176,
      "(3, 4)": 9.198453199653249e-05,
      "(4, 3)": 9.198453199910947e-05,
      "(4, 4)": 2.331027243596123e-05
    },
    "spheroidal_weights": {
      "(0, 0)": 0.10542496428399396,
      "(0, 1)": 0.16318369132544333,
      "(1, 0)": 0.16318369132468044,
      "(0, 2)": 0.05158957122249963,
      "(1, 1)": 0.23510663194828996,
      "(2, 0)": 0.0515895712223408,
      "(0, 3)": 0.009537868110892777,
      "(1, 2)": 0.07131030074602776,
      "(2, 1)": 0.0713103007461394,
      "(3, 0)": 0.009537868110926518,
      "(0, 4)": 0.0028281774577169293,
      "(1, 3)": 0.012604193827567214,
      "(2, 2)": 0.020281119088153554,
      "(3, 1)": 0.012604193827552887,
      "(4, 0)": 0.0028281774577096205,
      "(1, 4)": 0.003792842233161624,
      "(2, 3)": 0.0033958947479651312,
      "(3, 2)": 0.0033958947479819602,
      "(4, 1)": 0.003792842233212085,
      "(2, 4)": 0.001009295414298025,
      "(3, 3)": 0.00042283570185388164,
      "(4, 2)": 0.001009295414282914,
      "(3, 4)": 0.0001167623884614436,
      "(4, 3)": 0.00011676238846452382,
      "(4, 4)": 2.7254030383720578e-05
    }
  },
  "Hypo (6:1)": {
    "spheroidal_params": {
      "c": 0.7,
      "b": 3.5,
      "L_max": 20
    },
    "separation_constants": [
      -1.2760200498286152,
      3.5008900700806995,
      6.338289400432343,
      12.108698821702102,
      20.067571318241203,
      30.050296821783206,
      42.04062223544102,
      56.03432130555084,
      72.02983124832923,
      90.02643976492843
    ],
    "summary": {
      "legendre": {
        "w00": 0.263284717929937,
        "n90": 8,
        "n95": 10,
        "n99": 15
      },
      "spheroidal": {
        "w00": 0.005832825381116434,
        "n90": 9,
        "n95": 11,
        "n99": 17
      },
      "compression_ratio_95": 0.9090909090909091
    },
    "legendre_weights": {
      "(0, 0)": 0.263284717929937,
      "(0, 1)": 0.18189679764885336,
      "(1, 0)": 0.18189679737861825,
      "(0, 2)": 0.060607930718271856,
      "(1, 1)": 0.11123177062571021,
      "(2, 0)": 0.06060793054974083,
      "(0, 3)": 0.016417400692952177,
      "(1, 2)": 0.03283607293300706,
      "(2, 1)": 0.03283607287906872,
      "(3, 0)": 0.01641740062566195,
      "(0, 4)": 0.0049217712630055446,
      "(1, 3)": 0.007667300942764721,
      "(2, 2)": 0.008290776806121895,
      "(3, 1)": 0.007667300913751291,
      "(4, 0)": 0.004921771243283644,
      "(1, 4)": 0.0022785417504281457,
      "(2, 3)": 0.0014762590263934974,
      "(3, 2)": 0.0014762590217185958,
      "(4, 1)": 0.002278541742243455,
      "(2, 4)": 0.00042984310622164315,
      "(3, 3)": 8.471426302225598e-05,
      "(4, 2)": 0.00042984310504735326,
      "(3, 4)": 1.9941414699577515e-05,
      "(4, 3)": 1.9941414778073332e-05,
      "(4, 4)": 4.302004698827897e-06
    },
    "spheroidal_weights": {
      "(0, 0)": 0.005832825381116434,
      "(0, 1)": 0.047425363762581066,
      "(1, 0)": 0.0474253636751467,
      "(0, 2)": 0.02927422513724417,
      "(1, 1)": 0.3183550758963355,
      "(2, 0)": 0.029274225051725607,
      "(0, 3)": 0.004872135902420775,
      "(1, 2)": 0.17221556702263993,
      "(2, 1)": 0.17221556676726846,
      "(3, 0)": 0.004872135882266708,
      "(0, 4)": 0.0012640771800366962,
      "(1, 3)": 0.023928880089159308,
      "(2, 2)": 0.0825441388885847,
      "(3, 1)": 0.02392888000036252,
      "(4, 0)": 0.0012640771747068269,
      "(1, 4)": 0.006052543955825348,
      "(2, 3)": 0.009111057948739218,
      "(3, 2)": 0.009111057920729157,
      "(4, 1)": 0.006052543932398973,
      "(2, 4)": 0.0022113599528762484,
      "(3, 3)": 0.0004104102523381397,
      "(4, 2)": 0.0022113599455120163,
      "(3, 4)": 6.953907827921903e-05,
      "(4, 3)": 6.953907828888589e-05,
      "(4, 4)": 8.0501234175628e-06
    }
  }
}