{
  "sprint": "F4 Step 1 \u2014 add 2p_z core overlap",
  "S_bond_2pz_core": -0.003199639960227938,
  "dH_pk_2pz_Ha": 1.5541846107970246e-05,
  "total_pk_barrier_s_plus_2pz_Ha": 0.1937701138319538,
  "wall_depth_F3_Ha": 4.37,
  "pk_fraction_of_wall_pct": 4.434098714690019
}