{
  "width_sensitivity": {
    "NaH_w0.5": {
      "d_L": 0.23208843971223078,
      "d_R": 0.8320331835527468,
      "ratio": 3.5849833131904143
    },
    "NaH_w1.0": {
      "d_L": 0.22399670001483155,
      "d_R": 0.7244194923968353,
      "ratio": 3.234063235524761
    },
    "NaH_w1.5": {
      "d_L": 0.270176567516858,
      "d_R": 0.6503566888057944,
      "ratio": 2.4071543094321632
    },
    "NaH_w2.0": {
      "d_L": 0.33724399459874604,
      "d_R": 0.601073528764616,
      "ratio": 1.7823105478268786
    },
    "NaH_w3.0": {
      "d_L": 0.41571551468686135,
      "d_R": 0.5491135830020506,
      "ratio": 1.320887875487812
    }
  },
  "scaling_vs_shape_diff": [
    {
      "molecule": "LiH",
      "r_phys": 4.615387080971391,
      "r_hyd": 6.000001228959916,
      "shape_diff": 1.3846141479885254,
      "d_R": 0.419108863713588,
      "d_L": 0.0971160275377336
    },
    {
      "molecule": "NaH",
      "r_phys": 4.467466015719557,
      "r_hyd": 13.474535662849563,
      "shape_diff": 9.007069647130006,
      "d_R": 0.7244194923968353,
      "d_L": 0.22399670001483155
    },
    {
      "molecule": "KH",
      "r_phys": 8.478887027851002,
      "r_hyd": 21.13566023384196,
      "shape_diff": 12.656773205990959,
      "d_R": 0.6432041048368957,
      "d_L": 0.11894876168062114
    }
  ],
  "linear_fit_a_b": [
    0.022958263168091964,
    0.41919330649913206
  ],
  "sqrt_fit_a_b": [
    0.1123207918431001,
    0.30595794220651035
  ]
}