{
  "per_molecule": {
    "NaH": {
      "molecule": "NaH",
      "Z_M": 11,
      "n_val_M": 3,
      "R_bond_primary": 3.566,
      "pair_results": {
        "i_vs_ii": {
          "d_L": 0.0,
          "d_R": 0.0,
          "d_LR": 0.0,
          "ratio_R_over_L": Infinity,
          "d_L_side": 0.0,
          "d_R_side": 0.0
        },
        "i_vs_iii": {
          "d_L": 0.22399670001483155,
          "d_R": 0.7244194923968353,
          "d_LR": 0.758259930750678,
          "ratio_R_over_L": 3.234063235524761,
          "d_L_side": 0.0,
          "d_R_side": 1.0608459666651948
        },
        "i_vs_iv": {
          "d_L": 0.1347105930634983,
          "d_R": 0.6352688734179195,
          "d_LR": 0.6493947069519369,
          "ratio_R_over_L": 4.715804889363629,
          "d_L_side": 0.0007713497178687826,
          "d_R_side": 0.7232595260575244
        },
        "iii_vs_iv": {
          "d_L": 0.09699997669982098,
          "d_R": 0.44324700410627377,
          "d_LR": 0.45373659994423293,
          "ratio_R_over_L": 4.569557841008139,
          "d_L_side": 0.0007713497178687826,
          "d_R_side": 0.39365263008894963
        }
      },
      "R_dependence": {
        "R_3.0": {
          "d_L": 0.2667448106955837,
          "d_R": 0.8387737266270293,
          "d_LR": 0.880167119649909,
          "ratio_R_over_L": 3.144480016086462,
          "d_L_side": 0.0,
          "d_R_side": 0.9442013407732146
        },
        "R_3.5": {
          "d_L": 0.22741420247093908,
          "d_R": 0.7343397603485391,
          "d_LR": 0.768747099581028,
          "ratio_R_over_L": 3.229084869676859,
          "d_L_side": 0.0,
          "d_R_side": 1.0485929200545328
        },
        "R_4.0": {
          "d_L": 0.20401811017936775,
          "d_R": 0.6823938147906359,
          "d_LR": 0.7122392208701211,
          "ratio_R_over_L": 3.344770786234084,
          "d_L_side": 0.0,
          "d_R_side": 1.132495464562776
        }
      },
      "mean_radii_M_side": {
        "i": 13.474535662849563,
        "ii": 13.474535662849563,
        "iii": 4.467466015719557,
        "iv": 4.467466015719557
      }
    },
    "LiH": {
      "molecule": "LiH",
      "Z_M": 3,
      "n_val_M": 2,
      "R_bond_primary": 3.015,
      "pair_results": {
        "i_vs_ii": {
          "d_L": 0.0,
          "d_R": 0.0,
          "d_LR": 0.0,
          "ratio_R_over_L": Infinity,
          "d_L_side": 0.0,
          "d_R_side": 0.0
        },
        "i_vs_iii": {
          "d_L": 0.0971160275377336,
          "d_R": 0.419108863713588,
          "d_LR": 0.43021362420082043,
          "ratio_R_over_L": 4.315547848687971,
          "d_L_side": 0.0,
          "d_R_side": 0.4882511777073505
        },
        "i_vs_iv": {
          "d_L": 0.17547096368908985,
          "d_R": 0.7760781990858702,
          "d_LR": 0.7956679145185794,
          "ratio_R_over_L": 4.422829753536733,
          "d_L_side": 0.0007713497178687826,
          "d_R_side": 0.6950004812764624
        },
        "iii_vs_iv": {
          "d_L": 0.09545421292430342,
          "d_R": 0.37440167139881153,
          "d_LR": 0.3863782063098563,
          "ratio_R_over_L": 3.9223168881578596,
          "d_L_side": 0.0007713497178687826,
          "d_R_side": 0.272246369807176
        }
      },
      "R_dependence": {},
      "mean_radii_M_side": {
        "i": 6.000001228959916,
        "ii": 6.000001228959916,
        "iii": 4.615387080971391,
        "iv": 4.615387080971391
      }
    },
    "KH": {
      "molecule": "KH",
      "Z_M": 19,
      "n_val_M": 4,
      "R_bond_primary": 4.243,
      "pair_results": {
        "i_vs_ii": {
          "d_L": 0.0,
          "d_R": 0.0,
          "d_LR": 0.0,
          "ratio_R_over_L": Infinity,
          "d_L_side": 0.0,
          "d_R_side": 0.0
        },
        "i_vs_iii": {
          "d_L": 0.11894876168062114,
          "d_R": 0.6432041048368957,
          "d_LR": 0.654110333494576,
          "ratio_R_over_L": 5.407404799756608,
          "d_L_side": 0.0,
          "d_R_side": 0.7516407626461828
        },
        "i_vs_iv": {
          "d_L": 0.10733999160868819,
          "d_R": 0.5784631293848782,
          "d_LR": 0.588337884090681,
          "ratio_R_over_L": 5.389073733988041,
          "d_L_side": 0.0007713497178687826,
          "d_R_side": 0.708081686538543
        },
        "iii_vs_iv": {
          "d_L": 0.025744212113515873,
          "d_R": 0.17672790111486356,
          "d_LR": 0.1785931563353162,
          "ratio_R_over_L": 6.864762469156331,
          "d_L_side": 0.0007713497178687826,
          "d_R_side": 0.188392344466057
        }
      },
      "R_dependence": {},
      "mean_radii_M_side": {
        "i": 21.13566023384196,
        "ii": 21.13566023384196,
        "iii": 8.478887027851002,
        "iv": 8.478887027851002
      }
    }
  },
  "scaling_table": [
    {
      "molecule": "LiH",
      "Z_M": 3,
      "n_val_M": 2,
      "r_phys_M": 4.615387080971391,
      "r_hyd_M": 6.000001228959916,
      "d_R_i_vs_iii": 0.419108863713588,
      "d_L_i_vs_iii": 0.0971160275377336,
      "d_R_minus_1p5": 3.1153870809713906
    },
    {
      "molecule": "NaH",
      "Z_M": 11,
      "n_val_M": 3,
      "r_phys_M": 4.467466015719557,
      "r_hyd_M": 13.474535662849563,
      "d_R_i_vs_iii": 0.7244194923968353,
      "d_L_i_vs_iii": 0.22399670001483155,
      "d_R_minus_1p5": 2.967466015719557
    },
    {
      "molecule": "KH",
      "Z_M": 19,
      "n_val_M": 4,
      "r_phys_M": 8.478887027851002,
      "r_hyd_M": 21.13566023384196,
      "d_R_i_vs_iii": 0.6432041048368957,
      "d_L_i_vs_iii": 0.11894876168062114,
      "d_R_minus_1p5": 6.978887027851002
    }
  ],
  "metadata": {
    "mY_prediction_d_R_over_d_L": 6.7,
    "mY_prediction_scaling": "d_R ~ r_valence_phys - 1.5 bohr",
    "wall_time_s": 0.5670995712280273
  }
}