{
  "step_1_bohr_fermi": {
    "bf_ep": {
      "m_lepton_over_m_e": 1.0,
      "m_proton_over_m_e": 1836.15267343,
      "m_red_over_m_e": 0.9994556794247628,
      "g_lepton": 2.0,
      "g_proton": 5.5856946893,
      "Z": 1.0,
      "A_hf_Ha": 2.1563955195319913e-07,
      "A_hf_Hz": 1418840092.6638937,
      "A_hf_meV": 0.005867851138110298,
      "A_hf_MHz": 1418.8400926638935
    },
    "bf_mup": {
      "m_lepton_over_m_e": 206.768283,
      "m_proton_over_m_e": 1836.15267343,
      "m_red_over_m_e": 185.84083462261438,
      "g_lepton": 2.0,
      "g_proton": 5.5856946893,
      "Z": 1.0,
      "A_hf_Ha": 0.006704668664383395,
      "A_hf_Hz": 44114600604990.32,
      "A_hf_meV": 182.44332867790905,
      "A_hf_MHz": 44114600.60499032
    },
    "ratio_mup_over_ep_predicted": 31092.01722807571,
    "ratio_analytic_check": 31092.017228075703,
    "rel_diff": 2.3401368784825345e-16
  },
  "step_2_ep_sanity": {
    "A_hf_ep_BF_strict_Hz": 1418840092.6638937,
    "A_hf_ep_BF_strict_MHz": 1418.8400926638935,
    "experimental_HF_HYDROGEN_Hz": 1420405751.768,
    "residual_ppm": -1102.261872818657,
    "note": "HF-1 baseline: BF strict overshoots experiment by ~+531 ppm, pre-recoil pre-a_e. Confirms BF formula reproduces canonical Bohr-Fermi."
  },
  "step_3_schwinger": {
    "a_e_one_loop_alpha_over_2pi": 0.0011614097328884378,
    "a_mu_one_loop_alpha_over_2pi": 0.0011614097328884378,
    "a_e_codata": 0.00115965218128,
    "a_mu_codata": 0.00116592089,
    "A_hf_ep_BF_x_(1+a_e)_MHz": 1420.4879473569258,
    "A_hf_mup_BF_x_(1+a_mu)_MHz": 44165835.73149544,
    "A_hf_mup_BF_x_(1+a_mu)_meV": 182.65522013553615,
    "comment": "Schwinger asymptote alpha/(2 pi) is universal at one loop and applies to both leptons. Parker-Toms first-order curvature correction c_1 = R/12 = 1/2 on Dirac-S^3 at lambda = 5/2 verified at 0.5%% in HF-2 (electron)."
  },
  "step_4_zemach": {
    "4a_framework_ep_module": {
      "delta_ppm_framework": -39.49527601236602,
      "eides_reference_ppm": -39.5,
      "residual_ppm": 0.004723987633980187,
      "note": "electron-proton Zemach via framework, regression check"
    },
    "4b_manual_lepton_scaling": {
      "r_Z_fm": 1.045,
      "r_Z_bohr": 1.974763800618301e-05,
      "m_red_ep": 0.9994556794247628,
      "m_red_mup": 185.84083462261438,
      "enhancement_factor_mu_over_e": 185.94204670443733,
      "zemach_ep_ppm": -39.473777921007816,
      "zemach_mup_ppm": -7339.835057788622,
      "zemach_mup_meV": -1.3391039398897693,
      "eides_muonic_target_ppm_approx": -7300.0,
      "agreement_with_eides_target_pct": 0.5456857231318107,
      "note_post_track_c": "Manual scaling retained for traceability to Track B; identical to native operator-level value below."
    },
    "4c_framework_native_muonic_operator": {
      "op_delta_ppm": -7339.835057788622,
      "eides_reference_ppm": -7340.712967593268,
      "residual_ppm": 0.8779098046461513,
      "lepton_mass": 185.84083462261438,
      "lepton_focal_length": 185.84083462261438,
      "agreement_with_rounded_eides_muonic_pct": 0.5456857231318107,
      "manual_minus_native_ppm": 0.0,
      "finding": "Sprint MH Track C: compute_magnetization_density_operator now propagates lepton_mass through the Pauli-string assembly. Operator-level result reproduces Track B manual-scaling value to bit-identical precision. The 0.55%% gap to the rounded Eides muonic target is intrinsic to the Eides leading-order formula (sub-leading m_red corrections + finite-proton-Bohr corrections), not the operator mass-propagation. Win: muonic VQE / qubit Hamiltonian work now has correct Pauli-string mass scaling out of the box."
    }
  },
  "step_5_recoil_cross_register": {
    "5a_electron_proton_canonical": {
      "pachucki_leading_order_target": 0.0002723085107438162,
      "cross_register_estimate": 0.00026452878368532495,
      "relative_error": 0.02856953327400878,
      "cross_register_J0": 0.9997354712163147,
      "classical_J0": 1.0,
      "note": "Phase C-W1a-physics regression: cross_register V_eN at lam_e=1, lam_n=2*sqrt(M_p) reproduces Bethe-Salpeter leading recoil to ~2.86%%."
    },
    "5b_muon_proton_canonical": {
      "cross_register_estimate": 114.51896779077909,
      "cross_register_J0": 71.3218668318353,
      "classical_J0": 185.84083462261438,
      "difference_J0": -114.51896779077909,
      "bethe_salpeter_target_Ha": 1944.5872364875106,
      "rel_diff_BS": 0.9411088555751124,
      "lam_lepton_used": 185.84083462261438,
      "lam_nucleus_used": 85.70070416116778,
      "m_lepton_over_m_p": 0.11260952642557186,
      "note": "Cross-register V_eN with muon focal length lam_mu=m_red(mup)~185.85, proton lam_n=2*sqrt(M_p)~85.7 (unchanged from electronic case). At m_mu/m_p~0.1126 the lepton-nucleus mass ratio is no longer << 1 and lam_lepton > lam_nucleus, so the Roothaan large-nucleus expansion breaks down -- the proton can no longer be treated as a small spread inside the lepton orbital. This is a regime-of-applicability limit of the multi-focal Roothaan kernel: it works cleanly when lam_lepton << lam_nucleus, marginal when comparable."
    }
  },
  "step_6_final_assembly": {
    "nu_F_strict_meV": 182.44332867790905,
    "nu_F_strict_GHz": 44114.60060499032,
    "plus_schwinger_a_mu_meV": 182.65522013553615,
    "plus_zemach_meV": 181.31611619564637,
    "delta_zemach_meV": -1.3391039398897693,
    "eides_pure_qed_meV": 182.443,
    "eides_full_theory_meV_approx": 182.725,
    "residual_vs_pure_qed_meV": 0.00032867790903878813,
    "residual_vs_pure_qed_ppm": 1.8015375160394649,
    "residual_vs_full_theory_meV": -1.4088838043536214,
    "residual_vs_full_theory_ppm": -7710.405277622774
  }
}