{
  "settings_tested": [
    {
      "n_rho": 80,
      "n_z": 100,
      "rho_max": 20.0,
      "z_max": 20.0,
      "S_HH": 0.9972591586029893,
      "h12": 0.3200232815907858,
      "splitting": -3.4884168024614577,
      "h11": -0.14492725432298678,
      "h22": -3.5741242717973223,
      "overlap_S_AB": -0.11402750554457851,
      "elapsed_s": 0.013049602508544922
    },
    {
      "n_rho": 160,
      "n_z": 200,
      "rho_max": 30.0,
      "z_max": 30.0,
      "S_HH": 0.9990933395191904,
      "h12": 0.31846437923099163,
      "splitting": -3.487476044048849,
      "h11": -0.14674608031288222,
      "h22": -3.575566710567356,
      "overlap_S_AB": -0.11403058030717152,
      "elapsed_s": 0.04190468788146973
    },
    {
      "n_rho": 250,
      "n_z": 300,
      "rho_max": 40.0,
      "z_max": 40.0,
      "S_HH": 0.9994266822000999,
      "h12": 0.31801780614743924,
      "splitting": -3.4868543354247707,
      "h11": -0.14677321903542273,
      "h22": -3.5751273221530107,
      "overlap_S_AB": -0.11402782232383038,
      "elapsed_s": 0.08683514595031738
    },
    {
      "n_rho": 400,
      "n_z": 400,
      "rho_max": 50.0,
      "z_max": 50.0,
      "S_HH": 0.9995544546974559,
      "h12": 0.31776786323727635,
      "splitting": -3.483769955943617,
      "h11": -0.14673020526561592,
      "h22": -3.572040037428227,
      "overlap_S_AB": -0.11401430155118959,
      "elapsed_s": 0.22184062004089355
    }
  ]
}