{
  "NaH": {
    "n_max": 2,
    "Q": 20,
    "n_electrons": 2,
    "N_pauli_balanced": 239,
    "R_points": [
      2.0,
      2.5,
      3.0,
      3.3,
      3.566,
      3.8,
      4.0,
      4.5,
      5.0,
      6.0,
      8.0,
      10.0,
      15.0,
      20.0
    ],
    "E_fci": [
      -5.8625365064,
      -5.2376874497,
      -4.7810678634,
      -4.5870317066,
      -4.4513727138,
      -4.3505588292,
      -4.2724473804,
      -4.0870896028,
      -3.8928380303,
      -3.4585739766,
      -2.6048897377,
      -1.9935458237,
      -1.3483025866,
      -1.1003360218
    ],
    "V_NN": [
      5.5,
      4.4,
      3.6666666666666665,
      3.3333333333333335,
      3.084688726864835,
      2.8947368421052633,
      2.75,
      2.4444444444444446,
      2.2,
      1.8333333333333333,
      1.375,
      1.1,
      0.7333333333333333,
      0.55
    ],
    "analysis": {
      "has_minimum": false,
      "bound": false,
      "overattraction": true,
      "R_eq_exact": 3.566,
      "D_e_exact": 0.073,
      "note": "PES monotonically decreasing (overattraction, no equilibrium). Consistent with Track CN NaH n_max=2 known issue."
    }
  },
  "MgH2": {
    "n_max": 2,
    "Q": 40,
    "n_electrons": 4,
    "N_pauli_balanced": 1501,
    "R_points": [
      2.0,
      2.5,
      2.8,
      3.0,
      3.261,
      3.5,
      3.8,
      4.0,
      4.5,
      5.0,
      6.0,
      8.0,
      10.0,
      15.0
    ],
    "E_fci": [
      -11.3855534364,
      -10.2983335174,
      -9.8703957273,
      -9.6569215564,
      -9.435427187,
      -9.2655751193,
      -9.0687123087,
      -8.9363095543,
      -8.5717880587,
      -8.1441186565,
      -7.1516890613,
      -5.4345345137,
      -4.4949723087,
      -3.765507898
    ],
    "V_NN": [
      12.25,
      9.8,
      8.75,
      8.166666666666666,
      7.513032812020852,
      7.0,
      6.447368421052632,
      6.125,
      5.444444444444445,
      4.9,
      4.083333333333333,
      3.0625,
      2.45,
      1.6333333333333333
    ],
    "analysis": {
      "has_minimum": false,
      "bound": false,
      "overattraction": true,
      "R_eq_exact": 3.261,
      "D_e_exact": 0.069,
      "note": "PES monotonically decreasing (overattraction, no equilibrium). Same behavior as NaH."
    }
  },
  "LiH_reference": {
    "n_max": 2,
    "Q": 30,
    "n_electrons": 4,
    "N_pauli_balanced": 878,
    "R_eq_fit": 3.227,
    "R_eq_err_pct": 7.0,
    "D_e": 0.037,
    "E_err_pct": 1.8,
    "bound": true,
    "note": "Reference from Track CE. LiH is bound at n_max=2."
  }
}