{
  "sprint": "alpha-2 mixed-n diagnose for 3s nodes",
  "phys_3s_nodes": 2,
  "fits_3s": {
    "K4_n1233": {
      "n_list": [
        1,
        2,
        3,
        3
      ],
      "zetas": [
        14.00193449996986,
        3.5358599459999938,
        0.9119760439328836,
        0.6299917376080671
      ],
      "coefficients": [
        0.04369139102107195,
        -0.18164979319278982,
        0.600403735235,
        0.4301512944189008
      ],
      "overlap": 0.999939298721892,
      "L2_error": 0.0001214025562160168,
      "max_pointwise_error": 0.9930630056411105,
      "sign_changes": 2
    },
    "K5_n11233": {
      "n_list": [
        1,
        1,
        2,
        3,
        3
      ],
      "zetas": [
        2.7199914344502916,
        3.657367728674029,
        6.306369226415892,
        1.0023798538501312,
        0.6685206902419444
      ],
      "coefficients": [
        -0.5373402326899483,
        0.6081736800172051,
        -0.22709412362628073,
        0.4327294325347558,
        0.6101382006713127
      ],
      "overlap": 0.9999993561257245,
      "L2_error": 1.2877485507721445e-06,
      "max_pointwise_error": 0.1910282442638982,
      "sign_changes": 2
    },
    "K6_n112233": {
      "n_list": [
        1,
        1,
        2,
        2,
        3,
        3
      ],
      "zetas": [
        6.7829308001160245,
        6.760974367810636,
        0.5135936190052589,
        2.674629262504601,
        1.0326424915310746,
        0.6979879375917948
      ],
      "coefficients": [
        23.061735582125824,
        -23.068294263235593,
        0.1363427448660378,
        -0.1475990418331625,
        0.331284330533438,
        0.5732917847622473
      ],
      "overlap": 0.9999993864375305,
      "L2_error": 1.2271249397530875e-06,
      "max_pointwise_error": 0.22372418376395942,
      "sign_changes": 2
    }
  },
  "fits_3p": {
    "K4_n2233": {
      "n_list": [
        2,
        2,
        3,
        3
      ],
      "zetas": [
        6.905907649811076,
        2.799357556449433,
        0.8162933682957573,
        0.520948689780885
      ],
      "coefficients": [
        0.06261469480281365,
        0.06490191716387385,
        -0.304300001623458,
        -0.7308669012995899
      ],
      "overlap": 0.9999991581786082,
      "L2_error": 1.6836427841599834e-06,
      "max_pointwise_error": 0.021146598608619838,
      "sign_changes": 1
    }
  }
}