{
  "He_n3": {
    "Z": 2,
    "n_max": 3,
    "dps": 150,
    "n_configs": 31,
    "n_spatial": 14,
    "E_GS": "-2.8931097422339302785491419198362874007158947400975258289425693795199042027340608584617526003795047670603117489222037413020625041067523644271438381545042557",
    "S_full_GS_str": "0.040811051366471814867998169808302807554187762125967235314692183091428112917345686024166646215569823611823321222623258888712112746382917956065963176782306681",
    "trace_rho": "2.0",
    "runtime_s": 1.4745354652404785
  },
  "Li+_n3": {
    "Z": 3,
    "n_max": 3,
    "dps": 150,
    "n_configs": 31,
    "n_spatial": 14,
    "E_GS": "-7.2308231987613961818332497332065545866864793563023902668532842234081361361849203365551577394659626198712244388467104950426445381574255666742490736709563577",
    "S_full_GS_str": "0.011211717937420977473956556933124075572277113089128407501084620994494566252873012303045026193344419488589628005957114815211537193618307351632841162990659722",
    "trace_rho": "2.0",
    "runtime_s": 1.0562448501586914
  },
  "He_n4": {
    "Z": 2,
    "n_max": 4,
    "dps": 150,
    "n_configs": 101,
    "n_spatial": 30,
    "E_GS": "-2.8954055606978043068135824938074552488993397834006536966353359656285655573685600203782000401595863375784510980460157484833028022471405873360076391709401933",
    "S_full_GS_str": "0.041879430089737920778260678163420708036537702381050588409370659970055246654505096543969388521253934722206454970840435377361594527356371014521604028325650453",
    "trace_rho": "2.0",
    "runtime_s": 32.653157234191895
  }
}