{
  "normal_h_regression": {
    "m_red_in_me": 0.9994556794247628,
    "SE_2S_meV": 0.004408033800128311,
    "SE_2P_meV": -5.325449689411777e-05,
    "VP_2S_contact_meV": -0.000112012411909181,
    "VP_2P_contact_meV": 0.0,
    "Lamb_2S_minus_2P_meV": 0.004349275885113248,
    "Lamb_2S_minus_2P_MHz": 1051.6502301123862,
    "experimental_MHz": 1057.845,
    "residual_MHz": -6.194769887613802,
    "residual_pct": -0.5856027950799788,
    "convention": "E(2S_{1/2}) - E(2P_{1/2})",
    "paper36_target_MHz": 1052.19,
    "paper36_match_MHz": -0.5397698876138293
  },
  "muonic_h_naive_contact_form": {
    "m_red_in_me": 185.84083462261438,
    "m_red_ratio_to_normal": 185.94204670443733,
    "SE_2S_meV": 0.8196388267381967,
    "SE_2P_meV": -0.009902250148707359,
    "VP_2S_contact_meV": -720.1102121483,
    "VP_2P_contact_meV": 0.0,
    "Lamb_native_2S_minus_2P_meV": -719.280671071413,
    "Lamb_muonic_convention_2P_minus_2S_meV": 719.280671071413,
    "experimental_meV_muonic_convention": 202.3706,
    "naive_minus_experimental_meV": 516.9100710714131,
    "naive_over_experimental": 3.554274539243413,
    "explanation": "Paper 36 contact-form Uehling fails for muonic H by ~10^4 because the muonic Bohr radius (~280 fm) is comparable to the e+e- Compton wavelength (~386 fm), violating the contact-density approximation. Full Uehling integration required."
  },
  "muonic_h_full_uehling": {
    "m_red_in_me": 185.84083462261438,
    "m_red_ratio_to_normal": 185.94204670443733,
    "uehling_beta": 1.4747673659804421,
    "I_2S_uehling": 0.05608085253913276,
    "I_2P_uehling": 0.04467360705127523,
    "SE_2S_meV": 0.8196388267381967,
    "SE_2P_meV": -0.009902250148707359,
    "SE_Lamb_muonic_meV": -0.829541076886904,
    "VP_2S_full_meV": -219.583965290912,
    "VP_2P_full_meV": -14.576585019699904,
    "VP_Lamb_muonic_meV": 205.0073802712121,
    "FNS_2S_meV": 3.6751858207157486,
    "FNS_Lamb_muonic_meV": -3.6751858207157486,
    "framework_native_total_meV": 200.50265337360946,
    "KS_two_loop_VP_meV_literature": 1.5081,
    "multiloop_meV_literature": 0.189,
    "recoil_meV_literature": -0.0451,
    "polarizability_meV_literature": 0.0129,
    "framework_plus_literature_total_meV": 202.16755337360948,
    "experimental_meV": 202.3706,
    "residual_meV": -0.20304662639051685,
    "residual_pct": -0.10033405365725893,
    "antognini_VP_uehling": 205.0074,
    "framework_VP_uehling_meV": 205.0073802712121,
    "VP_uehling_residual_vs_antognini_meV": -1.9728787890471722e-05,
    "VP_uehling_residual_pct": -9.623451587831329e-06,
    "antognini_SE": -0.6677,
    "framework_SE_meV": -0.829541076886904,
    "SE_residual_vs_antognini_meV": -0.16184107688690408,
    "antognini_FNS_at_84087": -3.8419,
    "framework_FNS_meV": -3.6751858207157486,
    "FNS_residual_vs_antognini_meV": 0.16671417928425125
  },
  "antognini_2013_reference": {
    "VP_uehling_one_loop": 205.0074,
    "VP_kallen_sabry_two_loop": 1.5081,
    "SE_muon": -0.6677,
    "VP_VP_mixed": 0.15,
    "VP_SE_mixed": 0.001,
    "alpha7_higher_order": 0.038,
    "recoil": -0.0451,
    "finite_size_84087": -3.8419,
    "polarizability": 0.0129,
    "total": 202.5266,
    "experimental": 202.3706
  }
}