{
  "CaH": {
    "Z": 20,
    "no_breit": {
      "Q": 20,
      "N_pauli": 942,
      "lambda_ni": 18.6789676809796,
      "qwc_groups": 111,
      "nuclear_repulsion": -675.5246519569214,
      "wall_time_s": 0.333154599997215,
      "h1_so_diag": [
        0.0,
        0.0,
        0.0,
        0.0,
        8.875225753444884e-06,
        8.875225753444884e-06,
        8.875225753444884e-06,
        8.875225753444884e-06,
        -1.775045150688977e-05,
        -1.775045150688977e-05,
        0.0,
        0.0,
        0.0,
        0.0,
        5.547016095903053e-07,
        5.547016095903053e-07,
        5.547016095903053e-07,
        5.547016095903053e-07,
        -1.1094032191806106e-06,
        -1.1094032191806106e-06
      ]
    },
    "breit": {
      "Q": 20,
      "N_pauli": 942,
      "lambda_ni": 18.679471265393047,
      "qwc_groups": 115,
      "breit_eri_count": 1080,
      "wall_time_s": 1.8658500000019558,
      "h1_so_diag": [
        0.0,
        0.0,
        0.0,
        0.0,
        8.875225753444884e-06,
        8.875225753444884e-06,
        8.875225753444884e-06,
        8.875225753444884e-06,
        -1.775045150688977e-05,
        -1.775045150688977e-05,
        0.0,
        0.0,
        0.0,
        0.0,
        5.547016095903053e-07,
        5.547016095903053e-07,
        5.547016095903053e-07,
        5.547016095903053e-07,
        -1.1094032191806106e-06,
        -1.1094032191806106e-06
      ]
    },
    "blocks": [
      {
        "label": "CaH2_bond_1_center",
        "n_orbitals": 10,
        "Z": 2.0
      },
      {
        "label": "CaH2_bond_1_partner",
        "n_orbitals": 10,
        "Z": 1.0
      }
    ],
    "so_splitting_analytical_ha": 2.6625677260334657e-05,
    "so_splitting_analytical_cm1": 5.843660665211362
  },
  "SrH": {
    "Z": 38,
    "no_breit": {
      "Q": 20,
      "N_pauli": 942,
      "lambda_ni": 18.6789676809796,
      "qwc_groups": 111,
      "nuclear_repulsion": -3131.0467817509248,
      "wall_time_s": 0.19132680000620894,
      "h1_so_diag": [
        0.0,
        0.0,
        0.0,
        0.0,
        8.875225753444884e-06,
        8.875225753444884e-06,
        8.875225753444884e-06,
        8.875225753444884e-06,
        -1.775045150688977e-05,
        -1.775045150688977e-05,
        0.0,
        0.0,
        0.0,
        0.0,
        5.547016095903053e-07,
        5.547016095903053e-07,
        5.547016095903053e-07,
        5.547016095903053e-07,
        -1.1094032191806106e-06,
        -1.1094032191806106e-06
      ]
    },
    "breit": {
      "Q": 20,
      "N_pauli": 942,
      "lambda_ni": 18.679471265393047,
      "qwc_groups": 115,
      "breit_eri_count": 1080,
      "wall_time_s": 1.8081225999922026,
      "h1_so_diag": [
        0.0,
        0.0,
        0.0,
        0.0,
        8.875225753444884e-06,
        8.875225753444884e-06,
        8.875225753444884e-06,
        8.875225753444884e-06,
        -1.775045150688977e-05,
        -1.775045150688977e-05,
        0.0,
        0.0,
        0.0,
        0.0,
        5.547016095903053e-07,
        5.547016095903053e-07,
        5.547016095903053e-07,
        5.547016095903053e-07,
        -1.1094032191806106e-06,
        -1.1094032191806106e-06
      ]
    },
    "blocks": [
      {
        "label": "SrH_bond_center",
        "n_orbitals": 10,
        "Z": 2.0
      },
      {
        "label": "SrH_bond_partner",
        "n_orbitals": 10,
        "Z": 1.0
      }
    ],
    "so_splitting_analytical_ha": 2.6625677260334657e-05,
    "so_splitting_analytical_cm1": 5.843660665211362
  },
  "BaH": {
    "Z": 56,
    "no_breit": {
      "Q": 20,
      "N_pauli": 942,
      "lambda_ni": 18.6789676809796,
      "qwc_groups": 111,
      "nuclear_repulsion": -7883.065841631104,
      "wall_time_s": 0.18373720001545735,
      "h1_so_diag": [
        0.0,
        0.0,
        0.0,
        0.0,
        8.875225753444884e-06,
        8.875225753444884e-06,
        8.875225753444884e-06,
        8.875225753444884e-06,
        -1.775045150688977e-05,
        -1.775045150688977e-05,
        0.0,
        0.0,
        0.0,
        0.0,
        5.547016095903053e-07,
        5.547016095903053e-07,
        5.547016095903053e-07,
        5.547016095903053e-07,
        -1.1094032191806106e-06,
        -1.1094032191806106e-06
      ]
    },
    "breit": {
      "Q": 20,
      "N_pauli": 942,
      "lambda_ni": 18.679471265393047,
      "qwc_groups": 115,
      "breit_eri_count": 1080,
      "wall_time_s": 1.78674989999854,
      "h1_so_diag": [
        0.0,
        0.0,
        0.0,
        0.0,
        8.875225753444884e-06,
        8.875225753444884e-06,
        8.875225753444884e-06,
        8.875225753444884e-06,
        -1.775045150688977e-05,
        -1.775045150688977e-05,
        0.0,
        0.0,
        0.0,
        0.0,
        5.547016095903053e-07,
        5.547016095903053e-07,
        5.547016095903053e-07,
        5.547016095903053e-07,
        -1.1094032191806106e-06,
        -1.1094032191806106e-06
      ]
    },
    "blocks": [
      {
        "label": "BaH_bond_center",
        "n_orbitals": 10,
        "Z": 2.0
      },
      {
        "label": "BaH_bond_partner",
        "n_orbitals": 10,
        "Z": 1.0
      }
    ],
    "so_splitting_analytical_ha": 2.6625677260334657e-05,
    "so_splitting_analytical_cm1": 5.843660665211362
  },
  "sunaga_published": {
    "RaH": {
      "Q": 18,
      "N_pauli": 47099,
      "source": "PRA 111, 022817, Table II"
    }
  },
  "alpha_phys": 0.0072973525693,
  "max_n": 2
}