{
  "R0_optimization": {
    "R0_values": [
      0.3,
      0.5,
      0.7,
      1.0,
      1.5,
      2.0,
      3.0,
      5.0,
      8.0
    ],
    "energies": [
      -2.897723442239153,
      -2.8982396027998165,
      -2.89865719070973,
      -2.8991022911001556,
      -2.899376626197033,
      -2.8990971473874927,
      -2.89704761274902,
      -2.8884465393588856,
      -2.871036560325839
    ],
    "best_R0": 1.5
  },
  "l_max_0_benchmark": {
    "sturmian": {
      "3": {
        "energy": -2.8849360904853274,
        "error": 0.647028075487635
      },
      "5": {
        "energy": -2.895834072656588,
        "error": 0.27171753732144904
      },
      "8": {
        "energy": -2.898796411337461,
        "error": 0.16969893359489616
      },
      "10": {
        "energy": -2.8993427536509433,
        "error": 0.15088370482376004
      },
      "15": {
        "energy": -2.8997802024825043,
        "error": 0.13581860801838014
      },
      "20": {
        "energy": -2.899894873937582,
        "error": 0.13186949112305163
      },
      "25": {
        "energy": -2.8999372624805337,
        "error": 0.1304096918118331
      }
    },
    "free": {
      "3": {
        "energy": -2.8357583344672634,
        "error": 2.3406379371020294
      },
      "5": {
        "energy": -2.8797770707481067,
        "error": 0.8246971561998742
      },
      "8": {
        "energy": -2.893975258915859,
        "error": 0.33573235900315634
      },
      "10": {
        "energy": -2.8967272803397863,
        "error": 0.2409567734472576
      },
      "15": {
        "energy": -2.8989640885175185,
        "error": 0.1639243771956787
      },
      "20": {
        "energy": -2.8995539370018344,
        "error": 0.1436108596466324
      },
      "25": {
        "energy": -2.899771407659779,
        "error": 0.13612148882679032
      }
    }
  },
  "l_max_comparison": {
    "0": {
      "E_sturm": -2.8997908969270667,
      "err_sturm": 0.13545030701723937,
      "E_free": -2.898974805695859,
      "err_free": 0.1635552932765343,
      "R0": 1.5
    },
    "1": {
      "E_sturm": -2.9207532215033742,
      "err_sturm": 0.5864614372224863,
      "E_free": -2.9199629262526003,
      "err_free": 0.5592448267328566,
      "R0": 1.5
    },
    "2": {
      "E_sturm": -2.922931129299952,
      "err_sturm": 0.6614653906484167,
      "E_free": -2.9221100676636365,
      "err_free": 0.6331892309198975,
      "R0": 1.5
    },
    "3": {
      "E_sturm": -2.923456383517079,
      "err_sturm": 0.679554376279524,
      "E_free": -2.922635960554851,
      "err_free": 0.6513002115507842,
      "R0": 1.5
    }
  },
  "n_construct": 50
}