{
  "k=1.0,R=3.015": {
    "states": [
      [
        1,
        0
      ],
      [
        2,
        0
      ],
      [
        2,
        1
      ],
      [
        3,
        0
      ],
      [
        3,
        1
      ],
      [
        3,
        2
      ]
    ],
    "W": [
      [
        0.3455315894436944,
        -0.4711055088482166,
        -0.5208888710863694,
        0.2701843215785182,
        0.4406603819792967,
        0.44419880790567123
      ],
      [
        -0.4711055088482166,
        0.6157159110222126,
        0.3597976952364015,
        -0.4724564304561092,
        -0.46409179079375035,
        -0.10762119780584462
      ],
      [
        0.5208888710863694,
        -0.3597976952364015,
        -0.16332450343591928,
        -0.14195951066664667,
        -0.2598342707463839,
        -0.21428919547913675
      ],
      [
        0.2701843215785182,
        -0.4724564304561092,
        0.14195951066664667,
        0.5767379628584888,
        0.1570330195403098,
        -0.27488243127028134
      ],
      [
        -0.4406603819792967,
        0.46409179079375035,
        -0.2598342707463839,
        -0.1570330195403098,
        0.260663208145176,
        0.35509955168912194
      ],
      [
        0.44419880790567123,
        -0.10762119780584462,
        0.21428919547913675,
        -0.27488243127028134,
        -0.35509955168912194,
        0.021628550735698852
      ]
    ],
    "max_cross_n": 0.5208888710863694,
    "max_within_n": 0.6157159110222126,
    "ratio": 0.8459889727741302
  },
  "k=1.0,R=5.0": {
    "states": [
      [
        1,
        0
      ],
      [
        2,
        0
      ],
      [
        2,
        1
      ],
      [
        3,
        0
      ],
      [
        3,
        1
      ],
      [
        3,
        2
      ]
    ],
    "W": [
      [
        0.09657724032022502,
        -0.21673729513724918,
        -0.24144310080056258,
        0.2807477916285611,
        0.41261330154191367,
        0.3414521076935699
      ],
      [
        -0.21673729513724918,
        0.37732503194878614,
        0.33689734995427334,
        -0.40390248955628993,
        -0.4951359618502964,
        -0.28321996529621685
      ],
      [
        0.24144310080056258,
        -0.33689734995427334,
        -0.31892949129004544,
        0.16283371914456546,
        0.22647885662411707,
        0.18263717388260714
      ],
      [
        0.2807477916285611,
        -0.40390248955628993,
        -0.16283371914456546,
        0.3906939744072891,
        0.24887786442210666,
        -0.09491082949178963
      ],
      [
        -0.41261330154191367,
        0.4951359618502964,
        0.22647885662411707,
        -0.24887786442210666,
        -0.11839535441250178,
        0.101885025359004
      ],
      [
        0.3414521076935699,
        -0.28321996529621685,
        -0.18263717388260714,
        -0.09491082949178963,
        -0.101885025359004,
        0.02705873953600989
      ]
    ],
    "max_cross_n": 0.4951359618502964,
    "max_within_n": 0.3906939744072891,
    "ratio": 1.267324285206736
  },
  "k=1.5,R=3.015": {
    "states": [
      [
        1,
        0
      ],
      [
        2,
        0
      ],
      [
        2,
        1
      ],
      [
        3,
        0
      ],
      [
        3,
        1
      ],
      [
        3,
        2
      ]
    ],
    "W": [
      [
        0.13403687818273213,
        -0.2714956114493554,
        -0.30309089079070306,
        0.3029188146107946,
        0.4530321540052415,
        0.38770058216690517
      ],
      [
        -0.2714956114493554,
        0.43695569279352675,
        0.36989920479560273,
        -0.4252269098643337,
        -0.5047311239861584,
        -0.2650655134812535
      ],
      [
        0.30309089079070306,
        -0.36989920479560273,
        -0.33246367431445395,
        0.10902034623180341,
        0.14715659240599996,
        0.12432963798031822
      ],
      [
        0.3029188146107946,
        -0.4252269098643337,
        -0.10902034623180341,
        0.41663146311250643,
        0.2169361458526097,
        -0.16262756815909307
      ],
      [
        -0.4530321540052415,
        0.5047311239861584,
        0.14715659240599996,
        -0.2169361458526097,
        -0.02264290860539788,
        0.19407555614910174
      ],
      [
        0.38770058216690517,
        -0.2650655134812535,
        -0.12432963798031822,
        -0.16262756815909307,
        -0.19407555614910174,
        -0.012659058097759284
      ]
    ],
    "max_cross_n": 0.5047311239861584,
    "max_within_n": 0.43695569279352675,
    "ratio": 1.1551082462373532
  }
}