{
  "graph_stats": {
    "2": {
      "V": 5,
      "E": 3,
      "c": 2,
      "beta_1": 0,
      "ihara_primitive_mobius": {
        "1": 0,
        "2": 0,
        "3": 0,
        "4": 0,
        "5": 0,
        "6": 0,
        "7": 0,
        "8": 0,
        "9": 0,
        "10": 0
      },
      "enumerated_plaquette_counts": {
        "4": {},
        "6": {},
        "8": {},
        "10": {}
      }
    },
    "3": {
      "V": 14,
      "E": 13,
      "c": 3,
      "beta_1": 2,
      "ihara_primitive_mobius": {
        "1": 0,
        "2": 0,
        "3": 0,
        "4": 4,
        "5": 0,
        "6": 2,
        "7": 0,
        "8": 2,
        "9": 0,
        "10": 4
      },
      "enumerated_plaquette_counts": {
        "4": {
          "4": 2
        },
        "6": {
          "4": 2,
          "6": 1
        },
        "8": {
          "8": 1,
          "4": 2,
          "6": 1
        },
        "10": {
          "8": 1,
          "4": 2,
          "10": 3,
          "6": 1
        }
      }
    },
    "4": {
      "V": 30,
      "E": 34,
      "c": 4,
      "beta_1": 8,
      "ihara_primitive_mobius": {
        "1": 0,
        "2": 0,
        "3": 0,
        "4": 16,
        "5": 0,
        "6": 14,
        "7": 0,
        "8": 36,
        "9": 0,
        "10": 70
      },
      "enumerated_plaquette_counts": {
        "4": {
          "4": 8
        },
        "6": {
          "6": 7,
          "4": 8
        },
        "8": {
          "8": 18,
          "6": 7,
          "4": 8
        },
        "10": {
          "10": 42,
          "8": 18,
          "6": 7,
          "4": 8
        }
      }
    }
  },
  "Z_beta": {
    "beta_0.1": {
      "beta": 0.1,
      "Z": 0.8207797133162115,
      "c_0": 1.001250520941854,
      "c_1": 0.05004167968967037,
      "c_2": 0.0012507814453396294,
      "c_3": 2.0843752170397266e-05,
      "c1_over_c0": 0.04997917967882531
    },
    "beta_0.5": {
      "beta": 0.5,
      "Z": 0.391479482704006,
      "c_0": 1.0315772215635854,
      "c_1": 0.25524919342190605,
      "c_2": 0.03174134362788343,
      "c_3": 0.002636888797677177,
      "c1_over_c0": 0.24743585655664144
    },
    "beta_1.0": {
      "beta": 1.0,
      "Z": 0.17290696324355315,
      "c_0": 1.13031820798497,
      "c_1": 0.5429906790681532,
      "c_2": 0.13301054954599142,
      "c_3": 0.021896961768374933,
      "c1_over_c0": 0.48038744774017955
    },
    "beta_2.0": {
      "beta": 2.0,
      "Z": 0.04634086689374279,
      "c_0": 1.590636854637329,
      "c_1": 1.3778968953974764,
      "c_2": 0.6382198777195579,
      "c_3": 0.20291427991672092,
      "c1_over_c0": 0.8662548534446235
    },
    "beta_5.0": {
      "beta": 5.0,
      "Z": 0.00430190469230916,
      "c_0": 9.73425685698021,
      "c_1": 14.00449197329939,
      "c_2": 12.397380202981369,
      "c_3": 8.173175621828594,
      "c1_over_c0": 1.438681162728626
    },
    "beta_10.0": {
      "beta": 10.0,
      "Z": 0.0005881855158619189,
      "c_0": 534.1976607402509,
      "c_1": 912.6075870904017,
      "c_2": 1055.028429966512,
      "c_3": 981.1924302075937,
      "c1_over_c0": 1.708370616647364
    }
  },
  "monte_carlo": {
    "beta_0.5": {
      "beta": 0.5,
      "mc_mean": 0.12576712406708293,
      "mc_stderr": 0.011194572527873982,
      "char_expansion_leading": 0.12371792827832075
    },
    "beta_1.0": {
      "beta": 1.0,
      "mc_mean": 0.1575325588927505,
      "mc_stderr": 0.010766717015609136,
      "char_expansion_leading": 0.2401937238700899
    },
    "beta_2.0": {
      "beta": 2.0,
      "mc_mean": 0.3324166614690038,
      "mc_stderr": 0.009133638708602723,
      "char_expansion_leading": 0.4331274267223117
    },
    "beta_5.0": {
      "beta": 5.0,
      "mc_mean": 0.6812474363347273,
      "mc_stderr": 0.00603985232651571,
      "char_expansion_leading": 0.7193405813643129
    }
  },
  "u1_reduction": {
    "S_su2": 5.163698626899214,
    "S_u1": 5.163698626899214,
    "diff": 0.0,
    "S_haar_random": 4.12675174843864
  },
  "gauge_invariance": {
    "S_before": 4.12675174843864,
    "S_after": 4.126751748438638,
    "diff": 1.7763568394002505e-15
  },
  "area_law": [
    {
      "beta": 0.1,
      "W": 0.02498958983941267,
      "-log_W": 3.689295947258659
    },
    {
      "beta": 0.25,
      "W": 0.06233787272827855,
      "-log_W": 2.775186128929399
    },
    {
      "beta": 0.5,
      "W": 0.12371792827832075,
      "-log_W": 2.0897510765502116
    },
    {
      "beta": 1.0,
      "W": 0.2401937238700899,
      "-log_W": 1.4263094984449354
    },
    {
      "beta": 2.0,
      "W": 0.4331274267223117,
      "-log_W": 0.8367233062315891
    },
    {
      "beta": 5.0,
      "W": 0.7193405813643129,
      "-log_W": 0.32942034584356983
    },
    {
      "beta": 10.0,
      "W": 0.8541853083236817,
      "-log_W": 0.15760712006278702
    },
    {
      "beta": 50.0,
      "W": 0.9701530815756275,
      "-log_W": 0.030301403879004537
    }
  ]
}