{
  "Core_1s1s_Z3_Znuc1": {
    "0": -0.3316748822362268,
    "1": -0.3316748822362268,
    "2": -0.3316748822362268,
    "3": -0.3316748822362268,
    "4": -0.3316748822362268,
    "5": -0.3316748822362268,
    "6": -0.3316748822362268,
    "7": -0.3316748822362268,
    "8": -0.3316748822362268,
    "9": -0.3316748822362268,
    "10": -0.3316748822362268,
    "11": -0.3316748822362268,
    "12": -0.3316748822362268,
    "13": -0.3316748822362268,
    "14": -0.3316748822362268,
    "15": -0.3316748822362268
  },
  "Val_1s1s_Z1_Znuc1": {
    "0": -0.32788785936529363,
    "1": -0.32788785936529363,
    "2": -0.32788785936529363,
    "3": -0.32788785936529363,
    "4": -0.32788785936529363,
    "5": -0.32788785936529363,
    "6": -0.32788785936529363,
    "7": -0.32788785936529363,
    "8": -0.32788785936529363,
    "9": -0.32788785936529363,
    "10": -0.32788785936529363,
    "11": -0.32788785936529363,
    "12": -0.32788785936529363,
    "13": -0.32788785936529363,
    "14": -0.32788785936529363,
    "15": -0.32788785936529363
  },
  "Val_1s2s_Z1_Znuc1": {
    "0": -0.01303518474050977,
    "1": -0.01303518474050977,
    "2": -0.01303518474050977,
    "3": -0.01303518474050977,
    "4": -0.01303518474050977,
    "5": -0.01303518474050977,
    "6": -0.01303518474050977,
    "7": -0.01303518474050977,
    "8": -0.01303518474050977,
    "9": -0.01303518474050977,
    "10": -0.01303518474050977,
    "11": -0.01303518474050977,
    "12": -0.01303518474050977,
    "13": -0.01303518474050977,
    "14": -0.01303518474050977,
    "15": -0.01303518474050977
  },
  "Core_1s2p_Z3_Znuc1": {
    "0": -0.0,
    "1": -0.02730043743374989,
    "2": -0.02730043743374989,
    "3": -0.02730043743374989,
    "4": -0.02730043743374989,
    "5": -0.02730043743374989,
    "6": -0.02730043743374989,
    "7": -0.02730043743374989,
    "8": -0.02730043743374989,
    "9": -0.02730043743374989,
    "10": -0.02730043743374989,
    "11": -0.02730043743374989,
    "12": -0.02730043743374989,
    "13": -0.02730043743374989,
    "14": -0.02730043743374989,
    "15": -0.02730043743374989
  },
  "Hside_1s1s_Z1_Znuc3": {
    "0": -0.9836635780958809,
    "1": -0.9836635780958809,
    "2": -0.9836635780958809,
    "3": -0.9836635780958809,
    "4": -0.9836635780958809,
    "5": -0.9836635780958809,
    "6": -0.9836635780958809,
    "7": -0.9836635780958809,
    "8": -0.9836635780958809,
    "9": -0.9836635780958809,
    "10": -0.9836635780958809,
    "11": -0.9836635780958809,
    "12": -0.9836635780958809,
    "13": -0.9836635780958809,
    "14": -0.9836635780958809,
    "15": -0.9836635780958809
  },
  "exact_core_1s1s": -0.3316749121665352,
  "exact_val_1s1s": -0.3284716224463823,
  "exact_hside_1s1s": -0.9854148673391468
}