{
  "task": "Task 11 Part A: R-Dependent PK at Higher l_max",
  "timestamp": "2026-03-27 11:14:22",
  "R_exp": 3.015,
  "pk_cap": 1.5,
  "R_ref": 3.015,
  "results": {
    "l_dependent": {
      "2": {
        "R_eq": 2.803,
        "E_min": -1.220212,
        "time": 13.9
      },
      "3": {
        "R_eq": 3.015,
        "E_min": -1.272553,
        "time": 30.2
      },
      "4": {
        "R_eq": 3.423,
        "E_min": -1.342805,
        "time": 65.0
      },
      "5": {
        "R_eq": 3.473947895791583,
        "E_min": -1.3724015837888446,
        "time": 83.36774778366089,
        "pes": {
          "R": [
            2.0,
            2.5,
            3.0,
            3.5,
            4.0,
            4.5,
            5.0,
            5.5,
            6.5
          ],
          "E_total": [
            -1.1797317169551778,
            -1.2766646878265004,
            -1.3537003994212211,
            -1.3723604356723649,
            -1.3569068781868072,
            -1.3218400608693144,
            -1.303636600705221,
            -1.2810277541285626,
            -1.1883622992774154
          ],
          "E_elec": [
            -1.6797317169551778,
            -1.6766646878265004,
            -1.6870337327545544,
            -1.6580747213866505,
            -1.6069068781868072,
            -1.5440622830915365,
            -1.5036366007052209,
            -1.4628459359467445,
            -1.3422084531235692
          ]
        }
      },
      "6": {
        "R_eq": 3.562124248496994,
        "E_min": -1.398257915324603,
        "time": 184.29963183403015,
        "pes": {
          "R": [
            2.0,
            2.5,
            3.0,
            3.5,
            4.0,
            4.5,
            5.0,
            5.5,
            6.5
          ],
          "E_total": [
            -1.185278111083444,
            -1.2896546175144987,
            -1.3729307707924776,
            -1.398015516290375,
            -1.3881658713641194,
            -1.3632935300893103,
            -1.3506733819042727,
            -1.3326287842884017,
            -1.244032772243064
          ],
          "E_elec": [
            -1.685278111083444,
            -1.6896546175144986,
            -1.7062641041258109,
            -1.6837298020046607,
            -1.6381658713641194,
            -1.5855157523115326,
            -1.5506733819042726,
            -1.5144469661065836,
            -1.3978789260892177
          ]
        }
      },
      "7": {
        "R_eq": 3.6382765531062122,
        "E_min": -1.4116220251264466,
        "time": 404.6567108631134,
        "pes": {
          "R": [
            2.0,
            2.5,
            3.0,
            3.5,
            4.0,
            4.5,
            5.0,
            5.5,
            6.5
          ],
          "E_total": [
            -1.1860565803950183,
            -1.2938335541140713,
            -1.3807503903247043,
            -1.4104400715134782,
            -1.4055031848552775,
            -1.3869300484958602,
            -1.380943035352964,
            -1.3687452580462085,
            -1.2841314255615828
          ],
          "E_elec": [
            -1.6860565803950183,
            -1.6938335541140712,
            -1.7140837236580375,
            -1.6961543572277638,
            -1.6555031848552775,
            -1.6091522707180825,
            -1.5809430353529639,
            -1.5505634398643904,
            -1.4379775794077367
          ]
        }
      }
    },
    "r_dependent": {
      "2": {
        "R_eq": 2.837,
        "E_min": -1.220669,
        "time": 13.8
      },
      "3": {
        "R_eq": 2.975,
        "E_min": -1.272719,
        "time": 30.1
      },
      "4": {
        "R_eq": 3.075,
        "E_min": -1.334423,
        "time": 64.1
      },
      "5": {
        "R_eq": 3.345691382765531,
        "E_min": -1.3641518240363162,
        "time": 80.31732702255249,
        "pes": {
          "R": [
            2.0,
            2.5,
            3.0,
            3.5,
            4.0,
            4.5,
            5.0,
            5.5,
            6.5
          ],
          "E_total": [
            -1.1797317169551778,
            -1.2766646878265004,
            -1.3537003994212211,
            -1.3629103953045343,
            -1.3476393972134013,
            -1.3149798163714528,
            -1.2969101669202352,
            -1.277686613261795,
            -1.186799373996004
          ],
          "E_elec": [
            -1.6797317169551778,
            -1.6766646878265004,
            -1.6870337327545544,
            -1.6486246810188199,
            -1.5976393972134013,
            -1.537202038593675,
            -1.4969101669202352,
            -1.4595047950799769,
            -1.340645527842158
          ]
        }
      },
      "6": {
        "R_eq": 3.461923847695391,
        "E_min": -1.3883631833451138,
        "time": 187.32444381713867,
        "pes": {
          "R": [
            2.0,
            2.5,
            3.0,
            3.5,
            4.0,
            4.5,
            5.0,
            5.5,
            6.5
          ],
          "E_total": [
            -1.185278111083444,
            -1.2896546175144987,
            -1.3729307707924776,
            -1.3883136068421118,
            -1.378495391253522,
            -1.3499629526432737,
            -1.3433211064874087,
            -1.3289061675626361,
            -1.2422651413456887
          ],
          "E_elec": [
            -1.685278111083444,
            -1.6896546175144986,
            -1.7062641041258109,
            -1.6740278925563976,
            -1.628495391253522,
            -1.572185174865496,
            -1.5433211064874086,
            -1.510724349380818,
            -1.3961112951918426
          ]
        }
      },
      "7": {
        "R_eq": 3.6102204408817635,
        "E_min": -1.4016516616825572,
        "time": 405.52346682548523,
        "pes": {
          "R": [
            2.0,
            2.5,
            3.0,
            3.5,
            4.0,
            4.5,
            5.0,
            5.5,
            6.5
          ],
          "E_total": [
            -1.1860565803950183,
            -1.2938335541140713,
            -1.3807503903247043,
            -1.4012320986427227,
            -1.3965179657684452,
            -1.3747422604288055,
            -1.3744173961590485,
            -1.3655078330208752,
            -1.2826368539940067
          ],
          "E_elec": [
            -1.6860565803950183,
            -1.6938335541140712,
            -1.7140837236580375,
            -1.6869463843570083,
            -1.6465179657684452,
            -1.5969644826510276,
            -1.5744173961590484,
            -1.547326014839057,
            -1.4364830078401607
          ]
        }
      }
    },
    "selfconsistent": {
      "2": {
        "R_eq": 2.878,
        "E_min": -1.256245,
        "time": 173.9
      },
      "3": {
        "R_eq": 3.026,
        "E_min": -1.318572,
        "time": 389.7
      },
      "4": {
        "R_eq": 3.192,
        "E_min": -1.38748,
        "time": 1027.0
      }
    }
  }
}