{
  "k_true": 0.06589297708601588,
  "a_morse": 0.597129574565213,
  "S_Re": 0.3455315894436944,
  "Sp_Re": -0.19790362462777406,
  "epsp_Re": -0.029788422737547258,
  "hypA_harmonic": {
    "c": 0.8843513522507345,
    "r2": 0.9963772139239324
  },
  "hypA_morse": {
    "c": 1.1225208748741273,
    "r2": 0.9967984726473359
  },
  "hypB_harmonic": {
    "c": 0.6198682289938858,
    "r2": 0.9998197435078083
  },
  "hypB_morse": {
    "c": 0.7802927500663279,
    "r2": 0.9837449373087415
  },
  "ratio_mean": 0.0732334729202323,
  "ratio_relspread_pct": 114.69186162120266
}