{
  "n_max": 2,
  "Q": 30,
  "n_electrons": 4,
  "nuclear_repulsion_convention": "V_NN = Z_A*Z_B/R only (4e FCI)",
  "R_points_standard": [
    2.0,
    2.5,
    3.0,
    3.015,
    3.5,
    4.0,
    5.0
  ],
  "E_standard": [
    -7.824543622292123,
    -7.893975648749382,
    -7.928931159029863,
    -7.929394689632303,
    -7.9272971853496745,
    -7.895140568135075,
    -7.771554464220411
  ],
  "R_points_dissoc": [
    10.0,
    15.0,
    20.0,
    50.0,
    100.0
  ],
  "E_dissoc": [
    -7.146120867542599,
    -6.941858179171397,
    -6.883028048334818,
    -6.7889584938772,
    -6.7588586559905846
  ],
  "R_eq_grid": 3.015,
  "R_eq_fit": 3.226807798529091,
  "E_eq": -7.929394689632303,
  "E_eq_fit": -7.932555416544165,
  "E_elec_R100": -6.788858655990585,
  "D_e_true_Ha": 2.0734081618237523,
  "D_e_true_eV": 56.42033885465086,
  "D_e_R5_Ha": 0.16100095232375455,
  "D_e_R5_eV": 4.381061314062615,
  "D_e_exact_Ha": 0.0924,
  "E_exact_Ha": -8.0705,
  "R_eq_exact": 3.015,
  "E_error_pct": 1.709244575377411,
  "R_eq_error_pct": 7.02513427957183,
  "D_e_true_error_pct": 2143.948227081983,
  "D_e_R5_error_pct": 74.24345489583827,
  "verification_max_diff_mHa": 0.031168653590540885,
  "verification_passed": true,
  "E_elec_R50_minus_R100_mHa": -60.09983788661444
}