{
  "graph_native": {
    "n_max_3": {
      "states": {
        "1_1S": {
          "energy": -2.8937575256850616,
          "reference": -2.903724377034,
          "error_pct": 0.34324371237737744
        },
        "2_1S": {
          "energy": -2.1856908077013184,
          "reference": -2.145974046,
          "error_pct": 1.8507568521319537
        },
        "3_1S": {
          "energy": -2.1846545611203987,
          "reference": -2.061272,
          "error_pct": 5.985748660070018
        },
        "2_3S": {
          "energy": -2.2284298010091836,
          "reference": -2.175229378,
          "error_pct": 2.445738529795803
        },
        "3_3S": {
          "energy": -2.1963818835330287,
          "reference": -2.06869,
          "error_pct": 6.172596354844298
        },
        "4_3S": {
          "energy": -2.0035931116557113,
          "reference": null,
          "error_pct": null
        },
        "2_1P": {
          "energy": -2.196381883533026,
          "reference": -2.123843086,
          "error_pct": 3.415449945958299
        },
        "3_1P": {
          "energy": -2.00359311165571,
          "reference": -2.055146,
          "error_pct": 2.5084781492064394
        },
        "4_1P": {
          "energy": -1.878410762178011,
          "reference": null,
          "error_pct": null
        },
        "2_3P": {
          "energy": -2.1856908077013197,
          "reference": -2.13316419,
          "error_pct": 2.4623804368907822
        },
        "3_3P": {
          "energy": -2.0027476779187285,
          "reference": -2.058081,
          "error_pct": 2.688588159614296
        },
        "4_3P": {
          "energy": -1.7959895593321582,
          "reference": null,
          "error_pct": null
        },
        "3_1D": {
          "energy": -2.0027476779187285,
          "reference": -2.055636,
          "error_pct": 2.572844709922927
        },
        "4_1D": {
          "energy": -0.7722239532878133,
          "reference": null,
          "error_pct": null
        },
        "5_1D": {
          "energy": -0.5638466696159276,
          "reference": null,
          "error_pct": null
        },
        "3_3D": {
          "energy": -2.003593111655711,
          "reference": -2.055637,
          "error_pct": 2.5317645257547454
        },
        "4_3D": {
          "energy": -0.5686431340298208,
          "reference": null,
          "error_pct": null
        },
        "5_3D": {
          "energy": -0.5614101894412401,
          "reference": null,
          "error_pct": null
        }
      },
      "transitions": {
        "1_1S->2_1S": {
          "dE_computed": 0.7080667179837432,
          "dE_exact": 0.7577503310339999,
          "error_pct": 6.556726010592455
        },
        "1_1S->2_3S": {
          "dE_computed": 0.665327724675878,
          "dE_exact": 0.728494999034,
          "error_pct": 8.670927657963766
        },
        "1_1S->2_1P": {
          "dE_computed": 0.6973756421520356,
          "dE_exact": 0.7798812910340001,
          "error_pct": 10.579257360126553
        },
        "1_1S->2_3P": {
          "dE_computed": 0.7080667179837419,
          "dE_exact": 0.770560187034,
          "error_pct": 8.110134691853817
        },
        "2_3S->2_1S": {
          "dE_computed": 0.042738993307865236,
          "dE_exact": 0.029255331999999967,
          "error_pct": 46.089585679168785
        },
        "2_3S->2_3P": {
          "dE_computed": 0.042738993307863904,
          "dE_exact": 0.04206518800000003,
          "error_pct": 1.6018121869890902
        }
      },
      "sector_dims": {
        "1S": 31,
        "3S": 25,
        "1P": 21,
        "3P": 21,
        "1D": 12,
        "3D": 9
      }
    },
    "n_max_4": {
      "states": {
        "1_1S": {
          "energy": -2.896122015894597,
          "reference": -2.903724377034,
          "error_pct": 0.261814144604474
        },
        "2_1S": {
          "energy": -2.198925410938347,
          "reference": -2.145974046,
          "error_pct": 2.4674746200703512
        },
        "3_1S": {
          "energy": -2.1978385881492346,
          "reference": -2.061272,
          "error_pct": 6.62535503073997
        },
        "2_3S": {
          "energy": -2.2345051974479904,
          "reference": -2.175229378,
          "error_pct": 2.725037646489083
        },
        "3_3S": {
          "energy": -2.207568000437619,
          "reference": -2.06869,
          "error_pct": 6.713330679687091
        },
        "4_3S": {
          "energy": -2.120016465112321,
          "reference": null,
          "error_pct": null
        },
        "2_1P": {
          "energy": -2.2075680004376173,
          "reference": -2.123843086,
          "error_pct": 3.9421421944736514
        },
        "3_1P": {
          "energy": -2.120016465112321,
          "reference": -2.055146,
          "error_pct": 3.1564893741038658
        },
        "4_1P": {
          "energy": -2.0746076926248698,
          "reference": null,
          "error_pct": null
        },
        "2_3P": {
          "energy": -2.198925410938348,
          "reference": -2.13316419,
          "error_pct": 3.0828016543043413
        },
        "3_3P": {
          "energy": -2.119977773244668,
          "reference": -2.058081,
          "error_pct": 3.0074993765875977
        },
        "4_3P": {
          "energy": -2.064967924323818,
          "reference": null,
          "error_pct": null
        },
        "3_1D": {
          "energy": -2.11997777324467,
          "reference": -2.055636,
          "error_pct": 3.1300178263403775
        },
        "4_1D": {
          "energy": -2.0026340378267826,
          "reference": null,
          "error_pct": null
        },
        "5_1D": {
          "energy": -1.885527622898607,
          "reference": null,
          "error_pct": null
        },
        "3_3D": {
          "energy": -2.1200164651123217,
          "reference": -2.055637,
          "error_pct": 3.1318498894659776
        },
        "4_3D": {
          "energy": -2.0026460740443452,
          "reference": null,
          "error_pct": null
        },
        "5_3D": {
          "energy": -1.8867231626053986,
          "reference": null,
          "error_pct": null
        }
      },
      "transitions": {
        "1_1S->2_1S": {
          "dE_computed": 0.6971966049562499,
          "dE_exact": 0.7577503310339999,
          "error_pct": 7.991250362783806
        },
        "1_1S->2_3S": {
          "dE_computed": 0.6616168184466065,
          "dE_exact": 0.728494999034,
          "error_pct": 9.18032116570126
        },
        "1_1S->2_1P": {
          "dE_computed": 0.6885540154569796,
          "dE_exact": 0.7798812910340001,
          "error_pct": 11.710407292363028
        },
        "1_1S->2_3P": {
          "dE_computed": 0.697196604956249,
          "dE_exact": 0.770560187034,
          "error_pct": 9.520811393090295
        },
        "2_3S->2_1S": {
          "dE_computed": 0.03557978650964344,
          "dE_exact": 0.029255331999999967,
          "error_pct": 21.61812591852822
        },
        "2_3S->2_3P": {
          "dE_computed": 0.03557978650964255,
          "dE_exact": 0.04206518800000003,
          "error_pct": 15.417502687394322
        }
      },
      "sector_dims": {
        "1S": 101,
        "3S": 91,
        "1P": 81,
        "3P": 81,
        "1D": 57,
        "3D": 51
      }
    },
    "n_max_5": {
      "states": {
        "1_1S": {
          "energy": -2.897245360060446,
          "reference": -2.903724377034,
          "error_pct": 0.22312782248884683
        },
        "2_1S": {
          "energy": -2.2036721239041066,
          "reference": -2.145974046,
          "error_pct": 2.688666156594632
        },
        "3_1S": {
          "energy": -2.2036602689314377,
          "reference": -2.061272,
          "error_pct": 6.907786499376963
        },
        "2_3S": {
          "energy": -2.2366075880703566,
          "reference": -2.175229378,