{
  "n_max_3": {
    "n_max": 3,
    "propagator_info": {
      "n_max": 3,
      "V": 14,
      "E": 13,
      "F": 4,
      "rank_d1": 2,
      "coexact_nonzero_eigenvalues": [
        9.0,
        15.0
      ],
      "coexact_zero_count": 11,
      "full_hodge_nonzero_eigenvalues": [
        0.382,
        1.0,
        1.0,
        1.382,
        2.0,
        2.618,
        3.0,
        3.0,
        3.0,
        3.618
      ],
      "G_T_norm": 0.1295767087743401,
      "G_full_norm": 3.2000192900653133
    },
    "N_dirac": 28,
    "E_fock": 13,
    "scalar": {
      "trace": 61.60000000000001,
      "gs_block_trace": 2.666666666666666,
      "gs_zero": false,
      "gs_block_max": 1.333333333333333,
      "diagonality": 0.6507460962329757,
      "n_zero_eigenvalues": 14,
      "cross_shell_fraction": 0.11533933429907832,
      "psd": true,
      "min_eigenvalue": -2.2417143973956474e-15,
      "eigenvalues": [
        -2.2417143973956474e-15,
        -1.1570794311895795e-15,
        -8.428880059260533e-16,
        -5.644689336869792e-16,
        -4.790478566454224e-16,
        -3.7132967108065407e-16,
        -1.6317648067547986e-16,
        -1.7498150413432588e-17,
        1.978787867114375e-17,
        5.3309193770910035e-17,
        1.8631830312707083e-16,
        3.337640935688857e-16,
        4.1640046851497485e-16,
        5.216490780623509e-16,
        1.3333333333333326,
        1.7352384841237607,
        1.8712209599567413,
        1.8712209599567422,
        3.1999999999999993,
        3.38666666666667,
        3.3866666666666725,
        3.9999999999999987,
        4.208779040043263,
        4.2087790400432645,
        4.799999999999998,
        5.333333333333332,
        11.064761515876238,
        11.199999999999996
      ],
      "pendant_expected": 1.3333333333333333
    },
    "transverse": {
      "trace": 1.4222222222222234,
      "gs_block_trace": 0.0,
      "gs_zero": true,
      "gs_block_max": 0.0,
      "diagonality": 0.5571333354923395,
      "n_zero_eigenvalues": 24,
      "cross_shell_fraction": 0.5869807332814502,
      "psd": true,
      "min_eigenvalue": -7.893238088901158e-17,
      "eigenvalues": [
        -7.893238088901158e-17,
        -2.0787241302728115e-17,
        -6.893300183309729e-18,
        -1.63167403286535e-33,
        0.0,
        0.0,
        0.0,
        0.0,
        0.0,
        0.0,
        0.0,
        0.0,
        0.0,
        0.0,
        0.0,
        0.0,
        0.0,
        0.0,
        9.093007735554214e-35,
        1.1904620455552068e-18,
        1.5038993610818574e-17,
        2.53049921227011e-17,
        2.6570539653199608e-17,
        9.603553854922193e-17,
        0.2488888888888891,
        0.24888888888888913,
        0.4622222222222225,
        0.46222222222222276
      ]
    },
    "selection_rules": {
      "gs_protection_scalar": false,
      "gs_protection_transverse": true,
      "diagonality_scalar": 0.6507460962329757,
      "diagonality_transverse": 0.5571333354923395,
      "cross_shell_suppression_scalar": 0.8846606657009217,
      "cross_shell_suppression_transverse": 0.4130192667185498,
      "psd_scalar": true,
      "psd_transverse": true
    },
    "shell_diagonal": {
      "1": {
        "transverse_mean": 0.0,
        "transverse_std": 0.0,
        "scalar_mean": 1.333333333333333
      },
      "2": {
        "transverse_mean": 0.08888888888888895,
        "transverse_std": 0.05283719851889487,
        "scalar_mean": 1.8500000000000008
      },
      "3": {
        "transverse_mean": 0.03950617283950621,
        "transverse_std": 0.056495208478321395,
        "scalar_mean": 2.4518518518518517
      }
    }
  },
  "n_max_4": {
    "n_max": 4,
    "propagator_info": {
      "n_max": 4,
      "V": 30,
      "E": 34,
      "F": 33,
      "rank_d1": 8,
      "coexact_nonzero_eigenvalues": [
        14.1557,
        14.1849,
        24.8151,
        26.8443,
        32.0,
        32.0,
        40.0,
        48.0
      ],
      "coexact_zero_count": 26,
      "full_hodge_nonzero_eigenvalues": [
        0.1981,
        0.382,
        0.5858,
        0.753,
        1.0,
        1.0,
        1.382,
        1.555,
        2.0,
        2.0
      ],
      "G_T_norm": 0.12642817600275577,
      "G_full_norm": 6.4871594826212
    },
    "N_dirac": 60,
    "E_fock": 34,
    "scalar": {
      "trace": 159.54704944178636,
      "gs_block_trace": 3.0000000000000018,
      "gs_zero": false,
      "gs_block_max": 1.5000000000000009,
      "diagonality": 0.6431751673661997,
      "n_zero_eigenvalues": 30,
      "cross_shell_fraction": 0.13165499032722783,
      "psd": true,
      "min_eigenvalue": -3.4564512148138164e-15,
      "eigenvalues": [
        -3.4564512148138164e-15,
        -1.778008080399425e-15,
        -1.6065544731516348e-15,
        -1.3970194735181834e-15,
        -1.3106798907835868e-15,
        -1.2484601177404826e-15,
        -9.012034496375593e-16,
        -8.925468158911352e-16,
        -8.258901971804574e-16,
        -6.274459097005196e-16,
        -6.206258030202483e-16,
        -4.631208118214199e-16,
        -3.452459815881128e-16,
        -2.257787413304891e-16,
        -1.2551702516978422e-16,
        -6.7439587577502e-17,
        5.912327430878404e-17,
        2.817466358523362e-16,
        3.606659211928093e-16,
        5.531673398918314e-16,
        6.625452779627737e-16,
        7.042567335930014e-16,
        7.086731059786999e-16,
        7.413727961748143e-16,
        1.0244997036716898e-15,
        1.1673363275021092e-15,
        1.324374475861088e-15,
        1.3409412939349974e-15,
        1.861422232081324e-15,
        2.6398566238244668e-15,
        1.561799200962597,
        1.9409841097903715,
        1.991515990848317,
        1.9915159908483226,
        2.171572875253809,
        2.1715728752538115,
        2.3888888888888893,
        2.7500000000000004,
        2.7500000000000036,
        2.878335989807852,
        2.9285148402140955,
        2.928514840214099,
        3.7500000000000027,
        3.894187861980163,
        3.894187861980164,
        4.25,
        4.250000000000001,
        4.444444444444445,
        4.521534132370736,
        4.571428571428571,
        6.75766053901237,
        6.757660539012394,
        6.868312155504873,
        6.868312155504898,
        7.828427124746183,
        7.828427124746186,
        8.916158747352487,
        9.142857142857142,
        18.26452115304929,
        18.285714285714302
      ],
      "pendant_expected": 1.5
    },
    "transverse": {
      "trace": 2.616188197767145,
      "gs_block_trace": 0.0,
      "gs_zero": true,
      "gs_block_max": 0.0,
      "diagonality": 0.5730816521675804,
      "n_zero_eigenvalues": 45,
      "cross_shell_fraction": 0.569245225499036,
      "psd": true,
      "min_eigenvalue": -9.579583915694157e-17,