{
  "sprint": "VP-2",
  "description": "Test whether each graph-to-continuum QED diagram has its own calibration constant of the form C = (heat-kernel) \u00d7 (volume) \u00d7 (graph-truncation factor).",
  "constants": {
    "alpha": 0.0072973525693,
    "alpha_over_2pi": 0.0011614097328884378,
    "Vol_S1": 6.283185307179586,
    "Vol_S2": 12.566370614359172,
    "Vol_S3": 19.739208802178716,
    "Vol_S5": 31.006276680299816,
    "a0_S3": 1.7724538509055159,
    "a1_S3": 1.7724538509055159,
    "a2_S3": 0.22155673136318949,
    "PI_VP": 0.0021108579925487037,
    "one_over_4pi": 0.07957747154594767
  },
  "family_table": {
    "rows": [
      {
        "n_max": 2,
        "C_VP": 0.0,
        "C_SE": 0.0,
        "C_F2_asymp": 0.0004936907335396032,
        "graph_f2_scalar": 2.352504621204315,
        "graph_vp_trace": 2.986666666666667,
        "graph_se_trace": 14.66666666666666,
        "continuum_vp": 0.0,
        "continuum_se_trace": 0.0,
        "F2_vector_TrGe": 0.0868117871410338
      },
      {
        "n_max": 3,
        "C_VP": 0.02836363804955896,
        "C_SE": 0.27546755951254087,
        "C_F2_asymp": 0.0006200594075461244,
        "graph_f2_scalar": 1.8730620291593116,
        "graph_vp_trace": 5.2680272108843536,
        "graph_se_trace": 61.59999999999999,
        "continuum_vp": 0.14942041704475142,
        "continuum_se_trace": 16.968801665972514,
        "F2_vector_TrGe": 0.5201887996548628
      },
      {
        "n_max": 4,
        "C_VP": 0.047433770878780146,
        "C_SE": 0.45284481950736155,
        "C_F2_asymp": 0.0007308097215428303,
        "graph_f2_scalar": 1.5892094725365502,
        "graph_vp_trace": 7.189370958259846,
        "graph_se_trace": 159.5470494417863,
        "continuum_vp": 0.3410189747966536,
        "continuum_se_trace": 72.2500548073978,
        "F2_vector_TrGe": 1.5554722135817198
      },
      {
        "n_max": 5,
        "C_VP": 0.059904,
        "C_SE": 0.5821681579815075,
        "C_F2_asymp": 0.0008320682670167748,
        "graph_f2_scalar": 1.3958106301321667,
        "graph_vp_trace": 8.913906,
        "graph_se_trace": 328.01607711571006,
        "continuum_vp": 0.533981,
        "continuum_se_trace": 190.960515402773,
        "F2_vector_TrGe": null
      }
    ]
  },
  "fits": {
    "C_VP": {
      "A": 0.005739665853853476,
      "beta": 1.4788649609320084,
      "R2": 0.9803237242904473,
      "n_points": 3,
      "n_max_fitted": [
        3,
        4,
        5
      ]
    },
    "C_SE": {
      "A": 0.05555859565539502,
      "beta": 1.4772728324417657,
      "R2": 0.9869103251686415,
      "n_points": 3,
      "n_max_fitted": [
        3,
        4,
        5
      ]
    },
    "C_F2_asymp": {
      "A": 0.0003323198473298821,
      "beta": 0.5692752546566784,
      "R2": 0.9999460728701607,
      "n_points": 4,
      "n_max_fitted": [
        2,
        3,
        4,
        5
      ]
    },
    "F2_vector_TrGe": {
      "A": 0.004925958571628248,
      "beta": 4.179888927109177,
      "R2": 0.9983696945169893,
      "n_points": 3,
      "n_max_fitted": [
        2,
        3,
        4
      ]
    }
  },
  "cross_diagram_ratios": {
    "n_max_2": {},
    "n_max_3": {
      "C_VP/C_SE": 0.10296543847032444,
      "C_F2_asymp/C_SE": 0.0022509344063720714,
      "C_F2_asymp/C_VP": 0.0218610675563802
    },
    "n_max_4": {
      "C_VP/C_SE": 0.10474619303447513,
      "C_F2_asymp/C_SE": 0.001613819326315491,
      "C_F2_asymp/C_VP": 0.015406949690136559
    },
    "n_max_5": {
      "C_VP/C_SE": 0.1028981045746285,
      "C_F2_asymp/C_SE": 0.0014292576047129075,
      "C_F2_asymp/C_VP": 0.013890028495872977
    },
    "stability": {
      "C_VP/C_SE": {
        "values": [
          0.10296543847032444,
          0.10474619303447513,
          0.1028981045746285
        ],
        "mean": 0.1035365786931427,
        "std": 0.0008557681167408358,
        "CV_pct": 0.8265369858097443,
        "closest_rational": "3/29"
      }
    }
  },
  "pslq_identifications": {
    "n_max_3": {
      "C_VP": {
        "target": 0.02836363804955896,
        "best_single_match": {
          "name": "1/pi",
          "ratio": 0.08910699692557436,
          "rational": 0.0891089108910891,
          "rel_error": 2.1479407687169433e-05,
          "as_fraction": [
            9,
            101
          ]
        }
      },
      "C_SE": {
        "target": 0.27546755951254087,
        "best_single_match": {
          "name": "a2*Vol_S3",
          "ratio": 0.0629877029985693,
          "rational": 0.06299212598425197,
          "rel_error": 7.021982819035135e-05,
          "as_fraction": [
            8,
            127
          ]
        }
      },
      "C_F2_asymp": {
        "target": 0.0006200594075461244,
        "best_single_match": {
          "name": "1/(48pi**2)",
          "ratio": 0.29374757076739627,
          "rational": 0.29375,
          "rel_error": 8.269796401699086e-06,
          "as_fraction": [
            47,
            160
          ]
        }
      }
    },
    "n_max_4": {
      "C_VP": {
        "target": 0.047433770878780146,
        "best_single_match": {
          "name": "1/Vol_S3",
          "ratio": 0.9363051076509455,
          "rational": 0.9363057324840764,
          "rel_error": 6.67339231406994e-07,
          "as_fraction": [
            147,
            157
          ]
        }
      },
      "C_SE": {
        "target": 0.45284481950736155,
        "best_single_match": {
          "name": "Vol_S2",
          "ratio": 0.03603624573907687,
          "rational": 0.036036036036036036,
          "rel_error": 5.819225519585672e-06,
          "as_fraction": [
            4,
            111
          ]
        }
      },
      "C_F2_asymp": {
        "target": 0.0007308097215428303,
        "best_single_match": {
          "name": "PI_VP*Vol_S3",
          "ratio": 0.01753943331702793,
          "rational": 0.017543859649122806,
          "rel_error": 0.0002523646012314705,
          "as_fraction": [
            1,
            57
          ]
        }
      }
    },
    "n_max_5": {
      "C_VP": {
        "target": 0.059904,
        "best_single_match": {
          "name": "a2*Vol_S3",
          "ratio": 0.013697494424037676,
          "rational": 0.0136986301369863,
          "rel_error": 8.29139193976788e-05,
          "as_fraction": [
            1,
            73
          ]
        }
      },
      "C_SE": {
        "target": 0.5821681579815075,
        "best_single_match": {
          "name": "1/pi**2",
          "ratio": 5.745769414188371,
          "rational": 5.745762711864407,
          "rel_error": 1.1664798012462785e-06,
          "as_fraction": [
            339,
            59
          ]
        }
      },
      "C_F2_asymp": {
        "target": 0.0008320682670167748,
        "best_single_match": {
          "name": "1/pi**3",
          "ratio": 0.025799338904019704,
          "rational": 0.025806451612903226,
          "rel_error": 0.00027569345516885365,
          "as_fraction": [
            4,
            155
          ]
        }
      }
    }
  },
  "X_analysis": {
    "C_VP": {
      "X_diagram_value": 0.005739665853853476,
      "beta": 1.4788649609320084,
      "X_diagram_PSLQ_match": {
        "name": "1/pi**3",
        "ratio": 0.17796566751705017,
        "rational": 0.17796610169491525,
        "rel_error": 2.4396720509914183e-06,
        "as_fraction": [
          21,
          118
        ]
      }
    },
    "C_SE": {
      "X_diagram_value": 0.05555859565539502,
      "beta": 1.4772728324417657,
      "X_diagram_PSLQ_match": {
        "name": "a2",
        "ratio": 0.250764647562524,
        "rational": 0.25076452599388377,
        "rel_error": 4.84791781424281e-07,
        "as_fraction": [
          82,
          327
        ]
      }
    },
    "C_F2_asymp": {
      "X_diagram_value": 0.0003323198473298821,
      "beta": 0.5692752546566784,
      "X_diagram_PSLQ_match": {
        "name": "1/Vol_S2",