{
  "n_max": 2,
  "n_states": 10,
  "labels": [
    [
      1,
      -1,
      -1
    ],
    [
      1,
      -1,
      1
    ],
    [
      2,
      -1,
      -1
    ],
    [
      2,
      -1,
      1
    ],
    [
      2,
      -2,
      -3
    ],
    [
      2,
      -2,
      -1
    ],
    [
      2,
      -2,
      1
    ],
    [
      2,
      -2,
      3
    ],
    [
      2,
      1,
      -1
    ],
    [
      2,
      1,
      1
    ]
  ],
  "sigma_dot_L_verification": {
    "residual": 1.6653345369377348e-16,
    "passed": true,
    "diagonal_values": {
      "(1,-1,-1)": 0.0,
      "(1,-1,1)": 0.0,
      "(2,-1,-1)": 0.0,
      "(2,-1,1)": 0.0,
      "(2,-2,-3)": 1.0,
      "(2,-2,-1)": 1.0,
      "(2,-2,1)": 1.0,
      "(2,-2,3)": 1.0,
      "(2,1,-1)": -2.0,
      "(2,1,1)": -2.0
    }
  },
  "Gamma_x": {
    "name": "Gamma_x",
    "shape": [
      10,
      10
    ],
    "is_real": true,
    "max_imaginary": 0.0,
    "is_hermitian": true,
    "hermiticity_residual": 5.551115123125783e-17,
    "nnz": 16,
    "sparsity": 0.84,
    "eigenvalues": [
      -1.0,
      -0.9999999999999997,
      -2.157507127480954e-16,
      -3.491682953055281e-17,
      0.0,
      0.0,
      0.0,
      0.0,
      0.9999999999999998,
      0.9999999999999999
    ],
    "all_rational": false,
    "number_field": "Q(sqrt(rationals))",
    "sqrt_entries_sample": [
      "sqrt(1/3)",
      "sqrt(1/6)",
      "sqrt(4/9)",
      "sqrt(1/3)",
      "sqrt(1/18)",
      "sqrt(1/3)",
      "sqrt(4/9)",
      "sqrt(1/18)",
      "sqrt(1/3)",
      "sqrt(1/6)",
      "sqrt(1/18)",
      "sqrt(1/6)",
      "sqrt(4/9)",
      "sqrt(1/6)",
      "sqrt(1/18)",
      "sqrt(4/9)"
    ]
  },
  "Gamma_y": {
    "name": "Gamma_y",
    "shape": [
      10,
      10
    ],
    "is_real": true,
    "max_imaginary": 0.0,
    "is_hermitian": true,
    "hermiticity_residual": 5.551115123125783e-17,
    "nnz": 16,
    "sparsity": 0.84,
    "eigenvalues": [
      -1.0,
      -0.9999999999999997,
      -2.157507127480954e-16,
      -3.491682953055281e-17,
      0.0,
      0.0,
      0.0,
      0.0,
      0.9999999999999998,
      0.9999999999999999
    ],
    "all_rational": false,
    "number_field": "Q(sqrt(rationals))",
    "sqrt_entries_sample": [
      "sqrt(1/3)",
      "sqrt(1/6)",
      "sqrt(4/9)",
      "sqrt(1/3)",
      "sqrt(1/18)",
      "sqrt(1/3)",
      "sqrt(4/9)",
      "sqrt(1/18)",
      "sqrt(1/3)",
      "sqrt(1/6)",
      "sqrt(1/18)",
      "sqrt(1/6)",
      "sqrt(4/9)",
      "sqrt(1/6)",
      "sqrt(1/18)",
      "sqrt(4/9)"
    ]
  },
  "Gamma_z": {
    "name": "Gamma_z",
    "shape": [
      10,
      10
    ],
    "is_real": true,
    "max_imaginary": 0.0,
    "is_hermitian": true,
    "hermiticity_residual": 5.551115123125783e-17,
    "nnz": 10,
    "sparsity": 0.9,
    "eigenvalues": [
      -1.0000000000000002,
      -1.0,
      0.0,
      0.0,
      0.0,
      0.0,
      1.0107318193659688e-17,
      5.928162084541261e-17,
      0.9999999999999999,
      1.0
    ],
    "all_rational": false,
    "number_field": "Q(sqrt(rationals))",
    "sqrt_entries_sample": [
      "sqrt(1)",
      "sqrt(1/9)",
      "sqrt(2/9)",
      "sqrt(1/9)",
      "sqrt(2/9)",
      "sqrt(1)",
      "sqrt(2/9)",
      "sqrt(4/9)",
      "sqrt(2/9)",
      "sqrt(4/9)"
    ]
  },
  "sigma_dot_L": {
    "name": "sigma_dot_L",
    "shape": [
      10,
      10
    ],
    "is_real": true,
    "max_imaginary": 0.0,
    "is_hermitian": true,
    "hermiticity_residual": 1.6653345369377348e-16,
    "nnz": 6,
    "sparsity": 0.94,
    "eigenvalues": [
      -2.0,
      -2.0,
      0.0,
      0.0,
      0.0,
      0.0,
      1.0,
      1.0,
      1.0,
      1.0
    ],
    "all_rational": true,
    "number_field": "Q (rational)",
    "rational_entries_sample": [
      "1",
      "1",
      "1",
      "1",
      "-2",
      "-2"
    ]
  },
  "Gamma_sum": {
    "name": "Gamma_sum",
    "shape": [
      10,
      10
    ],
    "is_real": true,
    "max_imaginary": 0.0,
    "is_hermitian": true,
    "hermiticity_residual": 1.6653345369377348e-16,
    "nnz": 6,
    "sparsity": 0.94,
    "eigenvalues": [
      -2.0,
      -2.0,
      0.0,
      0.0,
      0.0,
      0.0,
      1.0,
      1.0,
      1.0,
      1.0
    ],
    "all_rational": true,
    "number_field": "Q (rational)",
    "rational_entries_sample": [
      "1",
      "1",
      "1",
      "1",
      "-2",
      "-2"
    ]
  },
  "Gamma_sum_vs_sigma_dot_L_residual": 0.0,
  "full_dirac_comparison": {
    "sigma_dot_L_plus_3_2_eigenvalues": [
      -0.5,
      -0.5,
      1.5,
      1.5,
      1.5,
      1.5,
      2.5,
      2.5,
      2.5,
      2.5
    ],
    "CH_eigenvalues": [
      -3.5,
      -3.5,
      2.5,
      2.5,
      3.5,
      3.5,
      3.5,
      3.5,
      3.5,
      3.5
    ],
    "residual": 3.0,
    "note": "sigma.L+3/2 is n-independent; CH eigenvalue is chi*(n_fock+3/2) which IS n-dependent"
  },
  "Gamma_x_entries": {
    "(2,-2,-3)->(2,-2,1)": {
      "float": 0.5773502691896257,
      "fraction": "40545/70226",
      "frac_error": 5.853473261652198e-11
    },
    "(2,-2,-3)->(2,1,1)": {
      "float": -0.40824829046386296,
      "fraction": "-19402/47525",
      "frac_error": 9.037531834010792e-11
    },
    "(2,-2,-1)->(2,-2,-1)": {
      "float": 0.6666666666666666,
      "fraction": "2/3",
      "frac_error": 0.0
    },
    "(2,-2,-1)->(2,-2,3)": {
      "float": 0.5773502691896257,
      "fraction": "40545/70226",
      "frac_error": 5.853473261652198e-11
    },
    "(2,-2,-1)->(2,1,-1)": {
      "float": -0.2357022603955158,
      "fraction": "-4620/19601",
      "frac_error": 3.0674482398573844e-10
    },
    "(2,-2,1)->(2,-2,-3)": {
      "float": 0.5773502691896257,
      "fraction": "40545/70226",
      "frac_error": 5.853473261652198e-11
    },
    "(2,-2,1)->(2,-2,1)": {
      "float": 0.6666666666666666,
      "fraction": "2/3",
      "frac_error": 0.0
    },
    "(2,-2,1)->(2,1,1)": {
      "float": 0.23570226039551584,
      "fraction": "4620/19601",
      "frac_error": 3.0674485174131405e-10
    },
    "(2,-2,3)->(2,-2,-1)": {
      "float": 0.5773502691896257,
      "fraction": "40545/70226",
      "frac_error": 5.853473261652198e-11
    },
    "(2,-2,3)->(2,1,-1)": {
      "float": 0.40824829046386296,
      "fraction": "19402/47525",
      "frac_error": 9.037531834010792e-11
    },
    "(2,1,-1)->(2,-2,-1)": {
      "float": -0.2357022603955158,
      "fraction": "-4620/19601",
      "frac_error": 3.0674482398573844e-10
    },
    "(2,1,-1)->(2,-2,3)": {
      "float": 0.408248290463863,
      "fraction": "19402/47525",
      "frac_error": 9.037537385125916e-11
    },
    "(2,1,-1)->(2,1,-1)": {
      "float": -0.6666666666666666,
      "fraction": "-2/3",
      "frac_error": 0.0
    },
    "(2,1,1)->(2,-2,-3)": {
      "float": -0.408248290463863,
      "fraction": "-19402/47525",
      "frac_error": 9.037537385125916e-11
    },
    "(2,1,1)->(2,-2,1)": {
      "float": 0.23570226039551578,
      "fraction": "4620/19601",
      "frac_error": 3.067447962301628e-10
    },
    "(2,1,1)->(2,1,1)": {
      "float": -0.6666666666666666,
      "fraction": "-2/3",
      "frac_error": 0.0
    }
  },
  "Gamma_y_entries": {
    "(2,-2,-3)->(2,-2,1)": {
      "float": -0.5773502691896257,
      "fraction": "-40545/70226",
      "frac_error": 5.853473261652198e-11
    },
    "(2,-2,-3)->(2,1,1)": {
      "float": 0.40824829046386296,
      "fraction": "19402/47525",
      "frac_error": 9.037531834010792e-11
    },
    "(2,-2,-1)->(2,-2,-1)": {
      "float": 0.6666666666666666,
      "fraction": "2/3",
      "frac_error": 0.0
    },
    "(2,-2,-1)->(2,-2,3)": {
      "float": -0.5773502691896257,
      "fraction": "-40545/70226",
      "frac_error": 5.853473261652198e-11
    },
    "(2,-2,-1)->(2,1,-1)": {
      "float": -0.2357022603955158,
      "fraction": "-4620/19601",
      "frac_error": 3.0674482398573844e-10
    },
    "(2,-2,1)->(2,-2,-3)": {
      "float": -0.5773502691896257,