{
  "theoretical_derivation": {
    "continuum_tip_formula": "tip^{cont}(t) = 1/(24*pi*t) + constant + O(t)",
    "leading_1_over_t_coefficient": 0.013262911924324612,
    "leading_1_over_t_coefficient_symbolic": "1/(24*pi)",
    "IR_baseline_constant_approx": 0.16666666666666666,
    "derivation": "Dowker 1977 + Cheeger 1983: K_wedge - alpha*K_plane = -(1/12)(1/alpha - alpha)/(4*pi*t) + O(t^0). Taking d/d_alpha at alpha=1 gives coefficient +1/6."
  },
  "per_t_data": {
    "t_grid": [
      0.0025,
      0.005,
      0.01,
      0.02,
      0.05,
      0.1,
      0.2,
      0.5,
      1.0,
      2.0,
      5.0,
      10.0
    ],
    "f_UV_target": [
      5.305164769729844,
      2.652582384864922,
      1.326291192432461,
      0.6631455962162305,
      0.2652582384864922,
      0.1326291192432461,
      0.06631455962162305,
      0.026525823848649224,
      0.013262911924324612,
      0.006631455962162306,
      0.0026525823848649226,
      0.0013262911924324613
    ],
    "tip_FD": [
      0.002190342207541107,
      0.027554518034776265,
      0.06037635056418367,
      0.08645020206085974,
      0.11265137466762098,
      0.12723148700126785,
      0.13818911342963247,
      0.14841448068874286,
      0.15376729381481624,
      0.15764353332162884,
      0.16115679695503182,
      0.16282994926052563
    ],
    "tip_GM": [
      0.5932079226931819,
      0.509478964149821,
      0.4317275987541507,
      0.3345020806905268,
      0.2043821796987686,
      0.14815426158463652,
      0.139446031468907,
      0.1484120435948597,
      0.15376451798913848,
      0.15764067591709008,
      0.16115382008548984,
      0.1628269079419371
    ],
    "tip_spec": [
      1.3556320860789128,
      1.0755650744322338,
      0.7993312162907387,
      0.5074728638892338,
      0.21270191642645386,
      0.13835379445600893,
      0.13834119225020913,
      0.1484090207464419,
      0.15376174238028995,
      0.1576378186898708,
      0.161150843360633,
      0.162823866748115
    ]
  },
  "two_term_fit": {
    "continuum_A": 0.013262911924324612,
    "A_FD": -0.00030346350964976967,
    "B_FD": 0.10885930201051165,
    "A_GM": 0.0010381462459028595,
    "B_GM": 0.2352831559611426,
    "A_spec": 0.0030173188773303886,
    "B_spec": 0.28925803787598015,
    "fit_t_range": [
      0.0025,
      0.1
    ],
    "fit_n_points": 6
  },
  "verdict_at_t_eq_a2": {
    "UV_target_at_a2": 5.305164769729844,
    "FD_at_a2": 0.002190342207541107,
    "GM_at_a2": 0.5932079226931819,
    "Spec_at_a2": 1.3556320860789128,
    "FD_pct_of_UV_target": 0.04128697792835276,
    "GM_pct_of_UV_target": 11.181705911904976,
    "Spec_pct_of_UV_target": 25.553062815576716,
    "bracketed_by_FD_Spec": false,
    "bracketed_verdict": "NOT-BRACKETED-BY-CURRENT-SCHEMES"
  },
  "IR_check": {
    "tip_IR_target": 0.16666666666666666,
    "tip_IR_FD": 0.16282994926052563,
    "tip_IR_FD_pct_of_target": 97.69796955631539
  },
  "verdict": "POSITIVE-CLOSED-FORM-IDENTIFIED",
  "msg": "Per-t UV target is 1/(24*pi*t) at small t. The v3.19.0 spectral 'overshoot' vs +1/6 baseline was a normalization artifact: spec actually undershoots the true UV target. All three schemes (FD, GM, Spec) undershoot at the substrate UV cell t = a^2."
}