{
  "n_max": 3,
  "dim_H": 14,
  "dim_O": 55,
  "kernel_dim": 1,
  "labels": [
    "|1,0,+0>",
    "|2,0,+0>",
    "|2,1,-1>",
    "|2,1,+0>",
    "|2,1,+1>",
    "|3,0,+0>",
    "|3,1,-1>",
    "|3,1,+0>",
    "|3,1,+1>",
    "|3,2,-2>",
    "|3,2,-1>",
    "|3,2,+0>",
    "|3,2,+1>",
    "|3,2,+2>"
  ],
  "connes_distance": [
    [
      0.0,
      0.9478952825132588,
      0.8961353334136568,
      1.1430731720842262,
      0.8961353334136568,
      1.1126389269293182,
      1.386815502736921,
      0.982082048804727,
      1.386815502736921,
      1.6436082389706836,
      1.4621269048575125,
      1.8595630086943562,
      1.4621269048575125,
      1.6436082389706836
    ],
    [
      0.9478952825132588,
      0.0,
      0.23356294715794526,
      0.46712778974350166,
      0.23356294715794526,
      0.7653246080947251,
      0.9926893071881491,
      0.6324928138976234,
      0.9926893071881491,
      1.2558926620748767,
      0.9406694498871355,
      1.5728159714399856,
      0.9406694498871355,
      1.2558926620748767
    ],
    [
      0.8961353334136568,
      0.23356294715794526,
      0.0,
      0.7006911150131654,
      0.0,
      0.8023461629945443,
      1.0337103549458049,
      0.6843883912573774,
      1.0337103549458049,
      1.269337688508691,
      0.9933664278623093,
      1.5571539801229184,
      0.9933664278623093,
      1.269337688508691
    ],
    [
      1.1430731720842262,
      0.46712778974350166,
      0.7006911150131654,
      0.0,
      0.7006911150131654,
      0.9285928348860475,
      1.124255012547538,
      0.8094415452039455,
      1.124255012547538,
      1.358185632377797,
      1.1283610290710524,
      1.6749622917356088,
      1.1283610290710524,
      1.358185632377797
    ],
    [
      0.8961353334136568,
      0.23356294715794526,
      0.0,
      0.7006911150131654,
      0.0,
      0.8023461629945443,
      1.0337103549458049,
      0.6843883912573774,
      1.0337103549458049,
      1.269337688508691,
      0.9933664278623093,
      1.5571539801229184,
      0.9933664278623093,
      1.269337688508691
    ],
    [
      1.1126389269293182,
      0.7653246080947251,
      0.8023461629945443,
      0.9285928348860475,
      0.8023461629945443,
      0.0,
      0.38244093613637775,
      0.7648818615756589,
      0.38244093613637775,
      0.73101153790605,
      1.187274718080579,
      1.1208494136513938,
      1.187274718080579,
      0.73101153790605
    ],
    [
      1.386815502736921,
      0.9926893071881491,
      1.0337103549458049,
      1.124255012547538,
      1.0337103549458049,
      0.38244093613637775,
      0.0,
      1.147322799456342,
      0.0,
      0.3774326920461237,
      1.5097380477234559,
      1.0791259255292143,
      1.5097380477234559,
      0.3774326920461237
    ],
    [
      0.982082048804727,
      0.6324928138976234,
      0.6843883912573774,
      0.8094415452039455,
      0.6843883912573774,
      0.7648818615756589,
      1.147322799456342,
      0.0,
      1.147322799456342,
      1.4834872229058247,
      0.7181625518643757,
      1.6286374333250888,
      0.7181625518643757,
      1.4834872229058247
    ],
    [
      1.386815502736921,
      0.9926893071881491,
      1.0337103549458049,
      1.124255012547538,
      1.0337103549458049,
      0.38244093613637775,
      0.0,
      1.147322799456342,
      0.0,
      0.3774326920461237,
      1.5097380477234559,
      1.0791259255292143,
      1.5097380477234559,
      0.3774326920461237
    ],
    [
      1.6436082389706836,
      1.2558926620748767,
      1.269337688508691,
      1.358185632377797,
      1.269337688508691,
      0.73101153790605,
      0.3774326920461237,
      1.4834872229058247,
      0.3774326920461237,
      0.0,
      1.8871654450848367,
      0.9432681610266984,
      1.8871654450848367,
      0.0
    ],
    [
      1.4621269048575125,
      0.9406694498871355,
      0.9933664278623093,
      1.1283610290710524,
      0.9933664278623093,
      1.187274718080579,
      1.5097380477234559,
      0.7181625518643757,
      1.5097380477234559,
      1.8871654450848367,
      0.0,
      2.2407114946205766,
      0.0,
      1.8871654450848367
    ],
    [
      1.8595630086943562,
      1.5728159714399856,
      1.5571539801229184,
      1.6749622917356088,
      1.5571539801229184,
      1.1208494136513938,
      1.0791259255292143,
      1.6286374333250888,
      1.0791259255292143,
      0.9432681610266984,
      2.2407114946205766,
      0.0,
      2.2407114946205766,
      0.9432681610266984
    ],
    [
      1.4621269048575125,
      0.9406694498871355,
      0.9933664278623093,
      1.1283610290710524,
      0.9933664278623093,
      1.187274718080579,
      1.5097380477234559,
      0.7181625518643757,
      1.5097380477234559,
      1.8871654450848367,
      0.0,
      2.2407114946205766,
      0.0,
      1.8871654450848367
    ],
    [
      1.6436082389706836,
      1.2558926620748767,
      1.269337688508691,
      1.358185632377797,
      1.269337688508691,
      0.73101153790605,
      0.3774326920461237,
      1.4834872229058247,
      0.3774326920461237,
      0.0,
      1.8871654450848367,
      0.9432681610266984,
      1.8871654450848367,
      0.0
    ]
  ],
  "graph_distance": [
    [
      0,
      1,
      3,
      2,
      3,
      2,
      4,
      3,
      4,
      6,
      5,
      4,
      5,
      6
    ],
    [
      1,
      0,
      2,
      1,
      2,
      1,
      3,
      2,
      3,
      5,
      4,
      3,
      4,
      5
    ],
    [
      3,
      2,
      0,
      1,
      2,
      3,
      1,
      2,
      3,
      3,
      2,
      3,
      4,
      5
    ],
    [
      2,
      1,
      1,
      0,
      1,
      2,
      2,
      1,
      2,
      4,
      3,
      2,
      3,
      4
    ],
    [
      3,
      2,
      2,
      1,
      0,
      3,
      3,
      2,
      1,
      5,
      4,
      3,
      2,
      3
    ],
    [
      2,
      1,
      3,
      2,
      3,
      0,
      2,
      1,
      2,
      4,
      3,
      2,
      3,
      4
    ],
    [
      4,
      3,
      1,
      2,
      3,
      2,
      0,
      1,
      2,
      2,
      1,
      2,
      3,
      4
    ],
    [
      3,
      2,
      2,
      1,
      2,
      1,
      1,
      0,
      1,
      3,
      2,
      1,
      2,
      3
    ],
    [
      4,
      3,
      3,
      2,
      1,
      2,
      2,
      1,
      0,
      4,
      3,
      2,
      1,
      2
    ],
    [
      6,
      5,
      3,
      4,
      5,
      4,
      2,
      3,
      4,
      0,
      1,
      2,
      3,
      4
    ],
    [
      5,
      4,
      2,
      3,
      4,
      3,
      1,
      2,
      3,
      1,
      0,
      1,
      2,
      3
    ],
    [
      4,
      3,
      3,
      2,
      3,
      2,
      2,
      1,
      2,
      2,
      1,
      0,
      1,
      2
    ],
    [
      5,
      4,
      4,
      3,
      2,
      3,
      3,
      2,
      1,
      3,
      2,
      1,
      0,
      1
    ],
    [
      6,
      5,
      5,
      4,
      3,
      4,
      4,
      3,
      2,
      4,
      3,
      2,
      1,
      0
    ]
  ]
}