{
  "n_max": 3,
  "construction": "weyl_only_truthful_CH_for_R3_5_comparison",
  "dim_H_Weyl": 20,
  "dim_O_Weyl": 55,
  "wall_time_seconds": 51.35700583457947,
  "n_pairs_total": 190,
  "n_pairs_inf": 156,
  "n_pairs_zero_forced": 10,
  "n_pairs_finite_nz": 24,
  "finite_range": [
    0.3469443327253714,
    0.7328310072121587
  ],
  "pearson_nz_vs_graph": -0.46789922701801345,
  "spearman_nz_vs_graph": -0.5208817806924756,
  "labels": [
    "|1,0,-1/2>",
    "|1,0,+1/2>",
    "|2,0,-1/2>",
    "|2,0,+1/2>",
    "|2,1,-3/2>",
    "|2,1,-1/2>",
    "|2,1,+1/2>",
    "|2,1,+3/2>",
    "|3,0,-1/2>",
    "|3,0,+1/2>",
    "|3,1,-3/2>",
    "|3,1,-1/2>",
    "|3,1,+1/2>",
    "|3,1,+3/2>",
    "|3,2,-5/2>",
    "|3,2,-3/2>",
    "|3,2,-1/2>",
    "|3,2,+1/2>",
    "|3,2,+3/2>",
    "|3,2,+5/2>"
  ],
  "distance_matrix": [
    [
      0.0,
      0.0,
      0.50000221,
      0.50000221,
      0.34694433,
      0.34694433,
      0.34694433,
      0.34694433,
      "inf",
      "inf",
      "inf",
      "inf",
      "inf",
      "inf",
      "inf",
      "inf",
      "inf",
      "inf",
      "inf",
      "inf"
    ],
    [
      0.0,
      0.0,
      0.50000221,
      0.50000221,
      0.34694433,
      0.34694433,
      0.34694433,
      0.34694433,
      "inf",
      "inf",
      "inf",
      "inf",
      "inf",
      "inf",
      "inf",
      "inf",
      "inf",
      "inf",
      "inf",
      "inf"
    ],
    [
      0.50000221,
      0.50000221,
      0.0,
      0.0,
      0.73283101,
      0.73283101,
      0.73283101,
      0.73283101,
      "inf",
      "inf",
      "inf",
      "inf",
      "inf",
      "inf",
      "inf",
      "inf",
      "inf",
      "inf",
      "inf",
      "inf"
    ],
    [
      0.50000221,
      0.50000221,
      0.0,
      0.0,
      0.73283101,
      0.73283101,
      0.73283101,
      0.73283101,
      "inf",
      "inf",
      "inf",
      "inf",
      "inf",
      "inf",
      "inf",
      "inf",
      "inf",
      "inf",
      "inf",
      "inf"
    ],
    [
      0.34694433,
      0.34694433,
      0.73283101,
      0.73283101,
      0.0,
      0.60858059,
      0.60858059,
      0.0,
      "inf",
      "inf",
      "inf",
      "inf",
      "inf",
      "inf",
      "inf",
      "inf",
      "inf",
      "inf",
      "inf",
      "inf"
    ],
    [
      0.34694433,
      0.34694433,
      0.73283101,
      0.73283101,
      0.60858059,
      0.0,
      0.0,
      0.60858059,
      "inf",
      "inf",
      "inf",
      "inf",
      "inf",
      "inf",
      "inf",
      "inf",
      "inf",
      "inf",
      "inf",
      "inf"
    ],
    [
      0.34694433,
      0.34694433,
      0.73283101,
      0.73283101,
      0.60858059,
      0.0,
      0.0,
      0.60858059,
      "inf",
      "inf",
      "inf",
      "inf",
      "inf",
      "inf",
      "inf",
      "inf",
      "inf",
      "inf",
      "inf",
      "inf"
    ],
    [
      0.34694433,
      0.34694433,
      0.73283101,
      0.73283101,
      0.0,
      0.60858059,
      0.60858059,
      0.0,
      "inf",
      "inf",
      "inf",
      "inf",
      "inf",
      "inf",
      "inf",
      "inf",
      "inf",
      "inf",
      "inf",
      "inf"
    ],
    [
      "inf",
      "inf",
      "inf",
      "inf",
      "inf",
      "inf",
      "inf",
      "inf",
      0.0,
      0.0,
      "inf",
      "inf",
      "inf",
      "inf",
      "inf",
      "inf",
      "inf",
      "inf",
      "inf",
      "inf"
    ],
    [
      "inf",
      "inf",
      "inf",
      "inf",
      "inf",
      "inf",
      "inf",
      "inf",
      0.0,
      0.0,
      "inf",
      "inf",
      "inf",
      "inf",
      "inf",
      "inf",
      "inf",
      "inf",
      "inf",
      "inf"
    ],
    [
      "inf",
      "inf",
      "inf",
      "inf",
      "inf",
      "inf",
      "inf",
      "inf",
      "inf",
      "inf",
      0.0,
      "inf",
      "inf",
      0.0,
      "inf",
      "inf",
      "inf",
      "inf",
      "inf",
      "inf"
    ],
    [
      "inf",
      "inf",
      "inf",
      "inf",
      "inf",
      "inf",
      "inf",
      "inf",
      "inf",
      "inf",
      "inf",
      0.0,
      0.0,
      "inf",
      "inf",
      "inf",
      "inf",
      "inf",
      "inf",
      "inf"
    ],
    [
      "inf",
      "inf",
      "inf",
      "inf",
      "inf",
      "inf",
      "inf",
      "inf",
      "inf",
      "inf",
      "inf",
      0.0,
      0.0,
      "inf",
      "inf",
      "inf",
      "inf",
      "inf",
      "inf",
      "inf"
    ],
    [
      "inf",
      "inf",
      "inf",
      "inf",
      "inf",
      "inf",
      "inf",
      "inf",
      "inf",
      "inf",
      0.0,
      "inf",
      "inf",
      0.0,
      "inf",
      "inf",
      "inf",
      "inf",
      "inf",
      "inf"
    ],
    [
      "inf",
      "inf",
      "inf",
      "inf",
      "inf",
      "inf",
      "inf",
      "inf",
      "inf",
      "inf",
      "inf",
      "inf",
      "inf",
      "inf",
      0.0,
      "inf",
      "inf",
      "inf",
      "inf",
      0.0
    ],
    [
      "inf",
      "inf",
      "inf",
      "inf",
      "inf",
      "inf",
      "inf",
      "inf",
      "inf",
      "inf",
      "inf",
      "inf",
      "inf",
      "inf",
      "inf",
      0.0,
      "inf",
      "inf",
      0.0,
      "inf"
    ],
    [
      "inf",
      "inf",
      "inf",
      "inf",
      "inf",
      "inf",
      "inf",
      "inf",
      "inf",
      "inf",
      "inf",
      "inf",
      "inf",
      "inf",
      "inf",
      "inf",
      0.0,
      0.0,
      "inf",
      "inf"
    ],
    [
      "inf",
      "inf",
      "inf",
      "inf",
      "inf",
      "inf",
      "inf",
      "inf",
      "inf",
      "inf",
      "inf",
      "inf",
      "inf",
      "inf",
      "inf",
      "inf",
      0.0,
      0.0,
      "inf",
      "inf"
    ],
    [
      "inf",
      "inf",
      "inf",
      "inf",
      "inf",
      "inf",
      "inf",
      "inf",
      "inf",
      "inf",
      "inf",
      "inf",
      "inf",
      "inf",
      "inf",
      0.0,
      "inf",
      "inf",
      0.0,
      "inf"
    ],
    [
      "inf",
      "inf",
      "inf",
      "inf",
      "inf",
      "inf",
      "inf",
      "inf",
      "inf",
      "inf",
      "inf",
      "inf",
      "inf",
      "inf",
      0.0,
      "inf",
      "inf",
      "inf",
      "inf",
      0.0
    ]
  ]
}