{
  "n_max": 2,
  "dim_H": 5,
  "dim_O": 14,
  "kernel_dim": 1,
  "labels": [
    "|1,0,+0>",
    "|2,0,+0>",
    "|2,1,-1>",
    "|2,1,+0>",
    "|2,1,+1>"
  ],
  "connes_distance": [
    [
      0.0,
      58.31143760829028,
      87.1750585189139,
      1.2717056173291859,
      87.1750585189139
    ],
    [
      58.31143760829028,
      0.0,
      28.867331282543617,
      57.734662505243676,
      28.867331282543617
    ],
    [
      87.1750585189139,
      28.867331282543617,
      0.0,
      86.60199403546346,
      0.0
    ],
    [
      1.2717056173291859,
      57.734662505243676,
      86.60199403546346,
      0.0,
      86.60199403546346
    ],
    [
      87.1750585189139,
      28.867331282543617,
      0.0,
      86.60199403546346,
      0.0
    ]
  ],
  "graph_distance": [
    [
      0,
      1,
      3,
      2,
      3
    ],
    [
      1,
      0,
      2,
      1,
      2
    ],
    [
      3,
      2,
      0,
      1,
      2
    ],
    [
      2,
      1,
      1,
      0,
      1
    ],
    [
      3,
      2,
      2,
      1,
      0
    ]
  ]
}