{
  "n_max": 3,
  "dirac_mode": "ch_plus_offdiag",
  "dim_H": 20,
  "op_sys_dim": 55,
  "labels": [
    "|1,0,-1/2>",
    "|1,0,+1/2>",
    "|2,0,-1/2>",
    "|2,0,+1/2>",
    "|2,1,-3/2>",
    "|2,1,-1/2>",
    "|2,1,+1/2>",
    "|2,1,+3/2>",
    "|3,0,-1/2>",
    "|3,0,+1/2>",
    "|3,1,-3/2>",
    "|3,1,-1/2>",
    "|3,1,+1/2>",
    "|3,1,+3/2>",
    "|3,2,-5/2>",
    "|3,2,-3/2>",
    "|3,2,-1/2>",
    "|3,2,+1/2>",
    "|3,2,+3/2>",
    "|3,2,+5/2>"
  ],
  "distance_matrix": [
    [
      0.0,
      0.0,
      0.43165685464512166,
      0.43165685464512166,
      0.24247136115919335,
      0.3104145299086859,
      0.3104145299086859,
      0.24247136115919335,
      1.1661811519641376,
      1.1661811519641376,
      1.1436341942685175,
      1.1349171182706088,
      1.1349171182706088,
      1.1436341942685175,
      0.4922276753323445,
      0.9458897322431102,
      0.8328829828749902,
      0.8328829828749902,
      0.9458897322431102,
      0.4922276753323445
    ],
    [
      0.0,
      0.0,
      0.43165685464512166,
      0.43165685464512166,
      0.24247136115919335,
      0.3104145299086859,
      0.3104145299086859,
      0.24247136115919335,
      1.1661811519641376,
      1.1661811519641376,
      1.1436341942685175,
      1.1349171182706088,
      1.1349171182706088,
      1.1436341942685175,
      0.4922276753323445,
      0.9458897322431102,
      0.8328829828749902,
      0.8328829828749902,
      0.9458897322431102,
      0.4922276753323445
    ],
    [
      0.43165685464512166,
      0.43165685464512166,
      0.0,
      0.0,
      0.5598180045849807,
      0.6858648276631369,
      0.6858648276631369,
      0.5598180045849807,
      1.4308278476755656,
      1.4308278476755656,
      0.7655969836259744,
      0.8362298690161674,
      0.8362298690161674,
      0.7655969836259744,
      0.8048143078663734,
      1.3544661823859876,
      1.0764268771987604,
      1.0764268771987604,
      1.3544661823859876,
      0.8048143078663734
    ],
    [
      0.43165685464512166,
      0.43165685464512166,
      0.0,
      0.0,
      0.5598180045849807,
      0.6858648276631369,
      0.6858648276631369,
      0.5598180045849807,
      1.4308278476755656,
      1.4308278476755656,
      0.7655969836259744,
      0.8362298690161674,
      0.8362298690161674,
      0.7655969836259744,
      0.8048143078663734,
      1.3544661823859876,
      1.0764268771987604,
      1.0764268771987604,
      1.3544661823859876,
      0.8048143078663734
    ],
    [
      0.24247136115919335,
      0.24247136115919335,
      0.5598180045849807,
      0.5598180045849807,
      0.0,
      0.46472093437036255,
      0.46472093437036255,
      0.0,
      1.2855471655912238,
      1.2855471655912238,
      1.2032914968834694,
      1.2173932027948229,
      1.2173932027948229,
      1.2032914968834694,
      0.2976529944054933,
      0.9522961087995203,
      1.02422056119068,
      1.02422056119068,
      0.9522961087995203,
      0.2976529944054933
    ],
    [
      0.3104145299086859,
      0.3104145299086859,
      0.6858648276631369,
      0.6858648276631369,
      0.46472093437036255,
      0.0,
      0.0,
      0.46472093437036255,
      0.9606854644793988,
      0.9606854644793988,
      1.367202258522468,
      1.3674484792762094,
      1.3674484792762094,
      1.367202258522468,
      0.6862251000696793,
      0.8631126318974915,
      0.7095147569070768,
      0.7095147569070768,
      0.8631126318974915,
      0.6862251000696793
    ],
    [
      0.3104145299086859,
      0.3104145299086859,
      0.6858648276631369,
      0.6858648276631369,
      0.46472093437036255,
      0.0,
      0.0,
      0.46472093437036255,
      0.9606854644793988,
      0.9606854644793988,
      1.367202258522468,
      1.3674484792762094,
      1.3674484792762094,
      1.367202258522468,
      0.6862251000696793,
      0.8631126318974915,
      0.7095147569070768,
      0.7095147569070768,
      0.8631126318974915,
      0.6862251000696793
    ],
    [
      0.24247136115919335,
      0.24247136115919335,
      0.5598180045849807,
      0.5598180045849807,
      0.0,
      0.46472093437036255,
      0.46472093437036255,
      0.0,
      1.2855471655912238,
      1.2855471655912238,
      1.2032914968834694,
      1.2173932027948229,
      1.2173932027948229,
      1.2032914968834694,
      0.2976529944054933,
      0.9522961087995203,
      1.02422056119068,
      1.02422056119068,
      0.9522961087995203,
      0.2976529944054933
    ],
    [
      1.1661811519641376,
      1.1661811519641376,
      1.4308278476755656,
      1.4308278476755656,
      1.2855471655912238,
      0.9606854644793988,
      0.9606854644793988,
      1.2855471655912238,
      0.0,
      0.0,
      2.0036419086058888,
      2.1626896695167903,
      2.1626896695167903,
      2.0036419086058888,
      1.3042049824111925,
      1.3583503612233025,
      0.8905954382170509,
      0.8905954382170509,
      1.3583503612233025,
      1.3042049824111925
    ],
    [
      1.1661811519641376,
      1.1661811519641376,
      1.4308278476755656,
      1.4308278476755656,
      1.2855471655912238,
      0.9606854644793988,
      0.9606854644793988,
      1.2855471655912238,
      0.0,
      0.0,
      2.0036419086058888,
      2.1626896695167903,
      2.1626896695167903,
      2.0036419086058888,
      1.3042049824111925,
      1.3583503612233025,
      0.8905954382170509,
      0.8905954382170509,
      1.3583503612233025,
      1.3042049824111925
    ],
    [
      1.1436341942685175,
      1.1436341942685175,
      0.7655969836259744,
      0.7655969836259744,
      1.2032914968834694,
      1.367202258522468,
      1.367202258522468,
      1.2032914968834694,
      2.0036419086058888,
      2.0036419086058888,
      0.0,
      1.2919443650042335,
      1.2919443650042335,
      0.0,
      1.3519352889194631,
      1.9664023918730538,
      1.4393831131536574,
      1.4393831131536574,
      1.9664023918730538,
      1.3519352889194631
    ],
    [
      1.1349171182706088,
      1.1349171182706088,
      0.8362298690161674,
      0.8362298690161674,
      1.2173932027948229,
      1.3674484792762094,
      1.3674484792762094,
      1.2173932027948229,
      2.1626896695167903,
      2.1626896695167903,
      1.2919443650042335,
      0.0,
      0.0,
      1.2919443650042335,
      1.402785468808526,
      1.6967279984138053,
      1.814455937421518,
      1.814455937421518,
      1.6967279984138053,
      1.402785468808526
    ],
    [
      1.1349171182706088,
      1.1349171182706088,
      0.8362298690161674,
      0.8362298690161674,
      1.2173932027948229,
      1.3674484792762094,
      1.3674484792762094,
      1.2173932027948229,
      2.1626896695167903,
      2.1626896695167903,
      1.2919443650042335,
      0.0,
      0.0,
      1.2919443650042335,
      1.402785468808526,
      1.6967279984138053,
      1.814455937421518,
      1.814455937421518,
      1.6967279984138053,
      1.402785468808526
    ],
    [
      1.1436341942685175,
      1.1436341942685175,
      0.7655969836259744,
      0.7655969836259744,
      1.2032914968834694,
      1.367202258522468,
      1.367202258522468,
      1.2032914968834694,
      2.0036419086058888,
      2.0036419086058888,
      0.0,
      1.2919443650042335,
      1.2919443650042335,
      0.0,
      1.3519352889194631,
      1.9664023918730538,
      1.4393831131536574,
      1.4393831131536574,
      1.9664023918730538,
      1.3519352889194631
    ],
    [
      0.4922276753323445,
      0.4922276753323445,
      0.8048143078663734,
      0.8048143078663734,
      0.2976529944054933,
      0.6862251000696793,
      0.6862251000696793,
      0.2976529944054933,
      1.3042049824111925,
      1.3042049824111925,
      1.3519352889194631,
      1.402785468808526,
      1.402785468808526,
      1.3519352889194631,
      0.0,
      1.1002604795886886,
      1.0422153416580864,
      1.0422153416580864,
      1.1002604795886886,
