{
  "n_max": 2,
  "dirac_mode": "ch_plus_offdiag",
  "dim_H": 8,
  "op_sys_dim": 14,
  "labels": [
    "|1,0,-1/2>",
    "|1,0,+1/2>",
    "|2,0,-1/2>",
    "|2,0,+1/2>",
    "|2,1,-3/2>",
    "|2,1,-1/2>",
    "|2,1,+1/2>",
    "|2,1,+3/2>"
  ],
  "distance_matrix": [
    [
      0.0,
      0.0,
      2.7840831332980276,
      2.7840831332980276,
      0.9999879018997055,
      0.9781546224686781,
      0.9781546224686781,
      0.9999879018997055
    ],
    [
      0.0,
      0.0,
      2.7840831332980276,
      2.7840831332980276,
      0.9999879018997055,
      0.9781546224686781,
      0.9781546224686781,
      0.9999879018997055
    ],
    [
      2.7840831332980276,
      2.7840831332980276,
      0.0,
      0.0,
      3.696216367772533,
      3.744512739989144,
      3.744512739989144,
      3.696216367772533
    ],
    [
      2.7840831332980276,
      2.7840831332980276,
      0.0,
      0.0,
      3.696216367772533,
      3.744512739989144,
      3.744512739989144,
      3.696216367772533
    ],
    [
      0.9999879018997055,
      0.9999879018997055,
      3.696216367772533,
      3.696216367772533,
      0.0,
      1.3268391773600845,
      1.3268391773600845,
      0.0
    ],
    [
      0.9781546224686781,
      0.9781546224686781,
      3.744512739989144,
      3.744512739989144,
      1.3268391773600845,
      0.0,
      0.0,
      1.3268391773600845
    ],
    [
      0.9781546224686781,
      0.9781546224686781,
      3.744512739989144,
      3.744512739989144,
      1.3268391773600845,
      0.0,
      0.0,
      1.3268391773600845
    ],
    [
      0.9999879018997055,
      0.9999879018997055,
      3.696216367772533,
      3.696216367772533,
      0.0,
      1.3268391773600845,
      1.3268391773600845,
      0.0
    ]
  ],
  "graph_distance_matrix": [
    [
      0,
      1,
      1,
      2,
      3,
      2,
      3,
      4
    ],
    [
      1,
      0,
      2,
      1,
      4,
      3,
      2,
      3
    ],
    [
      1,
      2,
      0,
      1,
      2,
      1,
      2,
      3
    ],
    [
      2,
      1,
      1,
      0,
      3,
      2,
      1,
      2
    ],
    [
      3,
      4,
      2,
      3,
      0,
      1,
      2,
      3
    ],
    [
      2,
      3,
      1,
      2,
      1,
      0,
      1,
      2
    ],
    [
      3,
      2,
      2,
      1,
      2,
      1,
      0,
      1
    ],
    [
      4,
      3,
      3,
      2,
      3,
      2,
      1,
      0
    ]
  ],
  "forced_zeros_count": 4,
  "infty_pairs_count": 0,
  "finite_nonzero_count": 24,
  "forced_zeros": [
    {
      "v": "|1,0,-1/2>",
      "w": "|1,0,+1/2>",
      "d_graph": 1
    },
    {
      "v": "|2,0,-1/2>",
      "w": "|2,0,+1/2>",
      "d_graph": 1
    },
    {
      "v": "|2,1,-3/2>",
      "w": "|2,1,+3/2>",
      "d_graph": 3
    },
    {
      "v": "|2,1,-1/2>",
      "w": "|2,1,+1/2>",
      "d_graph": 1
    }
  ],
  "infty_pairs": [],
  "finite_pairs": [
    {
      "v": "|1,0,-1/2>",
      "w": "|2,0,-1/2>",
      "d_graph": 1,
      "d": 2.7840831332980276
    },
    {
      "v": "|1,0,-1/2>",
      "w": "|2,0,+1/2>",
      "d_graph": 2,
      "d": 2.7840831332980276
    },
    {
      "v": "|1,0,-1/2>",
      "w": "|2,1,-3/2>",
      "d_graph": 3,
      "d": 0.9999879018997055
    },
    {
      "v": "|1,0,-1/2>",
      "w": "|2,1,-1/2>",
      "d_graph": 2,
      "d": 0.9781546224686781
    },
    {
      "v": "|1,0,-1/2>",
      "w": "|2,1,+1/2>",
      "d_graph": 3,
      "d": 0.9781546224686781
    },
    {
      "v": "|1,0,-1/2>",
      "w": "|2,1,+3/2>",
      "d_graph": 4,
      "d": 0.9999879018997055
    },
    {
      "v": "|1,0,+1/2>",
      "w": "|2,0,-1/2>",
      "d_graph": 2,
      "d": 2.7840831332980276
    },
    {
      "v": "|1,0,+1/2>",
      "w": "|2,0,+1/2>",
      "d_graph": 1,
      "d": 2.7840831332980276
    },
    {
      "v": "|1,0,+1/2>",
      "w": "|2,1,-3/2>",
      "d_graph": 4,
      "d": 0.9999879018997055
    },
    {
      "v": "|1,0,+1/2>",
      "w": "|2,1,-1/2>",
      "d_graph": 3,
      "d": 0.9781546224686781
    },
    {
      "v": "|1,0,+1/2>",
      "w": "|2,1,+1/2>",
      "d_graph": 2,
      "d": 0.9781546224686781
    },
    {
      "v": "|1,0,+1/2>",
      "w": "|2,1,+3/2>",
      "d_graph": 3,
      "d": 0.9999879018997055
    },
    {
      "v": "|2,0,-1/2>",
      "w": "|2,1,-3/2>",
      "d_graph": 2,
      "d": 3.696216367772533
    },
    {
      "v": "|2,0,-1/2>",
      "w": "|2,1,-1/2>",
      "d_graph": 1,
      "d": 3.744512739989144
    },
    {
      "v": "|2,0,-1/2>",
      "w": "|2,1,+1/2>",
      "d_graph": 2,
      "d": 3.744512739989144
    },
    {
      "v": "|2,0,-1/2>",
      "w": "|2,1,+3/2>",
      "d_graph": 3,
      "d": 3.696216367772533
    },
    {
      "v": "|2,0,+1/2>",
      "w": "|2,1,-3/2>",
      "d_graph": 3,
      "d": 3.696216367772533
    },
    {
      "v": "|2,0,+1/2>",
      "w": "|2,1,-1/2>",
      "d_graph": 2,
      "d": 3.744512739989144
    },
    {
      "v": "|2,0,+1/2>",
      "w": "|2,1,+1/2>",
      "d_graph": 1,
      "d": 3.744512739989144
    },
    {
      "v": "|2,0,+1/2>",
      "w": "|2,1,+3/2>",
      "d_graph": 2,
      "d": 3.696216367772533
    },
    {
      "v": "|2,1,-3/2>",
      "w": "|2,1,-1/2>",
      "d_graph": 1,
      "d": 1.3268391773600845
    },
    {
      "v": "|2,1,-3/2>",
      "w": "|2,1,+1/2>",
      "d_graph": 2,
      "d": 1.3268391773600845
    },
    {
      "v": "|2,1,-1/2>",
      "w": "|2,1,+3/2>",
      "d_graph": 2,
      "d": 1.3268391773600845
    },
    {
      "v": "|2,1,+1/2>",
      "w": "|2,1,+3/2>",
      "d_graph": 1,
      "d": 1.3268391773600845
    }
  ],
  "nonzero_range": [
    0.9781546224686781,
    3.744512739989144
  ],
  "correlation_nz": {
    "pearson": -0.3629058343072937,
    "spearman": -0.43158776114519415
  },
  "sdp_time_seconds": 5.1587018966674805
}