{
  "n_max": 3,
  "labels": [
    "|1,0,+0>",
    "|2,0,+0>",
    "|2,1,-1>",
    "|2,1,+0>",
    "|2,1,+1>",
    "|3,0,+0>",
    "|3,1,-1>",
    "|3,1,+0>",
    "|3,1,+1>",
    "|3,2,-2>",
    "|3,2,-1>",
    "|3,2,+0>",
    "|3,2,+1>",
    "|3,2,+2>"
  ],
  "avery_distance_matrix": [
    [
      0.0,
      0.5715792938214673,
      0.28188291843737134,
      0.4706697620298426,
      0.28188291843737134,
      1.5406491586928805,
      1.3423584261764048,
      1.7198966627007004,
      1.3423584261764048,
      0.5106135961567718,
      1.1272114679961172,
      1.5146120573595487,
      1.1272114679961172,
      0.5106135961567718
    ],
    [
      0.5715792938214673,
      0.0,
      0.785085029140752,
      0.8698308950485265,
      0.785085029140752,
      1.7717223589557516,
      0.9168476799881449,
      1.2669542102613094,
      0.9168476799881449,
      1.0096148008073247,
      1.6618514098103883,
      1.5564146040204871,
      1.6618514098103883,
      1.0096148008073247
    ],
    [
      0.28188291843737134,
      0.785085029140752,
      0.0,
      0.6409476309959521,
      0.0,
      1.621786231925927,
      1.4276670207645021,
      1.8898294245855334,
      1.4276670207645021,
      0.27964047249494894,
      1.0288691938300794,
      1.7074537264961822,
      1.0288691938300794,
      0.27964047249494894
    ],
    [
      0.4706697620298426,
      0.8698308950485265,
      0.6409476309959521,
      0.0,
      0.6409476309959521,
      1.2148305204910543,
      1.6835315360394618,
      2.0010337496166426,
      1.6835315360394618,
      0.7852634887658717,
      1.0161055823521465,
      1.4787026734405457,
      1.0161055823521465,
      0.7852634887658717
    ],
    [
      0.28188291843737134,
      0.785085029140752,
      0.0,
      0.6409476309959521,
      0.0,
      1.621786231925927,
      1.4276670207645021,
      1.8898294245855334,
      1.4276670207645021,
      0.27964047249494894,
      1.0288691938300794,
      1.7074537264961822,
      1.0288691938300794,
      0.27964047249494894
    ],
    [
      1.5406491586928805,
      1.7717223589557516,
      1.621786231925927,
      1.2148305204910543,
      1.621786231925927,
      0.0,
      2.422111419273677,
      2.973583697781587,
      2.422111419273677,
      1.640391285491524,
      1.4508623837412453,
      1.4174876265128378,
      1.4508623837412453,
      1.640391285491524
    ],
    [
      1.3423584261764048,
      0.9168476799881449,
      1.4276670207645021,
      1.6835315360394618,
      1.4276670207645021,
      2.422111419273677,
      0.0,
      2.1759974749826565,
      0.0,
      1.6242275942163773,
      2.290403926042996,
      1.7305091747420398,
      2.290403926042996,
      1.6242275942163773
    ],
    [
      1.7198966627007004,
      1.2669542102613094,
      1.8898294245855334,
      2.0010337496166426,
      1.8898294245855334,
      2.973583697781587,
      2.1759974749826565,
      0.0,
      2.1759974749826565,
      2.0131481963686917,
      2.4536021698612496,
      2.786164434687215,
      2.4536021698612496,
      2.0131481963686917
    ],
    [
      1.3423584261764048,
      0.9168476799881449,
      1.4276670207645021,
      1.6835315360394618,
      1.4276670207645021,
      2.422111419273677,
      0.0,
      2.1759974749826565,
      0.0,
      1.6242275942163773,
      2.290403926042996,
      1.7305091747420398,
      2.290403926042996,
      1.6242275942163773
    ],
    [
      0.5106135961567718,
      1.0096148008073247,
      0.27964047249494894,
      0.7852634887658717,
      0.27964047249494894,
      1.640391285491524,
      1.6242275942163773,
      2.0131481963686917,
      1.6242275942163773,
      0.0,
      1.0970886610487869,
      1.7731714197240471,
      1.0970886610487869,
      0.0
    ],
    [
      1.1272114679961172,
      1.6618514098103883,
      1.0288691938300794,
      1.0161055823521465,
      1.0288691938300794,
      1.4508623837412453,
      2.290403926042996,
      2.4536021698612496,
      2.290403926042996,
      1.0970886610487869,
      0.0,
      2.465945158256233,
      0.0,
      1.0970886610487869
    ],
    [
      1.5146120573595487,
      1.5564146040204871,
      1.7074537264961822,
      1.4787026734405457,
      1.7074537264961822,
      1.4174876265128378,
      1.7305091747420398,
      2.786164434687215,
      1.7305091747420398,
      1.7731714197240471,
      2.465945158256233,
      0.0,
      2.465945158256233,
      1.7731714197240471
    ],
    [
      1.1272114679961172,
      1.6618514098103883,
      1.0288691938300794,
      1.0161055823521465,
      1.0288691938300794,
      1.4508623837412453,
      2.290403926042996,
      2.4536021698612496,
      2.290403926042996,
      1.0970886610487869,
      0.0,
      2.465945158256233,
      0.0,
      1.0970886610487869
    ],
    [
      0.5106135961567718,
      1.0096148008073247,
      0.27964047249494894,
      0.7852634887658717,
      0.27964047249494894,
      1.640391285491524,
      1.6242275942163773,
      2.0131481963686917,
      1.6242275942163773,
      0.0,
      1.0970886610487869,
      1.7731714197240471,
      1.0970886610487869,
      0.0
    ]
  ],
  "graph_distance_matrix": [
    [
      0,
      1,
      3,
      2,
      3,
      2,
      4,
      3,
      4,
      6,
      5,
      4,
      5,
      6
    ],
    [
      1,
      0,
      2,
      1,
      2,
      1,
      3,
      2,
      3,
      5,
      4,
      3,
      4,
      5
    ],
    [
      3,
      2,
      0,
      1,
      2,
      3,
      1,
      2,
      3,
      3,
      2,
      3,
      4,
      5
    ],
    [
      2,
      1,
      1,
      0,
      1,
      2,
      2,
      1,
      2,
      4,
      3,
      2,
      3,
      4
    ],
    [
      3,
      2,
      2,
      1,
      0,
      3,
      3,
      2,
      1,
      5,
      4,
      3,
      2,
      3
    ],
    [
      2,
      1,
      3,
      2,
      3,
      0,
      2,
      1,
      2,
      4,
      3,
      2,
      3,
      4
    ],
    [
      4,
      3,
      1,
      2,
      3,
      2,
      0,
      1,
      2,
      2,
      1,
      2,
      3,
      4
    ],
    [
      3,
      2,
      2,
      1,
      2,
      1,
      1,
      0,
      1,
      3,
      2,
      1,
      2,
      3
    ],
    [
      4,
      3,
      3,
      2,
      1,
      2,
      2,
      1,
      0,
      4,
      3,
      2,
      1,
      2
    ],
    [
      6,
      5,
      3,
      4,
      5,
      4,
      2,
      3,
      4,
      0,
      1,
      2,
      3,
      4
    ],
    [
      5,
      4,
      2,
      3,
      4,
      3,
      1,
      2,
      3,
      1,
      0,
      1,
      2,
      3
    ],
    [
      4,
      3,
      3,
      2,
      3,
      2,
      2,
      1,
      2,
      2,
      1,
      0,
      1,
      2
    ],
    [
      5,
      4,
      4,
      3,
      2,
      3,
      3,
      2,
      1,
      3,
      2,
      1,
      0,
      1
    ],
    [
      6,
      5,
      5,
      4,
      3,
      4,
      4,
      3,
      2,
      4,
      3,
      2,
      1,
      0
    ]
  ],
  "forced_zeros": [
    {
      "v": "|2,1,-1>",
      "w": "|2,1,+1>",
      "d_graph": 2
    },
    {
      "v": "|3,1,-1>",
      "w": "|3,1,+1>",
      "d_graph": 2
    },
    {
      "v": "|3,2,-2>",
      "w": "|3,2,+2>",
      "d_graph": 4
    },
    {
      "v": "|3,2,-1>",
      "w": "|3,2,+1>",
      "d_graph": 2
    }
  ],
  "nonzero_range": [
    0.27964047249494894,
    2.973583697781587
  ],
  "correlation": {
    "pearson_all": -0.3553241508126309,
    "spearman_all": -0.33321275377870874,
    "pearson_nz": -0.41101378508190173,
    "spearman_nz": -0.3709609038323863
  },
  "compute_time_seconds": 92.02532601356506
}