{
  "n_max": 2,
  "construction": "full_dirac_offdiag_CH",
  "diag_lifters": [
    1.0,
    0.1,
    0.005
  ],
  "offdiag_alpha": 1.0,
  "chirality_coupling": 1.0,
  "dim_H_full": 16,
  "dim_O_full": 14,
  "num_multipliers": 14,
  "wall_time_seconds": 82.47550845146179,
  "n_pairs_total": 120,
  "n_pairs_inf": 0,
  "n_pairs_zero_forced": 24,
  "n_pairs_finite_nz": 96,
  "finite_range": [
    0.37983999135794855,
    1.669006105000779
  ],
  "pearson_nz_vs_graph": -0.29705421316934133,
  "spearman_nz_vs_graph": -0.27546362816371417,
  "labels": [
    "|1,0,-1/2,+>",
    "|1,0,+1/2,+>",
    "|2,0,-1/2,+>",
    "|2,0,+1/2,+>",
    "|2,1,-3/2,+>",
    "|2,1,-1/2,+>",
    "|2,1,+1/2,+>",
    "|2,1,+3/2,+>",
    "|1,0,-1/2,->",
    "|1,0,+1/2,->",
    "|2,0,-1/2,->",
    "|2,0,+1/2,->",
    "|2,1,-3/2,->",
    "|2,1,-1/2,->",
    "|2,1,+1/2,->",
    "|2,1,+3/2,->"
  ],
  "distance_matrix": [
    [
      0.0,
      0.0,
      1.21391847,
      1.21391847,
      0.50000182,
      0.37983999,
      0.37983999,
      0.50000182,
      0.0,
      0.0,
      1.21391847,
      1.21391847,
      0.50000182,
      0.37983999,
      0.37983999,
      0.50000182
    ],
    [
      0.0,
      0.0,
      1.21391847,
      1.21391847,
      0.50000182,
      0.37983999,
      0.37983999,
      0.50000182,
      0.0,
      0.0,
      1.21391847,
      1.21391847,
      0.50000182,
      0.37983999,
      0.37983999,
      0.50000182
    ],
    [
      1.21391847,
      1.21391847,
      0.0,
      0.0,
      1.66900611,
      1.58210261,
      1.58210261,
      1.66900611,
      1.21391847,
      1.21391847,
      0.0,
      0.0,
      1.66900611,
      1.58210261,
      1.58210261,
      1.66900611
    ],
    [
      1.21391847,
      1.21391847,
      0.0,
      0.0,
      1.66900611,
      1.58210261,
      1.58210261,
      1.66900611,
      1.21391847,
      1.21391847,
      0.0,
      0.0,
      1.66900611,
      1.58210261,
      1.58210261,
      1.66900611
    ],
    [
      0.50000182,
      0.50000182,
      1.66900611,
      1.66900611,
      0.0,
      0.64394644,
      0.64394644,
      0.0,
      0.50000182,
      0.50000182,
      1.66900611,
      1.66900611,
      0.0,
      0.64394644,
      0.64394644,
      0.0
    ],
    [
      0.37983999,
      0.37983999,
      1.58210261,
      1.58210261,
      0.64394644,
      0.0,
      0.0,
      0.64394644,
      0.37983999,
      0.37983999,
      1.58210261,
      1.58210261,
      0.64394644,
      0.0,
      0.0,
      0.64394644
    ],
    [
      0.37983999,
      0.37983999,
      1.58210261,
      1.58210261,
      0.64394644,
      0.0,
      0.0,
      0.64394644,
      0.37983999,
      0.37983999,
      1.58210261,
      1.58210261,
      0.64394644,
      0.0,
      0.0,
      0.64394644
    ],
    [
      0.50000182,
      0.50000182,
      1.66900611,
      1.66900611,
      0.0,
      0.64394644,
      0.64394644,
      0.0,
      0.50000182,
      0.50000182,
      1.66900611,
      1.66900611,
      0.0,
      0.64394644,
      0.64394644,
      0.0
    ],
    [
      0.0,
      0.0,
      1.21391847,
      1.21391847,
      0.50000182,
      0.37983999,
      0.37983999,
      0.50000182,
      0.0,
      0.0,
      1.21391847,
      1.21391847,
      0.50000182,
      0.37983999,
      0.37983999,
      0.50000182
    ],
    [
      0.0,
      0.0,
      1.21391847,
      1.21391847,
      0.50000182,
      0.37983999,
      0.37983999,
      0.50000182,
      0.0,
      0.0,
      1.21391847,
      1.21391847,
      0.50000182,
      0.37983999,
      0.37983999,
      0.50000182
    ],
    [
      1.21391847,
      1.21391847,
      0.0,
      0.0,
      1.66900611,
      1.58210261,
      1.58210261,
      1.66900611,
      1.21391847,
      1.21391847,
      0.0,
      0.0,
      1.66900611,
      1.58210261,
      1.58210261,
      1.66900611
    ],
    [
      1.21391847,
      1.21391847,
      0.0,
      0.0,
      1.66900611,
      1.58210261,
      1.58210261,
      1.66900611,
      1.21391847,
      1.21391847,
      0.0,
      0.0,
      1.66900611,
      1.58210261,
      1.58210261,
      1.66900611
    ],
    [
      0.50000182,
      0.50000182,
      1.66900611,
      1.66900611,
      0.0,
      0.64394644,
      0.64394644,
      0.0,
      0.50000182,
      0.50000182,
      1.66900611,
      1.66900611,
      0.0,
      0.64394644,
      0.64394644,
      0.0
    ],
    [
      0.37983999,
      0.37983999,
      1.58210261,
      1.58210261,
      0.64394644,
      0.0,
      0.0,
      0.64394644,
      0.37983999,
      0.37983999,
      1.58210261,
      1.58210261,
      0.64394644,
      0.0,
      0.0,
      0.64394644
    ],
    [
      0.37983999,
      0.37983999,
      1.58210261,
      1.58210261,
      0.64394644,
      0.0,
      0.0,
      0.64394644,
      0.37983999,
      0.37983999,
      1.58210261,
      1.58210261,
      0.64394644,
      0.0,
      0.0,
      0.64394644
    ],
    [
      0.50000182,
      0.50000182,
      1.66900611,
      1.66900611,
      0.0,
      0.64394644,
      0.64394644,
      0.0,
      0.50000182,
      0.50000182,
      1.66900611,
      1.66900611,
      0.0,
      0.64394644,
      0.64394644,
      0.0
    ]
  ]
}