{
 "A_single_mode": {
  "max_abs_err": 1.4210854715202004e-14,
  "n_cells": 36
 },
 "B_p45_control": {
  "max_L": 2.8283110335398292e-14
 },
 "C_kernel": {
  "const_L": 5.671972375938818e-14,
  "min_nonconst_L": 1.516057028609216
 },
 "D_lipschitz": {
  "Lip": 2.2771200135791574,
  "ratio_by_K": {
   "3": 0.7518562652776886,
   "4": 0.8278200121112855,
   "8": 0.9393403066213677,
   "16": 0.9817712830543892,
   "32": 0.9949887349442127
  },
  "monotone_to_1": true
 },
 "E_decompactification": {
  "L_by_T": {
   "1.0": 6.283185307179586,
   "2.0": 6.283185307179586,
   "4.0": 6.283185307179586,
   "8.0": 6.283185307179587,
   "16.0": 6.283185307179587
  },
  "max_dev_from_2pi": 8.881784197001252e-16
 }
}