{
  "sprint": "XCWG",
  "graph_family": "Dirac Rule B (Paper 29 RH-C)",
  "n_max_2": {
    "description": "Dirac-S^3 graph, rule B, n_max=2: V=10, E=20, max deg=5, min deg=2.",
    "V": 10,
    "E": 20,
    "beta_1_from_incidence": 11,
    "degree_sequence": [
      5,
      5,
      5,
      5,
      2,
      4,
      4,
      2,
      4,
      4
    ],
    "degree_distribution": {
      "5": 4,
      "2": 2,
      "4": 4
    },
    "kappa_block_sizes": {
      "-2": 4,
      "-1": 4,
      "1": 2
    },
    "hodge": {
      "kernel_dim_L0": 1,
      "kernel_dim_L1": 11,
      "nonzero_count_L0": 9,
      "nonzero_count_L1": 9,
      "shared_max_diff": 2.220446049250313e-15,
      "hodge_identity_passed": true,
      "nonzero_spec_L0": [
        1.438447187,
        2.298437881,
        4.0,
        4.0,
        4.0,
        5.0,
        5.0,
        5.561552813,
        8.701562119
      ],
      "nonzero_spec_L1": [
        1.438447187,
        2.298437881,
        4.0,
        4.0,
        4.0,
        5.0,
        5.0,
        5.561552813,
        8.701562119
      ]
    },
    "plaquettes": {
      "L1_dim": 20,
      "plaquettes_by_length": {
        "4": 44,
        "6": 144,
        "8": 1412
      },
      "smallest_plaquette_length": 4
    },
    "L1_eigenvalues_sample": [
      -0.0,
      -0.0,
      -0.0,
      -0.0,
      -0.0,
      0.0,
      0.0,
      0.0,
      0.0,
      0.0,
      0.0,
      1.438447,
      2.298438,
      4.0,
      4.0,
      4.0,
      5.0,
      5.0,
      5.561553,
      8.701562
    ]
  },
  "n_max_3": {
    "description": "Dirac-S^3 graph, rule B, n_max=3: V=28, E=106, max deg=12, min deg=2.",
    "V": 28,
    "E": 106,
    "beta_1_from_incidence": 79,
    "degree_sequence": [
      5,
      5,
      10,
      10,
      8,
      12,
      12,
      8,
      9,
      9,
      10,
      10,
      7,
      10,
      10,
      7,
      7,
      7,
      2,
      4,
      6,
      6,
      4,
      2,
      6,
      10,
      10,
      6
    ],
    "degree_distribution": {
      "5": 2,
      "10": 8,
      "8": 2,
      "12": 2,
      "9": 2,
      "7": 4,
      "2": 2,
      "4": 2,
      "6": 4
    },
    "kappa_block_sizes": {
      "-3": 6,
      "-2": 8,
      "-1": 6,
      "1": 4,
      "2": 4
    },
    "hodge": {
      "kernel_dim_L0": 1,
      "kernel_dim_L1": 79,
      "nonzero_count_L0": 27,
      "nonzero_count_L1": 27,
      "shared_max_diff": 3.552713678800501e-14,
      "hodge_identity_passed": true,
      "nonzero_spec_L0": [
        1.40718951,
        1.846790704,
        3.044492472,
        3.68300318,
        4.351461625,
        4.60893611,
        4.880610351,
        5.227137152,
        5.517618606,
        6.228665807,
        7.138091098,
        7.402134121,
        7.488412311,
        8.037221159,
        8.429145486,
        8.725597626,
        9.252763166,
        10.0,
        10.0,
        10.0,
        10.0,
        10.344302867,
        10.453197723,
        11.580153494,
        11.799369376,
        12.480992975,
        18.072713083
      ],
      "nonzero_spec_L1": [
        1.40718951,
        1.846790704,
        3.044492472,
        3.68300318,
        4.351461625,
        4.60893611,
        4.880610351,
        5.227137152,
        5.517618606,
        6.228665807,
        7.138091098,
        7.402134121,
        7.488412311,
        8.037221159,
        8.429145486,
        8.725597626,
        9.252763166,
        10.0,
        10.0,
        10.0,
        10.0,
        10.344302867,
        10.453197723,
        11.580153494,
        11.799369376,
        12.480992975,
        18.072713083
      ]
    },
    "plaquettes": {
      "L1_dim": 106,
      "plaquettes_by_length": {
        "4": 994,
        "6": 27906
      },
      "smallest_plaquette_length": 4
    },
    "L1_eigenvalues_sample": [
      -0.0,
      -0.0,
      -0.0,
      -0.0,
      -0.0,
      -0.0,
      -0.0,
      -0.0,
      -0.0,
      -0.0,
      -0.0,
      -0.0,
      -0.0,
      -0.0,
      -0.0,
      -0.0,
      -0.0,
      -0.0,
      -0.0,
      -0.0
    ]
  }
}