{
  "timestamp": "2026-03-22 21:56:39",
  "systems": [
    {
      "label": "GeoVac He n=2",
      "type": "geovac",
      "Z": 2,
      "n_electrons": 2,
      "max_n": 2,
      "Q": 10,
      "n_pauli_terms": 120,
      "max_pauli_weight": 6,
      "eri_density": 0.104,
      "n_qwc_groups": 25,
      "groups_per_term": 0.20833333333333334,
      "one_norm": 11.294294780514722,
      "lambda_per_Q": 1.1294294780514722,
      "max_coefficient": 0.6072720455513437,
      "trotter_steps_eps3": 253,
      "trotter_steps_eps6": 7987,
      "time_lattice_s": 0.0,
      "time_encode_s": 0.02,
      "time_meas_s": 0.0,
      "time_total_s": 0.02
    },
    {
      "label": "GeoVac He n=3",
      "type": "geovac",
      "Z": 2,
      "n_electrons": 2,
      "max_n": 3,
      "Q": 28,
      "n_pauli_terms": 2659,
      "max_pauli_weight": 24,
      "eri_density": 0.03883798417326114,
      "n_qwc_groups": 791,
      "groups_per_term": 0.2974802557352388,
      "one_norm": 78.36076657061726,
      "lambda_per_Q": 2.7985988060934734,
      "max_coefficient": 13.436955190917562,
      "trotter_steps_eps3": 1753,
      "trotter_steps_eps6": 55410,
      "time_lattice_s": 0.01,
      "time_encode_s": 0.85,
      "time_meas_s": 0.09,
      "time_total_s": 0.94
    },
    {
      "label": "GeoVac He n=4",
      "type": "geovac",
      "Z": 2,
      "n_electrons": 2,
      "max_n": 4,
      "Q": 60,
      "n_pauli_terms": 31039,
      "max_pauli_weight": 54,
      "eri_density": 0.021017283950617284,
      "n_qwc_groups": 10199,
      "groups_per_term": 0.3285866168368826,
      "one_norm": 261.571025613842,
      "lambda_per_Q": 4.359517093564033,
      "max_coefficient": 47.24773380390106,
      "trotter_steps_eps3": 5849,
      "trotter_steps_eps6": 184959,
      "time_lattice_s": 0.05,
      "time_encode_s": 19.06,
      "time_meas_s": 21.3,
      "time_total_s": 40.45
    },
    {
      "label": "GeoVac He n=5",
      "type": "geovac",
      "Z": 2,
      "n_electrons": 2,
      "max_n": 5,
      "Q": 110,
      "n_pauli_terms": 227338,
      "max_pauli_weight": 104,
      "eri_density": 0.01339853835120552,
      "n_qwc_groups": null,
      "groups_per_term": null,
      "one_norm": 657.0653450918967,
      "lambda_per_Q": 5.973321319017242,
      "max_coefficient": 115.522394501113,
      "trotter_steps_eps3": 14693,
      "trotter_steps_eps6": 464616,
      "time_lattice_s": 0.38,
      "time_encode_s": 237.33,
      "time_meas_s": 0.0,
      "time_total_s": 238.12
    },
    {
      "label": "GeoVac H n=2",
      "type": "geovac",
      "Z": 1,
      "n_electrons": 1,
      "max_n": 2,
      "Q": 10,
      "n_pauli_terms": 120,
      "max_pauli_weight": 6,
      "eri_density": 0.104,
      "n_qwc_groups": 25,
      "groups_per_term": 0.20833333333333334,
      "one_norm": 7.834647390257365,
      "lambda_per_Q": 0.7834647390257364,
      "max_coefficient": 1.2602592396552343,
      "trotter_steps_eps3": 176,
      "trotter_steps_eps6": 5540,
      "time_lattice_s": 0.0,
      "time_encode_s": 0.02,
      "time_meas_s": 0.0,
      "time_total_s": 0.02
    },
    {
      "label": "GeoVac H n=3",
      "type": "geovac",
      "Z": 1,
      "n_electrons": 1,
      "max_n": 3,
      "Q": 28,
      "n_pauli_terms": 2659,
      "max_pauli_weight": 24,
      "eri_density": 0.03883798417326114,
      "n_qwc_groups": 789,
      "groups_per_term": 0.2967280932681459,
      "one_norm": 42.99288328530862,
      "lambda_per_Q": 1.5354601173324507,
      "max_coefficient": 8.218477595458776,
      "trotter_steps_eps3": 962,
      "trotter_steps_eps6": 30401,
      "time_lattice_s": 0.01,
      "time_encode_s": 0.86,
      "time_meas_s": 0.09,
      "time_total_s": 0.96
    },
    {
      "label": "GeoVac H n=4",
      "type": "geovac",
      "Z": 1,
      "n_electrons": 1,
      "max_n": 4,
      "Q": 60,
      "n_pauli_terms": 31035,
      "max_pauli_weight": 54,
      "eri_density": 0.021017283950617284,
      "n_qwc_groups": 10199,
      "groups_per_term": 0.3286289672949895,
      "one_norm": 136.910512590211,
      "lambda_per_Q": 2.2818418765035164,
      "max_coefficient": 25.62386690195051,
      "trotter_steps_eps3": 3062,
      "trotter_steps_eps6": 96811,
      "time_lattice_s": 0.06,
      "time_encode_s": 19.49,
      "time_meas_s": 20.25,
      "time_total_s": 39.84
    },
    {
      "label": "GeoVac H n=5",
      "type": "geovac",
      "Z": 1,
      "n_electrons": 1,
      "max_n": 5,
      "Q": 110,
      "n_pauli_terms": 226462,
      "max_pauli_weight": 104,
      "eri_density": 0.01339853835120552,
      "n_qwc_groups": null,
      "groups_per_term": null,
      "one_norm": 337.90762377821125,
      "lambda_per_Q": 3.0718874888928296,
      "max_coefficient": 60.26119725608779,
      "trotter_steps_eps3": 7556,
      "trotter_steps_eps6": 238937,
      "time_lattice_s": 0.43,
      "time_encode_s": 239.49,
      "time_meas_s": 0.0,
      "time_total_s": 240.33
    },
    {
      "label": "Gauss He STO-3G",
      "type": "gaussian",
      "basis": "He STO-3G (zeta=1.6875, analytical STO integrals)",
      "Q": 2,
      "n_pauli_terms": 4,
      "max_pauli_weight": 2,
      "eri_density": 1.0,
      "n_qwc_groups": 1,
      "groups_per_term": 0.25,
      "one_norm": 3.375,
      "lambda_per_Q": 1.6875,
      "max_coefficient": 1.6875,
      "trotter_steps_eps3": 76,
      "trotter_steps_eps6": 2387,
      "literature_energy": -2.84765625,
      "time_total_s": 0.0
    },
    {
      "label": "Gauss H2 STO-3G",
      "type": "gaussian",
      "basis": "H2 STO-3G at R=1.4 bohr (Szabo & Ostlund)",
      "Q": 4,
      "n_pauli_terms": 15,
      "max_pauli_weight": 4,
      "eri_density": 0.5,
      "n_qwc_groups": 5,
      "groups_per_term": 0.3333333333333333,
      "one_norm": 1.984064285714286,
      "lambda_per_Q": 0.4960160714285715,
      "max_coefficient": 0.22285,
      "trotter_steps_eps3": 45,
      "trotter_steps_eps6": 1403,
      "literature_energy": -1.1373,
      "time_total_s": 0.0
    }
  ],
  "scaling_fits": {
    "geovac_he": {
      "pauli_terms": {
        "exponent": 3.147,
        "prefactor": 0.0809,
        "r_squared": 0.9995
      },
      "qwc_groups": {
        "exponent": 3.355,
        "prefactor": 0.011,
        "r_squared": 1.0
      },
      "one_norm": {
        "exponent": 1.694,
        "prefactor": 0.2462,
        "r_squared": 0.9972
      },
      "trotter_eps3": {
        "exponent": 1.693,
        "prefactor": 5.5228,
        "r_squared": 0.9972
      },
      "trotter_eps6": {
        "exponent": 1.694,
        "prefactor": 174.1023,
        "r_squared": 0.9972
      }
    },
    "geovac_h": {
      "pauli_terms": {
        "exponent": 3.145,
        "prefactor": 0.0813,
        "r_squared": 0.9996
      },
      "qwc_groups": {
        "exponent": 3.355,
        "prefactor": 0.011,
        "r_squared": 1.0
      },
      "one_norm": {
        "exponent": 1.57,
        "prefactor": 0.2182,
        "r_squared": 0.9993
      },
      "trotter_eps3": {
        "exponent": 1.568,
        "prefactor": 4.9205,
        "r_squared": 0.9994
      },
      "trotter_eps6": {
        "exponent": 1.57,
        "prefactor": 154.3275,
        "r_squared": 0.9993
      }
    }
  }
}